isbn;titulo;autor;editorial;categoria;año_publicacion;idioma;formato;paginas;precio_venta_pvp;precio_coste;margen_bruto_pct;disponible_online;disponible_tienda;activo;fecha_alta_catalogo;resena_texto
978-862-188-5114-6;Libro 0001 - Autoayuda;Mark Manson;Ediciones B;Autoayuda;1995;Inglés;Tapa blanda;208;15.81;8.86;43.99;Sí;Sí;Sí;2022-06-09;Un libro provocador que desafía la cultura del positivismo forzado. Manson argumenta que la clave del bienestar no está en evitar los problemas sino en elegir cuáles merecen nuestra energía. Directo, irreverente y sorprendentemente sabio.
978-301-255-8560-2;Libro 0002 - Cómics/Manga;Naoki Urasawa;Siruela;Cómics/Manga;2004;Español;Bolsillo;195;10.17;6.02;40.82;Sí;Sí;Sí;2021-04-04;Urasawa es uno de los mangakas más dotados de su generación. Sus historias combinan suspense psicológico, personajes profundos y un dominio del ritmo narrativo que mantiene al lector en vilo hasta el final.
978-166-573-9497-3;Libro 0003 - Ficción;Donna Tartt;Random House;Ficción;2003;Español;Tapa dura;304;13.23;9.51;28.11;Sí;Sí;Sí;2023-06-10;Tartt escribe con una precisión y una ambición literaria que hacen de cada novela un acontecimiento. Sus obras son crónicas del mundo burgués y sus corrupciones, escritas con una prosa de gran belleza.
978-121-212-1381-2;Libro 0004 - Economía/Negocios;Daron Acemoglu;Ediciones B;Economía/Negocios;2022;Español;Tapa blanda;457;29.1;16.08;44.74;Sí;No;Sí;2019-01-12;Acemoglu explora por qué algunas naciones prosperan y otras fracasan, centrándose en el papel decisivo de las instituciones políticas y económicas. Un análisis brillante con implicaciones para entender el mundo contemporáneo.
978-300-553-5220-8;Libro 0005 - Autoayuda;Robin Sharma;Ariel;Autoayuda;1983;Gallego;Bolsillo;201;15.3;8.74;42.85;Sí;Sí;No;2023-02-21;Sharma explora los hábitos de las personas más exitosas del mundo y los traduce en principios aplicables a cualquier vida. Una guía práctica que combina sabiduría milenaria con estrategias modernas de productividad.
978-182-221-3353-4;Libro 0006 - Cómics/Manga;Frank Miller;Alfaguara;Cómics/Manga;2006;Español;Tapa blanda;340;15.79;10.77;31.81;Sí;Sí;Sí;2023-06-23;Miller reinventó el cómic de superhéroes con una visión oscura y cinematográfica. Sus historias combinan acción visceral con crítica social, creando un estilo que ha influido a generaciones de autores.
978-158-613-5713-0;Libro 0007 - Ciencia y Tecnología;Brian Greene;Ariel;Ciencia y Tecnología;1991;Español;Bolsillo;485;49.92;36.68;26.52;Sí;Sí;Sí;2021-03-01;Greene es uno de los mejores divulgadores de física teórica del mundo. En este libro explora la naturaleza del espacio y el tiempo con una claridad excepcional, sin renunciar a la profundidad científica.
978-822-977-7530-7;Libro 0008 - Autoayuda;Brené Brown;Salamandra;Autoayuda;1982;Inglés;Tapa blanda;196;20.14;11.48;43.02;Sí;Sí;Sí;2020-10-04;La investigadora Brown analiza el papel de la vulnerabilidad en la construcción de conexiones auténticas. Con rigor científico y cercanía personal, demuestra que atreverse a ser imperfecto es la base de una vida plena.
978-387-548-2312-7;Libro 0009 - Ciencia y Tecnología;Neil deGrasse Tyson;Crítica;Ciencia y Tecnología;1995;Español;Tapa blanda;664;47.21;31.04;34.25;Sí;Sí;Sí;2021-09-04;Tyson convierte la astrofísica en una aventura accesible para cualquier lector. Con humor y entusiasmo contagioso, recorre el universo desde el Big Bang hasta los agujeros negros, sin perder nunca la maravilla por el cosmos.
978-758-946-3611-4;Libro 0010 - Idiomas;Norman Whitney;Ediciones B;Idiomas;1998;Inglés;Tapa blanda;420;21.44;13.13;38.75;Sí;Sí;Sí;2021-02-16;Whitney desarrolló materiales de aprendizaje de inglés que combinan comprensión lectora, vocabulario y gramática de forma integrada. Sus libros son herramientas eficaces para el aprendizaje autónomo.
978-386-970-4166-2;Libro 0011 - Arte y Fotografía;Giorgio Vasari;Ediciones B;Arte y Fotografía;2002;Español;Bolsillo;290;69.71;51.24;26.49;Sí;Sí;Sí;2020-12-08;Vasari fue el primer gran historiador del arte y su obra es el punto de partida de toda la historia del arte occidental. Un recorrido fascinante por el Renacimiento italiano que combina biografía, crítica y elogio apasionado.
978-401-788-3742-8;Libro 0012 - Autoayuda;Robin Sharma;Crítica;Autoayuda;1980;Español;Tapa dura;201;12.04;6.92;42.52;Sí;Sí;Sí;2022-07-06;Con su característico estilo inspirador, Sharma propone una filosofía de vida basada en la disciplina, la mentalidad de crecimiento y el servicio a los demás. Ideal para quienes buscan transformar sus rutinas.
978-840-121-2722-4;Libro 0013 - Cómics/Manga;Alan Moore;Alianza Editorial;Cómics/Manga;1998;Español;Tapa blanda;255;15.68;9.41;39.97;Sí;Sí;Sí;2022-12-26;Moore es el maestro del cómic adulto y literario. En esta obra combina dibujo expresivo con una narrativa compleja que aborda temas de poder, identidad y moral. Una lectura que eleva el cómic a la gran literatura.
978-892-276-5338-7;Libro 0014 - Cómics/Manga;Art Spiegelman;Alfaguara;Cómics/Manga;2005;Español;Tapa blanda;125;13.75;9.3;32.33;Sí;Sí;Sí;2022-02-24;Spiegelman utiliza el cómic para narrar el Holocausto a través de la historia de su padre. Una obra desgarradora y necesaria que demostró al mundo que el cómic puede abordar los temas más graves.
978-475-288-8850-9;Libro 0015 - Infantil/Juvenil;Cornelia Funke;Crítica;Infantil/Juvenil;2016;Español;Bolsillo;297;11.6;7.5;35.32;Sí;Sí;Sí;2021-12-07;Funke es una de las grandes narradoras de literatura infantil y juvenil contemporánea. Sus mundos fantásticos están construidos con una atención al detalle y una emoción que atrapan tanto a niños como a adultos.
978-835-104-9732-4;Libro 0016 - Ficción;Gabriel García Márquez;Alianza Editorial;Ficción;2001;Español;Bolsillo;236;11.38;6.92;39.15;Sí;Sí;No;2019-03-16;García Márquez llevó el realismo mágico a su cumbre. Su capacidad para fundir lo cotidiano con lo prodigioso, en una prosa de una musicalidad extraordinaria, lo sitúa entre los grandes de la literatura universal.
978-941-549-1942-6;Libro 0017 - Ficción;Arturo Pérez-Reverte;Paidós;Ficción;1998;Español;Tapa blanda;586;14.11;9.7;31.22;Sí;Sí;Sí;2022-02-20;Pérez-Reverte es el maestro del thriller histórico en lengua española. Sus novelas combinan acción, erudición histórica y personajes con una riqueza moral que los hacen inolvidables.
978-167-861-2860-2;Libro 0018 - Ciencia y Tecnología;Richard Dawkins;Alfaguara;Ciencia y Tecnología;2021;Español;Tapa dura;481;47.59;34.62;27.26;Sí;Sí;Sí;2023-11-19;Dawkins expone con brillantez los fundamentos de la evolución y la selección natural, desmontando mitos con argumentos rigurosos. Una obra esencial para entender la biología moderna y nuestra propia naturaleza.
978-875-154-6609-6;Libro 0019 - Ciencia y Tecnología;Richard Dawkins;Salamandra;Ciencia y Tecnología;1990;Español;Tapa blanda;612;42.29;27.54;34.89;Sí;Sí;Sí;2019-01-26;Con su característica claridad divulgativa, Dawkins explora los mecanismos de la herencia y la evolución. Un libro que cambia la forma de ver el mundo natural y el lugar del ser humano en él.
978-538-850-2313-2;Libro 0020 - Ciencia y Tecnología;Richard Dawkins;Paidós;Ciencia y Tecnología;1995;Español;Tapa dura;349;34.44;22.78;33.87;Sí;No;Sí;2020-09-07;Dawkins combina rigor científico con una prosa accesible para explicar conceptos complejos de biología evolutiva. Imprescindible para entender por qué somos como somos y cómo funciona la vida en su nivel más fundamental.
978-381-226-9068-6;Libro 0021 - Infantil/Juvenil;J.K. Rowling;Planeta;Infantil/Juvenil;2015;Español;Tapa blanda;206;9.33;6.33;32.18;Sí;Sí;Sí;2023-07-08;Rowling creó un universo mágico que ha cautivado a generaciones de lectores. La riqueza de su mundo, la profundidad de sus personajes y la emoción de sus tramas hacen de esta saga una de las grandes obras juveniles.
978-794-790-1303-4;Libro 0022 - Ficción;Elena Ferrante;Destino;Ficción;2015;Español;Tapa blanda;316;14.52;9.9;31.79;Sí;Sí;Sí;2019-04-22;Ferrante explora con una honestidad brutal la amistad femenina y las contradicciones de la vida moderna. Su prosa, despojada y directa, crea una intimidad con el lector que pocas novelas contemporáneas logran.
978-88-679-1470-3;Libro 0023 - Ciencia y Tecnología;Richard Dawkins;Crítica;Ciencia y Tecnología;1986;Español;Tapa dura;590;29.98;21.47;28.38;Sí;Sí;Sí;2023-04-15;Este texto es una defensa apasionada del pensamiento científico frente al dogma. Dawkins repasa décadas de descubrimientos en biología con el entusiasmo de quien ve en la ciencia la forma más hermosa de entender el mundo.
978-540-175-3713-9;Libro 0024 - Autoayuda;Brené Brown;Siruela;Autoayuda;2012;Español;Tapa blanda;159;13.49;6.88;48.99;Sí;No;Sí;2020-04-21;Brown transforma años de investigación sobre la vergüenza y la empatía en un libro accesible y transformador. Una invitación a abrazar la vulnerabilidad como fortaleza y no como debilidad.
978-290-919-3843-2;Libro 0025 - Cómics/Manga;Osamu Tezuka;Espasa;Cómics/Manga;2007;Español;Tapa dura;125;12.85;7.89;38.59;Sí;Sí;Sí;2023-06-28;Tezuka es el padre del manga moderno y su obra es testimonio de una imaginación sin límites. Combina aventura, ciencia ficción y reflexión humanista con un estilo visual que sigue siendo referencia décadas después.
978-621-332-7897-6;Libro 0026 - Idiomas;Raymond Murphy;Tusquets;Idiomas;1995;Español;Tapa blanda;239;42.76;26.42;38.21;Sí;Sí;Sí;2022-07-09;Murphy creó el manual de gramática inglesa más utilizado en el mundo. Su enfoque claro y sistemático, con ejercicios progresivos, lo hace indispensable para estudiantes de todos los niveles.
978-762-399-4032-4;Libro 0027 - Ficción;Isabel Allende;Planeta;Ficción;1992;Español;Tapa blanda;361;21.32;14.05;34.11;Sí;Sí;Sí;2021-03-08;Allende es una de las grandes voces de la narrativa latinoamericana. Sus novelas mezclan realismo mágico, historia y una mirada profundamente femenina para crear retratos de familias, mujeres y continentes enteros.
978-111-463-4794-2;Libro 0028 - Infantil/Juvenil;Laura Gallego;Anagrama;Infantil/Juvenil;2008;Español;Tapa blanda;161;14.97;8.91;40.49;Sí;Sí;Sí;2019-11-11;Gallego es la autora de fantasía juvenil más querida en lengua española. Sus mundos están construidos con una coherencia interna impresionante y sus personajes tienen una profundidad emocional poco común en el género.
978-346-878-2154-0;Libro 0029 - No Ficción;Michael Lewis;Anagrama;No Ficción;2001;Inglés;Tapa dura;293;14.26;9.61;32.64;Sí;Sí;Sí;2021-05-17;Lewis es el narrador del capitalismo moderno por excelencia. Con un estilo ágil y personajes memorables, explica los mecanismos más complejos de las finanzas con una claridad que ningún manual académico logra.
978-813-453-2911-4;Libro 0030 - Idiomas;Michael Swan;Anagrama;Idiomas;1996;Español;Tapa blanda;530;41.65;26.15;37.21;Sí;Sí;Sí;2022-06-26;Swan ofrece explicaciones gramaticales con una precisión y accesibilidad únicas. Su obra es referencia obligada en la enseñanza del inglés a hispanohablantes.
978-700-861-5291-1;Libro 0031 - Cómics/Manga;Osamu Tezuka;Anagrama;Cómics/Manga;2013;Catalán;Tapa blanda;213;10.43;6.75;35.31;Sí;Sí;Sí;2021-06-23;El dios del manga japonés construyó mundos de una riqueza inaudita. Sus historias, aparentemente sencillas en su trazo, esconden una profundidad filosófica y emocional que las hace atemporales.
978-794-647-2734-4;Libro 0032 - Autoayuda;Robin Sharma;Paidós;Autoayuda;1995;Español;Tapa dura;280;19.94;10.7;46.32;Sí;Sí;Sí;2022-05-04;Sharma defiende que la grandeza personal no es un privilegio de pocos sino el resultado de pequeñas decisiones diarias. Un libro que motiva a tomar el control de la vida con herramientas concretas y reflexiones profundas.
978-503-296-7936-9;Libro 0033 - No Ficción;Yuval Noah Harari;Planeta;No Ficción;2020;Español;Tapa blanda;222;22.36;15.49;30.71;Sí;Sí;Sí;2019-01-27;Harari ofrece una revisión audaz de la historia de la humanidad, desde la prehistoria hasta la globalización. Con análisis provocadores y una narrativa ágil, desafía los grandes relatos que damos por sentados sobre el progreso.
978-791-393-3903-6;Libro 0034 - Autoayuda;Dale Carnegie;Salamandra;Autoayuda;1988;Español;Ebook;196;12.18;5.79;48.18;Sí;No;Sí;2021-03-01;Un clásico atemporal sobre las relaciones humanas. Carnegie ofrece principios sencillos pero poderosos para ganarse la confianza de los demás, influir positivamente y comunicarse con eficacia en cualquier contexto.
978-246-871-5491-1;Libro 0035 - No Ficción;Yuval Noah Harari;Espasa;No Ficción;1996;Español;Bolsillo;335;14.93;8.33;44.23;Sí;Sí;Sí;2022-05-09;En este ensayo ambicioso, Harari examina cómo los mitos colectivos han permitido la cooperación a gran escala que hace posible la civilización. Una perspectiva que invita a replantear qué significa ser humano.
978-342-612-5144-2;Libro 0036 - Economía/Negocios;Daron Acemoglu;Salamandra;Economía/Negocios;1999;Español;Tapa dura;456;20.79;11.44;44.95;Sí;Sí;Sí;2020-12-28;Con rigor académico y accesibilidad, Acemoglu demuestra que la riqueza de las naciones no depende de la geografía ni la cultura, sino de las instituciones que favorecen o limitan la participación y el emprendimiento.
978-84-445-7546-9;Libro 0037 - Cómics/Manga;Alan Moore;Planeta;Cómics/Manga;1989;Español;Tapa dura;211;13.16;8.85;32.72;Sí;No;Sí;2019-06-30;Con su característica profundidad narrativa, Moore construye mundos oscuros y personajes llenos de contradicciones. Un cómic que trasciende el género y se instala en el territorio de la gran ficción contemporánea.
978-401-277-4112-1;Libro 0038 - Ciencia y Tecnología;Brian Greene;Anagrama;Ciencia y Tecnología;1996;Español;Bolsillo;674;31.86;23.42;26.49;Sí;Sí;Sí;2019-03-29;Con elegancia literaria y rigor científico, Greene explora las teorías más avanzadas de la física moderna. Un viaje intelectual fascinante por la mecánica cuántica, la relatividad y las dimensiones ocultas del universo.
978-307-456-3141-0;Libro 0039 - Economía/Negocios;Ha-Joon Chang;Espasa;Economía/Negocios;2019;Español;Tapa blanda;477;30.27;20.05;33.75;Sí;Sí;Sí;2022-07-10;Chang desmonta los mitos del libre mercado con datos históricos y una claridad envidiable. Argumenta que las economías exitosas siempre han combinado mercado y Estado, desafiando el dogma neoliberal dominante.
978-654-280-9485-8;Libro 0040 - Idiomas;Alan Grieve;Planeta;Idiomas;2018;Español;Tapa blanda;283;34.33;21.76;36.62;Sí;Sí;No;2021-12-29;Grieve diseñó recursos pedagógicos para el aprendizaje de idiomas que destacan por su practicidad y su atención a los contextos reales de uso.
978-650-436-2646-8;Libro 0041 - Arte y Fotografía;Giorgio Vasari;Planeta;Arte y Fotografía;2003;Inglés;Tapa blanda;333;72.89;51.57;29.25;Sí;Sí;No;2022-07-11;Con el entusiasmo del contemporáneo y la perspectiva del crítico, Vasari retrató a los grandes maestros del Renacimiento. Una obra que es a la vez documento histórico y declaración de amor al arte.
978-740-952-7182-4;Libro 0042 - No Ficción;Malcolm Gladwell;Crítica;No Ficción;2003;Español;Tapa dura;374;19.7;12.52;36.43;Sí;No;Sí;2019-01-10;Gladwell explora fenómenos sociales aparentemente inexplicables con una mezcla irresistible de periodismo, psicología y sociología. Sus historias hacen accesible la complejidad de los comportamientos humanos.
978-764-396-5524-6;Libro 0043 - Arte y Fotografía;John Berger;Alfaguara;Arte y Fotografía;1987;Inglés;Tapa dura;271;46.35;32.58;29.71;Sí;Sí;Sí;2023-05-24;Berger revolucionó la crítica de arte con su capacidad para conectar las obras del pasado con las relaciones de poder del presente. Un texto que cambia para siempre la manera de mirar una imagen.
978-620-665-3102-4;Libro 0044 - Ficción;Isabel Allende;Destino;Ficción;1995;Euskera;Tapa blanda;272;16.58;10.7;35.49;Sí;Sí;Sí;2020-04-12;Con una prosa rica y sensorial, Allende construye sagas familiares que son también crónicas de la historia latinoamericana. Sus personajes femeninos tienen una fuerza y complejidad que pocas autoras han logrado.
978-603-138-3078-7;Libro 0045 - Economía/Negocios;Adam Smith;Crítica;Economía/Negocios;1995;Español;Ebook;354;18.2;10.43;37.5;Sí;No;Sí;2019-09-22;La obra fundacional de la economía moderna. Smith analiza los mecanismos del mercado libre, la división del trabajo y la acumulación de riqueza con una visión que, siglos después, sigue siendo fuente de debate.
978-932-321-1255-7;Libro 0046 - Arte y Fotografía;John Berger;Ediciones B;Arte y Fotografía;1984;Español;Tapa blanda;130;64.46;45.79;28.96;Sí;Sí;Sí;2019-04-02;Con una prosa elegante y una mirada política aguda, Berger analiza cómo la historia del arte ha construido y reproducido ideologías. Imprescindible para cualquier persona interesada en el arte o la cultura visual.
978-911-662-8498-4;Libro 0047 - Cómics/Manga;Naoki Urasawa;Planeta;Cómics/Manga;1991;Gallego;Tapa blanda;210;10.2;5.93;41.82;Sí;Sí;Sí;2022-11-07;Con un dominio del cliffhanger y la construcción de personajes que pocos autores igualan, Urasawa crea universos complejos donde la tensión no descansa. Una lectura absorbente que redefine los estándares del manga.
978-223-391-6711-2;Libro 0048 - Ciencia y Tecnología;Stephen Hawking;Paidós;Ciencia y Tecnología;2011;Español;Ebook;688;24.48;14.36;36.03;Sí;No;Sí;2021-02-02;El libro más accesible de Hawking sobre la naturaleza del tiempo y el universo. Con analogías brillantes, explica la relatividad y la mecánica cuántica sin formación científica previa. Una obra que acercó la física teórica a millones.
978-608-360-8841-1;Libro 0049 - Idiomas;Norman Whitney;Espasa;Idiomas;1996;Español;Tapa blanda;546;40.72;26.06;36.0;Sí;Sí;Sí;2022-02-14;Con un diseño pedagógico cuidado y textos adaptados a cada nivel, Whitney ofrece recursos de aprendizaje del inglés que funcionan tanto en el aula como en el estudio independiente.
978-774-998-1291-2;Libro 0050 - Infantil/Juvenil;Laura Gallego;Ariel;Infantil/Juvenil;1994;Español;Tapa blanda;188;15.7;10.6;32.49;Sí;Sí;Sí;2020-06-27;Con una narrativa ágil y personajes complejos, Gallego lleva a sus lectores a mundos de fantasía elaborados con esmero. Una autora que ha formado a toda una generación de lectores en castellano.
978-368-853-8886-5;Libro 0051 - Arte y Fotografía;John Berger;Siruela;Arte y Fotografía;2009;Español;Tapa dura;260;64.78;50.48;22.08;Sí;Sí;Sí;2022-04-18;Berger combina el rigor del crítico con la sensibilidad del artista para explorar el significado de las imágenes en la cultura occidental. Una obra que enriquece profundamente la experiencia estética.
978-490-438-7939-8;Libro 0052 - Infantil/Juvenil;Jeff Kinney;Siruela;Infantil/Juvenil;1987;Español;Bolsillo;316;15.96;9.66;39.47;Sí;Sí;Sí;2023-06-16;Kinney creó uno de los personajes más queridos de la literatura juvenil actual. El humor cotidiano, los malentendidos generacionales y la búsqueda de identidad hacen de esta serie una lectura adictiva.
978-166-288-1975-0;Libro 0053 - Autoayuda;Dale Carnegie;Ediciones B;Autoayuda;1994;Español;Tapa blanda;254;13.57;8.32;38.67;Sí;Sí;Sí;2019-01-15;Este manual de habilidades sociales ha transformado la vida de millones de lectores desde su publicación. Carnegie enseña con anécdotas memorables cómo tratar a las personas con respeto y construir relaciones duraderas.
978-528-426-5538-2;Libro 0054 - Infantil/Juvenil;Laura Gallego;Crítica;Infantil/Juvenil;2018;Español;Bolsillo;279;14.52;7.57;47.88;Sí;Sí;Sí;2021-06-28;Gallego escribe fantasía que crece con sus lectores. Sus historias, llenas de magia, aventura y emoción genuina, tienen una sustancia narrativa que pocas obras del género juvenil pueden igualar.
978-391-648-8318-9;Libro 0055 - Economía/Negocios;Daron Acemoglu;Paidós;Economía/Negocios;2018;Español;Tapa dura;449;20.03;11.96;40.3;Sí;Sí;Sí;2019-09-06;Una obra de referencia en economía política que conecta historia, instituciones y desarrollo. Acemoglu argumenta con evidencia global que la inclusión económica es la clave del crecimiento sostenible.
978-830-300-3070-1;Libro 0056 - Arte y Fotografía;Simon Schama;Penguin Clásicos;Arte y Fotografía;2000;Euskera;Tapa blanda;347;51.02;37.27;26.95;No;Sí;Sí;2019-10-02;Schama escribe historia del arte con la pasión de un novelista y la precisión de un académico. Sus análisis de obras concretas revelan capas de significado que escapan a miradas menos atentas.
978-869-305-1638-3;Libro 0057 - Ciencia y Tecnología;Richard Dawkins;Alianza Editorial;Ciencia y Tecnología;1983;Español;Tapa blanda;477;47.46;34.03;28.3;Sí;Sí;Sí;2020-12-22;Una obra que desafía al lector a revisar sus certezas sobre la vida y el cosmos. Dawkins argumenta con pasión y evidencia empírica que la explicación científica de la existencia es más asombrosa que cualquier mito.
978-745-562-2715-2;Libro 0058 - Arte y Fotografía;E.H. Gombrich;Ariel;Arte y Fotografía;1998;Español;Tapa blanda;182;44.3;29.37;33.7;Sí;Sí;Sí;2023-09-12;La historia del arte más vendida de todos los tiempos. Gombrich lleva al lector por cuatro mil años de creación artística con una claridad, pasión y erudición que no tienen precedente en la literatura divulgativa.
978-392-906-8865-7;Libro 0059 - Arte y Fotografía;E.H. Gombrich;Random House;Arte y Fotografía;2001;Español;Bolsillo;240;43.99;30.27;31.2;Sí;Sí;Sí;2019-02-27;Gombrich tiene el don de hacer accesible lo complejo sin perder rigor. Su recorrido por la historia del arte occidental es a la vez una introducción y una obra de referencia para cualquier nivel.
978-465-467-6986-9;Libro 0060 - Autoayuda;James Clear;Ediciones B;Autoayuda;1980;Español;Tapa blanda;326;19.12;9.78;48.85;Sí;Sí;Sí;2020-06-27;Clear presenta un sistema revolucionario para crear buenos hábitos y eliminar los malos. Basado en la psicología del comportamiento, demuestra cómo pequeñas mejoras diarias generan transformaciones extraordinarias a largo plazo.
978-164-189-8893-1;Libro 0061 - Autoayuda;Dale Carnegie;Ediciones B;Autoayuda;1999;Español;Tapa dura;320;13.67;7.19;47.42;Sí;Sí;Sí;2020-05-17;Carnegie explora el arte de la persuasión y la comunicación con ejemplos históricos y cotidianos. Un libro que sigue siendo tan relevante hoy como cuando se escribió, aplicable tanto en el trabajo como en la vida personal.
978-946-766-1118-5;Libro 0062 - Ficción;Ken Follett;Tusquets;Ficción;2005;Español;Tapa blanda;487;20.05;12.88;35.75;Sí;Sí;Sí;2022-04-01;Follett es el gran artesano de la novela histórica popular. Sus tramas, llenas de personajes que abarcan generaciones, combinan la precisión histórica con una habilidad narrativa envolvente.
978-232-161-3242-4;Libro 0063 - Ficción;Ken Follett;Alianza Editorial;Ficción;2002;Español;Tapa dura;356;17.88;12.49;30.17;Sí;No;Sí;2019-08-20;Con una capacidad envidiable para dar vida a épocas pasadas, Follett construye sagas épicas que son también retratos vívidos de la condición humana a través de los siglos.
978-786-297-6189-7;Libro 0064 - Cómics/Manga;Osamu Tezuka;Siruela;Cómics/Manga;2020;Español;Tapa dura;100;8.84;5.59;36.72;Sí;Sí;Sí;2021-05-26;Tezuka revolucionó el lenguaje del cómic japonés combinando influencias del cine occidental con la sensibilidad estética del Japón de posguerra. Cada página es un testimonio de su genio creativo.
978-854-388-9496-0;Libro 0065 - Idiomas;Michael Swan;Ariel;Idiomas;2008;Español;Tapa blanda;300;30.25;20.27;33.0;Sí;Sí;Sí;2023-01-09;Con una organización impecable y ejemplos tomados del inglés cotidiano, Swan construyó una obra de referencia que ha ayudado a millones de estudiantes a dominar los matices del idioma.
978-156-189-3783-0;Libro 0066 - Ficción;Arturo Pérez-Reverte;Anagrama;Ficción;2007;Español;Tapa blanda;339;12.1;7.04;41.85;Sí;Sí;Sí;2023-06-21;Con un estilo cinematográfico y una documentación impecable, Pérez-Reverte construye aventuras que son también reflexiones sobre el honor, la traición y la condición humana.
978-522-284-8686-3;Libro 0067 - Arte y Fotografía;Simon Schama;Siruela;Arte y Fotografía;2018;Español;Tapa blanda;218;64.62;48.94;24.26;Sí;Sí;Sí;2019-03-29;Una exploración profunda del arte como expresión de la condición humana. Schama conecta obras de distintas épocas con los contextos que las hicieron posibles, creando una narrativa cultural apasionante.
978-751-341-8654-1;Libro 0068 - Ciencia y Tecnología;Carl Sagan;Ariel;Ciencia y Tecnología;2000;Español;Ebook;582;26.5;18.08;25.58;Sí;No;Sí;2020-03-08;Sagan es el maestro indiscutible de la divulgación científica. Este libro es un canto a la razón, a la belleza del cosmos y a la fragilidad de nuestro planeta. Una lectura que transforma la perspectiva para siempre.
978-217-275-7981-1;Libro 0069 - No Ficción;Rutger Bregman;Anagrama;No Ficción;1991;Español;Tapa blanda;241;14.4;9.04;37.21;Sí;Sí;No;2022-06-17;Bregman propone una revisión radical de la naturaleza humana, argumentando que las personas son fundamentalmente buenas. Con casos históricos y estudios empíricos, desafía el cinismo que domina el debate político actual.
978-615-551-3128-8;Libro 0070 - Economía/Negocios;Daron Acemoglu;Penguin Clásicos;Economía/Negocios;2016;Español;Tapa blanda;338;30.92;19.54;36.81;Sí;Sí;Sí;2022-05-29;Acemoglu es uno de los economistas más influyentes de su generación. Su análisis institucional del desarrollo económico ha cambiado la forma en que pensamos sobre la riqueza y la pobreza de las naciones.
978-325-995-9652-2;Libro 0071 - No Ficción;Michael Lewis;Paidós;No Ficción;1990;Inglés;Tapa dura;215;24.55;16.93;31.03;No;Sí;Sí;2023-12-04;Una crónica apasionante sobre los excesos y contradicciones del mundo financiero. Lewis construye una historia de ambición, riesgo y consecuencias que va mucho más allá del dinero.
978-342-469-3173-2;Libro 0072 - Cómics/Manga;Osamu Tezuka;Siruela;Cómics/Manga;2012;Español;Ebook;292;5.11;2.94;37.2;Sí;No;Sí;2019-12-11;La obra de Tezuka es un universo en expansión: miles de páginas donde conviven robots con emociones, dioses con dudas y humanos en busca de su lugar en el cosmos.
978-311-725-9308-9;Libro 0073 - Arte y Fotografía;E.H. Gombrich;Espasa;Arte y Fotografía;1997;Español;Tapa blanda;291;45.51;34.06;25.15;Sí;Sí;Sí;2023-11-04;Con una mirada siempre fresca y un dominio enciclopédico, Gombrich explica no solo qué se hizo en el arte sino por qué se hizo así. Un libro que transforma la experiencia de visitar cualquier museo.
978-371-118-6972-0;Libro 0074 - Infantil/Juvenil;Rick Riordan;Paidós;Infantil/Juvenil;2013;Español;Tapa dura;74;10.15;5.89;41.96;Sí;No;Sí;2021-11-16;Una historia emocionante que combina aventura, amistad y una mirada honesta sobre el crecimiento. Sus personajes son creíbles y sus dilemas, universales.
978-897-624-2686-7;Libro 0075 - Cómics/Manga;Alan Moore;Alianza Editorial;Cómics/Manga;1989;Español;Tapa blanda;149;14.06;8.94;36.45;Sí;Sí;Sí;2023-12-02;Moore lleva el cómic a territorios narrativos que pocas novelas gráficas han explorado. Una obra densa, bella y perturbadora que combina mitología, política y psicología de manera magistral.
978-676-981-7040-3;Libro 0076 - Idiomas;Alan Grieve;Siruela;Idiomas;1985;Español;Tapa dura;513;38.03;22.84;39.93;No;Sí;Sí;2023-03-10;Con un enfoque comunicativo y materiales actualizados, Grieve ofrece herramientas efectivas para el aprendizaje progresivo del inglés, prestando especial atención al vocabulario en contexto.
978-572-908-1727-4;Libro 0077 - Ciencia y Tecnología;Richard Dawkins;Destino;Ciencia y Tecnología;1994;Inglés;Tapa dura;406;45.31;28.7;36.66;Sí;Sí;No;2020-02-27;El gen egoísta o la metáfora del relojero ciego son imágenes que Dawkins acuñó para hacer comprensible la selección natural. Un pensador que ha moldeado la divulgación científica del siglo XX.
978-722-250-4429-9;Libro 0078 - Cómics/Manga;Osamu Tezuka;Crítica;Cómics/Manga;2007;Español;Bolsillo;236;8.87;5.8;34.58;Sí;No;Sí;2021-09-26;Tezuka abordó en sus obras temas como la guerra, la medicina, la ecología y la espiritualidad con igual profundidad y humanidad. Un autor que no tenía equivalente en ningún medio de su época.
978-336-624-5789-7;Libro 0079 - Infantil/Juvenil;Roald Dahl;Ariel;Infantil/Juvenil;1984;Español;Tapa blanda;99;10.32;6.18;40.07;Sí;Sí;Sí;2020-10-29;Dahl es el maestro de la literatura infantil con mordiente. Sus historias mezclan humor absurdo, justicia poética y una ligera perversidad que encanta a los niños y divierte a los adultos que los acompañan.
978-577-358-7123-6;Libro 0080 - Infantil/Juvenil;Jeff Kinney;Anagrama;Infantil/Juvenil;2006;Español;Tapa dura;132;12.49;7.01;43.89;Sí;Sí;Sí;2021-06-24;Con su formato de diario ilustrado, Kinney captura con precisión y gracia la experiencia de crecer. Sus libros son perfectos para los lectores reacios y para cualquiera que recuerde con nostalgia la adolescencia.
978-725-520-8862-0;Libro 0081 - Autoayuda;Brené Brown;Tusquets;Autoayuda;2008;Español;Tapa dura;173;17.31;9.5;45.12;Sí;Sí;Sí;2020-10-03;Con historias reales y datos de su investigación, Brown explora cómo la vergüenza nos paraliza y cómo la empatía nos libera. Un libro valiente para quienes quieren relacionarse de forma más auténtica.
978-149-698-8852-0;Libro 0082 - Autoayuda;Brené Brown;Destino;Autoayuda;2002;Español;Bolsillo;318;18.5;9.51;48.6;Sí;Sí;No;2020-10-07;Brown desmonta el mito de que la fortaleza equivale a la impenetrabilidad emocional. Su propuesta de vivir con el corazón abierto, aceptando la incertidumbre, resulta profundamente liberadora.
978-386-570-7051-9;Libro 0083 - Idiomas;Norman Whitney;Crítica;Idiomas;1995;Inglés;Tapa dura;262;26.67;18.34;31.23;Sí;No;Sí;2022-04-07;Los materiales de Whitney tienen la virtud de presentar el idioma en contextos reales y motivadores. Un recurso que acompaña al estudiante con solidez desde los niveles básicos hasta los intermedios.
978-923-396-8588-0;Libro 0084 - Idiomas;Raymond Murphy;Random House;Idiomas;2000;Español;Tapa dura;580;19.19;11.73;38.89;Sí;Sí;Sí;2020-01-31;La claridad expositiva de Murphy y la organización lógica de sus contenidos hacen de este libro el punto de referencia para el aprendizaje de la gramática inglesa. Décadas de uso avalan su efectividad.
978-290-712-2430-7;Libro 0085 - Historia;Jared Diamond;Alfaguara;Historia;2005;Español;Tapa blanda;552;24.29;15.55;35.97;Sí;Sí;Sí;2019-08-14;Una reconstrucción histórica de gran rigor que no sacrifica la accesibilidad. El autor da vida a épocas pasadas con una prosa vívida y un análisis profundo de las fuerzas que las modelaron.
978-625-258-7429-3;Libro 0086 - Economía/Negocios;Thomas Piketty;Salamandra;Economía/Negocios;1983;Catalán;Ebook;274;22.79;12.74;39.0;Sí;No;Sí;2019-10-20;Un análisis perspicaz de los mecanismos económicos que rigen el mundo contemporáneo. El autor combina rigor académico con ejemplos concretos para explicar fenómenos que afectan a nuestra vida cotidiana.
978-664-980-6087-1;Libro 0087 - Ficción;Stephen King;Random House;Ficción;2004;Inglés;Tapa dura;301;13.09;8.79;32.86;Sí;Sí;Sí;2023-07-21;King es el maestro del horror contemporáneo, pero sus mejores novelas van mucho más allá del miedo. Sus historias exploran la oscuridad humana, la pérdida y la redención con una potencia narrativa arrolladora.
978-92-450-9542-6;Libro 0088 - Infantil/Juvenil;Rick Riordan;Espasa;Infantil/Juvenil;2007;Español;Tapa dura;127;11.19;7.61;32.0;Sí;No;Sí;2019-12-03;Un libro que respeta la inteligencia del lector joven. Con una narrativa ágil y personajes que evolucionan con autenticidad, el autor construye una historia que perdura.
978-444-510-1600-5;Libro 0089 - Cómics/Manga;Art Spiegelman;Crítica;Cómics/Manga;1982;Español;Tapa dura;307;17.01;10.35;39.15;Sí;Sí;Sí;2021-12-25;Con un trazo aparentemente simple pero lleno de significado, Spiegelman creó uno de los documentos más poderosos sobre la memoria, la identidad y el trauma intergeneracional.
978-184-994-8575-3;Libro 0090 - No Ficción;Daniel Kahneman;Espasa;No Ficción;1999;Español;Tapa dura;234;21.37;13.56;36.56;Sí;Sí;Sí;2020-06-14;Kahneman, Premio Nobel de Economía, expone con claridad los dos sistemas que rigen nuestra mente: el rápido e intuitivo y el lento y reflexivo. Un libro fundamental para entender por qué tomamos malas decisiones.
978-275-452-9884-9;Libro 0091 - Autoayuda;James Clear;Crítica;Autoayuda;2011;Gallego;Bolsillo;300;12.71;6.59;48.19;Sí;Sí;Sí;2019-03-23;Un manual práctico que combina neurociencia y psicología conductual. Clear argumenta que el uno por ciento de mejora diaria, sostenida en el tiempo, produce resultados que ningún gran esfuerzo puntual puede igualar.
978-687-752-7285-7;Libro 0092 - No Ficción;Daniel Kahneman;Tusquets;No Ficción;2013;Español;Tapa blanda;409;24.51;15.89;35.17;Sí;Sí;Sí;2019-01-02;Una obra revolucionaria que combina décadas de investigación en psicología y economía conductual. Kahneman demuestra que somos mucho menos racionales de lo que creemos y mucho más predecibles de lo que nos gustaría.
978-395-842-2484-2;Libro 0093 - Cómics/Manga;Naoki Urasawa;Planeta;Cómics/Manga;1995;Español;Tapa blanda;326;8.48;5.53;34.73;Sí;Sí;Sí;2020-01-07;Urasawa teje tramas que mezclan thriller, drama y filosofía con una habilidad narrativa excepcional. Sus obras exigen atención y recompensan al lector con una experiencia que trasciende el entretenimiento.
978-131-843-1052-5;Libro 0094 - Ciencia y Tecnología;Stephen Hawking;Destino;Ciencia y Tecnología;1983;Español;Tapa dura;407;45.52;28.5;37.39;Sí;Sí;Sí;2020-05-22;Hawking resume décadas de investigación cosmológica en un texto sorprendentemente ameno. Desde los agujeros negros hasta el origen del universo, transforma conceptos abstractos en imágenes comprensibles e impactantes.
978-139-101-2344-1;Libro 0095 - Cómics/Manga;Naoki Urasawa;Ediciones B;Cómics/Manga;1986;Español;Tapa blanda;327;10.74;6.66;38.01;Sí;Sí;Sí;2022-03-03;Cada personaje de Urasawa tiene una historia que importa. Su capacidad para manejar narrativas coral de gran complejidad sin perder nunca al lector es la marca de un genio del cómic.
978-678-517-3051-4;Libro 0096 - No Ficción;Michael Lewis;Tusquets;No Ficción;2002;Español;Tapa dura;307;23.86;14.14;40.72;Sí;Sí;Sí;2023-10-13;Lewis combina el rigor del periodismo de investigación con el ritmo de una novela. Sus libros sobre finanzas son imprescindibles no solo para entender los mercados, sino la naturaleza humana en entornos de presión extrema.
978-648-242-7111-3;Libro 0097 - Cómics/Manga;Naoki Urasawa;Espasa;Cómics/Manga;2024;Español;Bolsillo;224;14.09;9.49;32.64;Sí;Sí;Sí;2020-09-07;Urasawa escribe thrillers de la mente con el lenguaje del manga. Sus historias plantean dilemas éticos y filosóficos envueltos en una acción que no da respiro.
978-135-402-8014-9;Libro 0098 - Historia;Ian Kershaw;Paidós;Historia;1986;Español;Tapa blanda;397;20.45;13.98;31.64;Sí;Sí;Sí;2021-08-03;Kershaw es el biógrafo de referencia del nazismo. Sus análisis del ascenso y caída del Tercer Reich combinan una erudición impresionante con una narrativa que mantiene la tensión de una novela.
978-640-801-4564-0;Libro 0099 - Cómics/Manga;Alan Moore;Planeta;Cómics/Manga;2011;Español;Tapa dura;243;12.61;8.75;30.64;Sí;Sí;Sí;2022-12-09;Una obra que redefine los límites del noveno arte. Moore demuestra que el cómic puede ser tan ambicioso y complejo como cualquier otra forma literaria.
978-260-308-4149-0;Libro 0100 - Arte y Fotografía;John Berger;Penguin Clásicos;Arte y Fotografía;1987;Español;Tapa dura;144;55.33;40.33;27.11;Sí;Sí;Sí;2020-08-29;Una de las voces más originales de la crítica cultural del siglo XX. Berger revela las dimensiones políticas y económicas que subyacen en la producción artística con una lucidez que sigue siendo vigente.
978-355-217-2061-3;Libro 0101 - Infantil/Juvenil;Laura Gallego;Siruela;Infantil/Juvenil;2003;Inglés;Tapa blanda;73;16.27;9.07;44.24;Sí;Sí;Sí;2020-10-25;Gallego es la autora de fantasía juvenil más querida en lengua española. Sus mundos están construidos con una coherencia interna impresionante y sus personajes tienen una profundidad emocional poco común en el género.
978-743-196-6499-9;Libro 0102 - Historia;Antony Beevor;Random House;Historia;2016;Español;Tapa blanda;294;20.91;12.46;40.39;Sí;Sí;Sí;2021-06-06;Una reconstrucción histórica de gran rigor que no sacrifica la accesibilidad. El autor da vida a épocas pasadas con una prosa vívida y un análisis profundo de las fuerzas que las modelaron.
978-412-561-8152-3;Libro 0103 - Economía/Negocios;Tim Harford;Random House;Economía/Negocios;2010;Español;Tapa blanda;446;23.66;15.14;35.99;Sí;Sí;Sí;2023-10-17;Harford explica fenómenos económicos cotidianos con una curiosidad contagiosa. Sus análisis sobre precios, mercados y comportamiento humano hacen de la economía una ciencia apasionante y relevante para todos.
978-98-710-6065-0;Libro 0104 - Historia;Antony Beevor;Anagrama;Historia;2004;Español;Tapa blanda;525;17.05;10.13;40.58;Sí;Sí;Sí;2022-09-09;El autor combina la precisión del académico con el pulso narrativo del novelista para ofrecer una visión fresca y documentada de un período crucial. Una obra que ilumina el presente a través del pasado.
978-547-318-3153-0;Libro 0105 - Autoayuda;Robin Sharma;Planeta;Autoayuda;1987;Español;Tapa blanda;262;13.23;7.34;44.49;Sí;Sí;No;2022-03-21;Una obra que mezcla narración motivadora con consejos prácticos. Sharma argumenta que cultivar la mente, el cuerpo y el carácter son los pilares del éxito sostenible. Lectura recomendada para líderes en formación.
978-761-623-5555-9;Libro 0106 - No Ficción;Malcolm Gladwell;Penguin Clásicos;No Ficción;2021;Español;Tapa blanda;295;17.87;10.65;40.38;Sí;Sí;Sí;2022-07-27;Con su característico talento narrativo, Gladwell revela los patrones ocultos que determinan el éxito, el cambio y la toma de decisiones. Un libro que te hará cuestionar lo que crees saber sobre cómo funciona el mundo.
978-643-285-8478-1;Libro 0107 - Cómics/Manga;Alan Moore;Planeta;Cómics/Manga;2017;Español;Bolsillo;221;14.9;10.42;30.09;Sí;No;Sí;2023-05-20;Moore construye guiones con la densidad de las mejores novelas. Su dominio del simbolismo, la intertextualidad y la psicología de los personajes es sin igual en el medio.
978-256-409-5068-9;Libro 0108 - Economía/Negocios;Daron Acemoglu;Paidós;Economía/Negocios;2000;Español;Tapa blanda;378;24.62;13.6;44.77;Sí;Sí;Sí;2019-08-24;Acemoglu explora por qué algunas naciones prosperan y otras fracasan, centrándose en el papel decisivo de las instituciones políticas y económicas. Un análisis brillante con implicaciones para entender el mundo contemporáneo.
978-240-483-5945-4;Libro 0109 - Idiomas;Michael Swan;Paidós;Idiomas;1980;Español;Tapa blanda;502;34.79;22.39;35.63;Sí;Sí;Sí;2020-02-13;Swan es el referente de los profesores de inglés en todo el mundo. Su capacidad para distinguir entre usos formales e informales y para explicar los casos complejos con claridad no tiene igual.
978-215-672-3530-6;Libro 0110 - Idiomas;Alan Grieve;Espasa;Idiomas;2012;Español;Tapa blanda;580;23.34;16.02;31.36;Sí;Sí;Sí;2021-03-19;Grieve es un pedagogo que entiende cómo aprenden los adultos. Sus libros equilibran estructura gramatical con práctica comunicativa para crear un aprendizaje sólido y funcional.
978-614-685-2567-3;Libro 0111 - Autoayuda;James Clear;Destino;Autoayuda;2013;Español;Tapa blanda;261;13.89;8.75;37.0;Sí;Sí;Sí;2021-03-17;Con claridad y precisión, Clear explica por qué los hábitos son el fundamento del éxito y cómo diseñar un entorno que facilite el cambio positivo. Imprescindible para cualquier persona que quiera transformar su vida.
978-600-917-9592-4;Libro 0112 - Cómics/Manga;Frank Miller;Espasa;Cómics/Manga;2006;Español;Tapa blanda;332;14.1;8.31;41.09;Sí;Sí;No;2023-04-22;Con un trazo expresionista y una narrativa sin concesiones, Miller explora los límites morales del héroe. Una obra brutal y poética que transformó para siempre el lenguaje del cómic.
978-748-859-4004-6;Libro 0113 - Ciencia y Tecnología;Stephen Hawking;Espasa;Ciencia y Tecnología;1983;Español;Ebook;410;18.16;12.07;27.47;Sí;No;Sí;2020-05-14;Con su inconfundible capacidad para simplificar lo complejo, Hawking lleva al lector por los grandes interrogantes sobre el espacio, el tiempo y la existencia. Una lectura que ensancha los límites de lo imaginable.
978-941-991-3194-0;Libro 0114 - Autoayuda;James Clear;Random House;Autoayuda;2024;Inglés;Tapa blanda;210;15.65;9.19;41.25;Sí;Sí;Sí;2020-05-09;Clear revolucionó la literatura de productividad con un enfoque basado en sistemas, no en metas. Su propuesta es simple pero transformadora: céntrate en la identidad que quieres tener, los hábitos seguirán.
978-336-858-2350-7;Libro 0115 - Historia;Ian Kershaw;Penguin Clásicos;Historia;1995;Español;Tapa blanda;531;30.73;18.84;38.7;Sí;Sí;Sí;2019-05-24;Con acceso a fuentes primarias únicas y una perspectiva histórica de largo alcance, Kershaw reconstruye uno de los períodos más oscuros de la historia con una objetividad y una profundidad que lo convierten en referencia.
978-259-436-6300-0;Libro 0116 - Autoayuda;Robin Sharma;Random House;Autoayuda;1987;Español;Tapa blanda;266;14.06;8.35;40.58;Sí;Sí;Sí;2021-02-23;Sharma comparte su filosofía sobre el liderazgo desde dentro: la idea de que antes de guiar a otros hay que dominar la propia vida. Un libro lleno de rituales y principios para alcanzar el máximo rendimiento.
978-835-785-3308-5;Libro 0117 - No Ficción;Walter Isaacson;Alianza Editorial;No Ficción;1984;Gallego;Tapa blanda;247;17.3;10.72;38.03;Sí;Sí;Sí;2019-11-12;Isaacson es el biógrafo de los grandes genios del siglo XX y XXI. Sus retratos combinan acceso privilegiado con una capacidad narrativa que convierte la vida de personas complejas en historias apasionantes.
978-762-521-3695-6;Libro 0118 - Idiomas;Norman Whitney;Ariel;Idiomas;2010;Español;Tapa dura;337;24.55;17.64;28.14;Sí;Sí;Sí;2019-06-01;Whitney desarrolló materiales de aprendizaje de inglés que combinan comprensión lectora, vocabulario y gramática de forma integrada. Sus libros son herramientas eficaces para el aprendizaje autónomo.
978-672-933-6176-0;Libro 0119 - Ficción;Elena Ferrante;Ariel;Ficción;2008;Español;Bolsillo;427;19.71;13.6;30.98;Sí;Sí;Sí;2023-04-08;Las novelas de Ferrante son un estudio profundo de la identidad, la ambición y el amor. Sus personajes femeninos son complejos, contradictorios y completamente humanos.
978-905-417-7108-9;Libro 0120 - Autoayuda;Robin Sharma;Destino;Autoayuda;1980;Español;Tapa blanda;234;16.6;10.13;38.97;Sí;Sí;Sí;2022-11-08;Una visión del éxito que va más allá de la productividad. Sharma integra prácticas de bienestar, reflexión y propósito en un sistema coherente que ha transformado la vida de miles de lectores.
978-274-838-1591-2;Libro 0121 - Economía/Negocios;Adam Smith;Crítica;Economía/Negocios;2003;Inglés;Tapa dura;377;34.31;21.24;38.08;Sí;Sí;Sí;2019-08-15;Un texto que transformó para siempre el pensamiento económico occidental. Smith combina filosofía moral con observación empírica para trazar los principios del capitalismo de mercado.
978-946-374-5271-7;Libro 0122 - Historia;Antony Beevor;Random House;Historia;1996;Español;Tapa blanda;269;15.31;10.46;31.7;Sí;Sí;Sí;2023-11-24;Un libro de historia que trasciende la mera crónica de hechos. El autor se interesa por las personas, las ideas y los conflictos que dieron forma a su época.
978-251-212-5089-0;Libro 0123 - Infantil/Juvenil;Rick Riordan;Planeta;Infantil/Juvenil;2002;Español;Tapa dura;85;14.99;7.91;47.2;Sí;Sí;Sí;2019-07-11;Una obra que mezcla imaginación desbordante con emoción genuina. El autor tiene el don de crear mundos que los niños habitan de manera total y que los adultos recuerdan con nostalgia.
978-306-402-3822-9;Libro 0124 - Ficción;Almudena Grandes;Salamandra;Ficción;1990;Español;Bolsillo;484;11.16;7.54;32.4;Sí;No;Sí;2023-05-20;Una novela de gran hondura emocional que explora la complejidad de las relaciones humanas. El autor construye personajes memorables en un mundo reconocible, con una prosa que equilibra la intensidad dramática con momentos de genuina belleza.
978-931-804-1732-3;Libro 0125 - Ficción;Almudena Grandes;Destino;Ficción;1985;Español;Tapa blanda;275;19.62;12.68;35.37;Sí;Sí;Sí;2020-09-05;Una narración que atrapa desde las primeras páginas. El autor maneja el tiempo y los puntos de vista con maestría, construyendo una historia que reflexiona sobre la identidad, la pertenencia y los lazos que nos definen.
978-310-960-6689-3;Libro 0126 - No Ficción;Daniel Kahneman;Penguin Clásicos;No Ficción;1995;Español;Bolsillo;428;23.88;15.06;36.94;Sí;Sí;Sí;2022-07-25;Con anécdotas y experimentos fascinantes, Kahneman desafía nuestra confianza en el sentido común. Un manual indispensable para tomar mejores decisiones en la vida, los negocios y las relaciones.
978-111-763-2974-9;Libro 0127 - Economía/Negocios;Ha-Joon Chang;Penguin Clásicos;Economía/Negocios;2012;Español;Bolsillo;441;37.28;21.31;42.83;Sí;Sí;Sí;2023-01-01;Con un tono accesible y datos contundentes, Chang explica por qué las políticas económicas que funcionaron en los países ricos se niegan a los países en desarrollo. Imprescindible para entender la economía global.
978-929-983-3923-8;Libro 0128 - Ciencia y Tecnología;Carl Sagan;Ediciones B;Ciencia y Tecnología;1985;Español;Tapa blanda;489;25.72;17.57;31.7;Sí;Sí;Sí;2019-01-12;Con una prosa poética y un rigor científico impecable, Sagan explora el lugar de la humanidad en el cosmos. Inspirador, humilde y profundamente humano, este libro es de los que cambian la vida.
978-748-716-2649-3;Libro 0129 - Infantil/Juvenil;Rick Riordan;Ariel;Infantil/Juvenil;1995;Español;Tapa dura;236;10.22;5.88;42.43;Sí;Sí;Sí;2021-05-03;Un clásico de la literatura juvenil que ha formado a generaciones de lectores. Sus valores de amistad, valentía y honestidad se transmiten a través de una trama llena de ritmo y color.
978-313-359-8062-0;Libro 0130 - Economía/Negocios;Daron Acemoglu;Salamandra;Economía/Negocios;2017;Español;Tapa blanda;330;28.03;16.78;40.15;Sí;Sí;Sí;2021-05-01;Con rigor académico y accesibilidad, Acemoglu demuestra que la riqueza de las naciones no depende de la geografía ni la cultura, sino de las instituciones que favorecen o limitan la participación y el emprendimiento.
978-531-362-6850-2;Libro 0131 - Idiomas;Michael Swan;Crítica;Idiomas;2003;Español;Tapa blanda;330;24.29;16.07;33.83;Sí;Sí;Sí;2021-08-15;Swan ofrece explicaciones gramaticales con una precisión y accesibilidad únicas. Su obra es referencia obligada en la enseñanza del inglés a hispanohablantes.
978-654-554-5863-1;Libro 0132 - Cómics/Manga;Naoki Urasawa;Planeta;Cómics/Manga;1987;Español;Tapa blanda;322;13.22;9.01;31.87;Sí;Sí;Sí;2022-02-04;Urasawa es uno de los mangakas más dotados de su generación. Sus historias combinan suspense psicológico, personajes profundos y un dominio del ritmo narrativo que mantiene al lector en vilo hasta el final.
978-263-377-2144-9;Libro 0133 - Economía/Negocios;Tim Harford;Paidós;Economía/Negocios;1987;Español;Tapa dura;449;27.54;16.68;39.42;Sí;Sí;No;2022-08-27;Con el rigor de un economista y el talento narrativo de un escritor, Harford revela la lógica oculta detrás de las decisiones económicas que tomamos a diario. Una lectura tan entretenida como instructiva.
978-537-685-9524-2;Libro 0134 - Ciencia y Tecnología;Brian Greene;Anagrama;Ciencia y Tecnología;2002;Español;Tapa blanda;595;45.67;31.8;30.36;Sí;Sí;Sí;2019-01-04;Greene explica las implicaciones de la física de cuerdas y la relatividad general de manera apasionante. Para quienes quieran entender de qué está hecho el universo sin perderse en ecuaciones, este es el libro definitivo.
978-385-281-9631-7;Libro 0135 - Autoayuda;Mark Manson;Siruela;Autoayuda;1992;Español;Tapa blanda;230;15.31;9.81;35.91;Sí;Sí;Sí;2021-03-02;Manson ofrece una perspectiva refrescante sobre el éxito y la felicidad, alejada de los clichés motivacionales. Con humor y contundencia, propone centrarse en lo verdaderamente importante y dejar ir lo superficial.
978-235-577-9532-4;Libro 0136 - Autoayuda;Mark Manson;Ariel;Autoayuda;2011;Español;Tapa blanda;172;20.16;12.55;37.73;Sí;Sí;Sí;2021-05-05;Con un estilo desenfadado y sin rodeos, Manson desmonta mitos sobre el éxito y la autoestima. Una lectura incómoda en el mejor sentido: te obliga a replantearte qué es lo que realmente importa en la vida.
978-855-642-2851-3;Libro 0137 - Autoayuda;Mark Manson;Alianza Editorial;Autoayuda;1989;Español;Tapa dura;176;15.64;9.17;41.38;Sí;Sí;Sí;2022-12-21;Este ensayo rompe con la literatura de autoayuda convencional. Manson defiende que aceptar nuestras limitaciones y elegir nuestros valores conscientemente es más transformador que cualquier técnica de pensamiento positivo.
978-120-374-5075-1;Libro 0138 - Infantil/Juvenil;Rick Riordan;Paidós;Infantil/Juvenil;2009;Español;Tapa blanda;307;10.93;5.88;46.21;Sí;Sí;Sí;2019-07-31;El autor entiende a los lectores jóvenes: les da aventura sin condescendencia, emoción sin manipulación y personajes complejos sin artificios innecesarios.
978-120-673-4398-7;Libro 0139 - Ciencia y Tecnología;Stephen Hawking;Paidós;Ciencia y Tecnología;1996;Español;Bolsillo;579;37.15;24.54;33.94;Sí;Sí;Sí;2022-07-27;Hawking demostró que la física teórica puede ser literatura de masas. Su capacidad para traducir ecuaciones en narrativa es un regalo para la humanidad curiosa.
978-419-565-3535-7;Libro 0140 - Historia;Ian Kershaw;Alianza Editorial;Historia;2015;Español;Tapa blanda;497;26.95;18.17;32.58;Sí;Sí;Sí;2022-09-26;Kershaw es el gran cartógrafo del horror nazi. Sus libros son lecturas necesarias, aunque difíciles, para entender cómo la modernidad puede producir la barbarie.
978-385-848-9584-8;Libro 0141 - Economía/Negocios;Ha-Joon Chang;Penguin Clásicos;Economía/Negocios;1995;Español;Tapa dura;276;29.87;17.38;41.82;Sí;Sí;Sí;2023-02-15;Chang combina rigor académico con ironía inteligente para revisar la historia económica mundial. Una obra que te hace cuestionar muchas certezas sobre el capitalismo y el desarrollo.
978-547-965-4305-6;Libro 0142 - Ficción;Donna Tartt;Random House;Ficción;1981;Inglés;Tapa blanda;204;16.73;11.94;28.66;Sí;Sí;Sí;2023-09-10;Con una atención al detalle proustiana y una narrativa que hipnotiza, Tartt explora los efectos del crimen, la culpa y la belleza en personajes que buscan pertenecer a algo más grande que ellos mismos.
978-483-661-5174-9;Libro 0143 - Cómics/Manga;Osamu Tezuka;Random House;Cómics/Manga;1999;Español;Tapa blanda;224;13.4;8.94;33.28;Sí;Sí;Sí;2021-04-12;Tezuka es el padre del manga moderno y su obra es testimonio de una imaginación sin límites. Combina aventura, ciencia ficción y reflexión humanista con un estilo visual que sigue siendo referencia décadas después.
978-944-657-3202-3;Libro 0144 - Cómics/Manga;Alan Moore;Penguin Clásicos;Cómics/Manga;2020;Catalán;Tapa dura;219;16.4;11.3;31.07;Sí;Sí;Sí;2021-12-24;Cada obra de Moore es una declaración de principios sobre el potencial del cómic. Sus historias son oscuras porque la oscuridad es necesaria para que la luz tenga sentido.
978-203-870-3229-0;Libro 0145 - No Ficción;Daniel Kahneman;Ariel;No Ficción;2002;Español;Tapa dura;363;20.77;13.52;34.93;Sí;Sí;Sí;2021-02-05;Kahneman y Tversky revolucionaron la psicología con sus estudios sobre los sesgos cognitivos. Este libro es el testamento de una vida de investigación que cambió nuestra forma de entendernos a nosotros mismos.
978-290-561-1687-6;Libro 0146 - Idiomas;Alan Grieve;Alfaguara;Idiomas;2022;Español;Tapa dura;470;41.19;27.89;32.29;Sí;Sí;Sí;2019-02-11;Grieve diseñó recursos pedagógicos para el aprendizaje de idiomas que destacan por su practicidad y su atención a los contextos reales de uso.
978-802-907-2693-3;Libro 0147 - Autoayuda;Dale Carnegie;Espasa;Autoayuda;2005;Español;Tapa dura;224;12.55;7.13;43.2;Sí;Sí;Sí;2020-12-27;Con casos prácticos y un estilo ameno, Carnegie enseña a escuchar activamente, reconocer los logros ajenos y evitar la crítica destructiva. Una guía indispensable para el desarrollo de la inteligencia interpersonal.
978-922-996-5871-2;Libro 0148 - Ciencia y Tecnología;Neil deGrasse Tyson;Alfaguara;Ciencia y Tecnología;2003;Español;Bolsillo;645;25.89;16.21;37.37;Sí;Sí;Sí;2022-09-18;Una invitación irresistible a mirar el cielo con ojos científicos. Tyson explica los grandes misterios del universo con una mezcla única de rigor académico y cercanía humana que pocos divulgadores logran.
978-907-199-1656-5;Libro 0149 - Ficción;Isabel Allende;Tusquets;Ficción;1993;Español;Tapa blanda;529;18.72;11.6;38.06;Sí;Sí;Sí;2019-07-08;Allende escribe con el corazón y con una maestría técnica que convierte sus novelas en experiencias inmersivas. Una escritora que conecta emocionalmente con el lector desde la primera página.
978-656-117-8193-0;Libro 0150 - Autoayuda;Dale Carnegie;Anagrama;Autoayuda;2016;Español;Tapa dura;197;13.71;8.72;36.43;Sí;Sí;Sí;2022-06-08;Carnegie sintetizó décadas de observación del comportamiento humano en principios que cualquiera puede aplicar. Un libro generoso que parte de la convicción de que todos podemos mejorar nuestra forma de relacionarnos.
978-732-753-3216-1;Libro 0151 - Autoayuda;Robin Sharma;Crítica;Autoayuda;1980;Español;Tapa blanda;174;13.74;8.46;38.46;Sí;Sí;Sí;2020-02-17;Sharma presenta el liderazgo como un compromiso con la excelencia personal antes que organizacional. Sus rituales matutinos y estrategias de enfoque han inspirado a profesionales de todo el mundo.
978-859-404-3858-9;Libro 0152 - Economía/Negocios;Ha-Joon Chang;Alianza Editorial;Economía/Negocios;2023;Español;Tapa blanda;228;19.92;12.53;37.12;Sí;Sí;Sí;2022-07-24;El economista más legible del mundo. Chang tiene la rara virtud de hacer accesible la economía sin simplificarla, y de defender posiciones heterodoxas con argumentos difíciles de refutar.
978-325-574-8203-0;Libro 0153 - Arte y Fotografía;E.H. Gombrich;Anagrama;Arte y Fotografía;2021;Euskera;Tapa blanda;151;54.25;40.82;24.76;Sí;Sí;Sí;2022-03-27;Gombrich no solo describía el arte: lo explicaba. Su capacidad para conectar la obra con la mentalidad de su época y con la psicología de la percepción lo convierte en un divulgador sin par.
978-816-635-8263-9;Libro 0154 - No Ficción;Daniel Kahneman;Paidós;No Ficción;1991;Español;Bolsillo;190;17.41;11.45;34.21;Sí;No;Sí;2023-07-27;Kahneman, Premio Nobel de Economía, expone con claridad los dos sistemas que rigen nuestra mente: el rápido e intuitivo y el lento y reflexivo. Un libro fundamental para entender por qué tomamos malas decisiones.
978-600-433-3610-6;Libro 0155 - Ficción;Almudena Grandes;Random House;Ficción;2006;Español;Ebook;547;12.22;7.65;31.69;Sí;No;Sí;2020-01-21;Un relato que combina acción y reflexión en medidas perfectas. Los personajes son complejos y creíbles, y la trama avanza con una urgencia que hace difícil dejar el libro.
978-127-775-8639-2;Libro 0156 - No Ficción;Steven Pinker;Tusquets;No Ficción;2010;Inglés;Tapa blanda;379;23.19;14.7;36.62;Sí;Sí;Sí;2022-01-07;Pinker ofrece un análisis riguroso y optimista de la evolución humana, apoyado en datos históricos. Argumenta que, a pesar de las apariencias, el mundo ha mejorado en casi todos los indicadores de bienestar.
978-200-750-2038-2;Libro 0157 - Ciencia y Tecnología;Neil deGrasse Tyson;Penguin Clásicos;Ciencia y Tecnología;1997;Español;Tapa dura;398;22.03;16.36;25.75;Sí;Sí;Sí;2023-01-02;Tyson combina datos astronómicos con reflexiones filosóficas sobre nuestro lugar en el universo. Un libro que amplía la mente y recuerda lo pequeños y extraordinarios que somos a la vez.
978-690-789-6141-8;Libro 0158 - Arte y Fotografía;E.H. Gombrich;Siruela;Arte y Fotografía;2006;Inglés;Tapa blanda;196;32.69;25.15;23.08;Sí;Sí;Sí;2023-01-29;La historia del arte de Gombrich es la iniciación más hermosa al mundo de las imágenes. Décadas después de su primera publicación, sigue siendo el libro que más aficionados al arte ha creado en el mundo.
978-306-229-7126-1;Libro 0159 - Historia;Antony Beevor;Planeta;Historia;2023;Español;Tapa dura;259;19.1;11.48;39.89;No;Sí;Sí;2021-06-11;Con acceso a fuentes primarias y una interpretación original, el autor revisita un capítulo de la historia que invita a cuestionar los relatos establecidos.
978-513-993-1196-0;Libro 0160 - Infantil/Juvenil;Rick Riordan;Salamandra;Infantil/Juvenil;2021;Catalán;Tapa dura;219;17.42;10.04;42.35;Sí;Sí;Sí;2020-10-20;Una historia emocionante que combina aventura, amistad y una mirada honesta sobre el crecimiento. Sus personajes son creíbles y sus dilemas, universales.
978-641-372-4300-3;Libro 0161 - Infantil/Juvenil;Jeff Kinney;Penguin Clásicos;Infantil/Juvenil;2021;Español;Bolsillo;316;9.19;5.07;44.82;Sí;Sí;Sí;2022-11-01;Kinney inventó un formato narrativo que ha convertido a lectores reticentes en lectores ávidos. Su humor universal y su mirada honesta a la infancia lo han convertido en un fenómeno cultural mundial.
978-574-909-6382-8;Libro 0162 - Cómics/Manga;Alan Moore;Espasa;Cómics/Manga;2018;Español;Tapa dura;244;13.11;8.67;33.83;Sí;Sí;Sí;2021-12-28;Moore es el maestro del cómic adulto y literario. En esta obra combina dibujo expresivo con una narrativa compleja que aborda temas de poder, identidad y moral. Una lectura que eleva el cómic a la gran literatura.
978-844-512-5926-0;Libro 0163 - Ficción;Stephen King;Alianza Editorial;Ficción;1994;Español;Bolsillo;562;10.52;6.85;34.93;Sí;Sí;Sí;2019-11-20;Con una habilidad única para crear atmósferas opresivas y personajes memorables, King ha construido uno de los universos literarios más ricos de la narrativa popular contemporánea.
978-730-969-6069-5;Libro 0164 - Arte y Fotografía;John Berger;Random House;Arte y Fotografía;2014;Español;Tapa blanda;216;38.15;28.07;26.42;Sí;Sí;Sí;2023-08-17;Berger escribe sobre arte como quien escribe sobre amor: con devoción y lucidez a partes iguales. Sus análisis conectan las obras con el mundo que las produce de una manera que ningún otro crítico ha igualado.
978-838-494-5566-9;Libro 0165 - Autoayuda;James Clear;Planeta;Autoayuda;1984;Euskera;Ebook;193;9.46;5.2;40.0;Sí;No;Sí;2021-04-25;Una obra que llena el hueco entre la intención y la acción. Clear ofrece estrategias concretas respaldadas por la ciencia para hacer que el cambio de hábitos sea sostenible y casi automático.
978-547-380-4765-5;Libro 0166 - Arte y Fotografía;E.H. Gombrich;Planeta;Arte y Fotografía;1999;Español;Tapa dura;308;42.99;28.59;33.49;Sí;No;Sí;2023-04-07;La historia del arte más vendida de todos los tiempos. Gombrich lleva al lector por cuatro mil años de creación artística con una claridad, pasión y erudición que no tienen precedente en la literatura divulgativa.
978-585-589-4870-2;Libro 0167 - Economía/Negocios;Adam Smith;Alianza Editorial;Economía/Negocios;1988;Alemán;Tapa dura;391;25.53;16.11;36.9;Sí;Sí;Sí;2021-11-06;Más matizado y complejo de lo que sus defensores suelen admitir, Smith construyó una teoría económica que es también una teoría moral. Leerlo en su contexto es redescubrirlo.
978-517-689-1853-0;Libro 0168 - No Ficción;Yuval Noah Harari;Ediciones B;No Ficción;2022;Español;Tapa blanda;333;25.01;16.75;33.03;Sí;Sí;Sí;2021-06-15;Harari conecta biología, historia y filosofía para explorar los grandes retos del siglo XXI. Un libro que genera preguntas incómodas sobre el futuro del trabajo, la identidad y la libertad en la era de la inteligencia artificial.
978-626-175-2794-6;Libro 0169 - Autoayuda;Brené Brown;Alianza Editorial;Autoayuda;2001;Euskera;Tapa blanda;258;14.05;8.63;38.6;Sí;Sí;Sí;2023-10-13;Combinando ciencia y narración personal, Brown demuestra que la valentía de mostrarnos tal como somos es el camino hacia relaciones más ricas y una vida con sentido. Esencial para cualquier proceso de crecimiento.
978-371-265-7693-6;Libro 0170 - No Ficción;Nassim Taleb;Alianza Editorial;No Ficción;1991;Español;Bolsillo;225;22.58;14.66;35.08;Sí;Sí;Sí;2021-11-27;Taleb presenta su teoría sobre los eventos impredecibles que tienen un impacto desmesurado en la historia. Con un estilo provocador y erudito, desafía los modelos de predicción y la ilusión de control.
978-899-119-8560-7;Libro 0171 - Cómics/Manga;Osamu Tezuka;Planeta;Cómics/Manga;2017;Español;Bolsillo;174;14.05;9.0;35.93;Sí;Sí;Sí;2022-04-10;El dios del manga japonés construyó mundos de una riqueza inaudita. Sus historias, aparentemente sencillas en su trazo, esconden una profundidad filosófica y emocional que las hace atemporales.
978-606-396-4354-2;Libro 0172 - Ciencia y Tecnología;Stephen Hawking;Alfaguara;Ciencia y Tecnología;2024;Español;Tapa dura;553;40.25;26.11;35.13;Sí;Sí;Sí;2019-11-06;El libro más accesible de Hawking sobre la naturaleza del tiempo y el universo. Con analogías brillantes, explica la relatividad y la mecánica cuántica sin formación científica previa. Una obra que acercó la física teórica a millones.
978-636-884-5820-5;Libro 0173 - Arte y Fotografía;John Berger;Alfaguara;Arte y Fotografía;2012;Español;Tapa blanda;277;68.4;52.27;23.58;Sí;Sí;Sí;2022-08-13;La influencia de Berger en cómo pensamos sobre las imágenes es comparable a la de Freud en cómo pensamos sobre los sueños. Un pensador que cambió el vocabulario de la crítica visual.
978-923-407-1305-4;Libro 0174 - Historia;Antony Beevor;Penguin Clásicos;Historia;2008;Español;Bolsillo;330;14.17;9.19;35.14;Sí;Sí;Sí;2019-10-27;Una narrativa histórica que te hace sentir presente en los acontecimientos. El autor tiene el talento de hacer vivir a los muertos y urgentes a los hechos del pasado.
978-875-138-1557-3;Libro 0175 - Economía/Negocios;Ha-Joon Chang;Espasa;Economía/Negocios;2004;Español;Tapa blanda;208;23.53;14.59;38.01;Sí;Sí;Sí;2019-06-01;Chang es el abogado del diablo del libre mercado. Sus revisiones históricas del capitalismo real demuestran que el mercado siempre ha necesitado del Estado para funcionar, con independencia de lo que diga la teoría.
978-256-804-8918-6;Libro 0176 - Cómics/Manga;Art Spiegelman;Anagrama;Cómics/Manga;2001;Español;Tapa blanda;228;15.16;8.89;41.37;Sí;Sí;Sí;2022-04-03;Maus es la obra que legitimó el cómic como forma literaria seria. Spiegelman demostró que el noveno arte puede hacer lo que la literatura convencional a veces no puede: mostrar lo indecible.
978-931-763-4567-1;Libro 0177 - Autoayuda;Mark Manson;Siruela;Autoayuda;2005;Español;Tapa dura;234;15.84;9.61;39.36;No;Sí;Sí;2022-04-20;Provocador y honesto, Manson invita al lector a abandonar la búsqueda constante de la felicidad superficial. Un manifiesto para vivir con autenticidad, aceptando el fracaso como parte inevitable del crecimiento personal.
978-504-946-9493-7;Libro 0178 - Ficción;Gabriel García Márquez;Siruela;Ficción;2024;Español;Bolsillo;216;13.76;9.85;28.43;Sí;Sí;Sí;2023-01-29;El universo de García Márquez es inconfundible: lleno de calor caribeño, amor imposible y tiempo circular. Sus novelas son un testimonio de la imaginación latinoamericana y de la magia que se esconde en lo real.
978-936-555-2840-1;Libro 0179 - Economía/Negocios;Tim Harford;Planeta;Economía/Negocios;1989;Español;Bolsillo;413;27.6;17.8;35.52;Sí;Sí;Sí;2022-03-10;Harford es el economista del caos creativo. Sus libros defienden que la adaptación y el ensayo y error son más poderosos que cualquier plan, con argumentos históricos y económicos convincentes.
978-116-683-9220-5;Libro 0180 - Arte y Fotografía;Simon Schama;Siruela;Arte y Fotografía;1995;Español;Tapa blanda;300;60.3;46.48;22.92;Sí;Sí;Sí;2020-12-07;Schama tiene la virtud de los grandes divulgadores: hace que cualquier obra de arte parezca un misterio que vale la pena resolver. Sus libros son al arte lo que Sherlock Holmes es al crimen.
978-316-635-9114-1;Libro 0181 - Economía/Negocios;Thomas Piketty;Ediciones B;Economía/Negocios;2020;Español;Tapa blanda;472;34.32;19.1;44.34;Sí;Sí;Sí;2022-09-03;Con un estilo directo y sin tecnicismos innecesarios, el autor desmonta mitos económicos y ofrece una visión más matizada de los mercados, las instituciones y las políticas públicas.
978-114-323-7722-0;Libro 0182 - Historia;Antony Beevor;Anagrama;Historia;2006;Español;Bolsillo;523;27.06;18.61;31.23;Sí;Sí;Sí;2021-07-21;Una reconstrucción histórica de gran rigor que no sacrifica la accesibilidad. El autor da vida a épocas pasadas con una prosa vívida y un análisis profundo de las fuerzas que las modelaron.
978-105-505-1784-7;Libro 0183 - Arte y Fotografía;Simon Schama;Planeta;Arte y Fotografía;1996;Inglés;Tapa dura;327;70.32;46.83;33.4;Sí;Sí;Sí;2020-11-02;Schama escribe historia del arte con la pasión de un novelista y la precisión de un académico. Sus análisis de obras concretas revelan capas de significado que escapan a miradas menos atentas.
978-303-682-5227-2;Libro 0184 - Cómics/Manga;Alan Moore;Ariel;Cómics/Manga;2005;Español;Tapa blanda;199;16.91;11.73;30.66;Sí;Sí;Sí;2023-02-01;Con su característica profundidad narrativa, Moore construye mundos oscuros y personajes llenos de contradicciones. Un cómic que trasciende el género y se instala en el territorio de la gran ficción contemporánea.
978-771-623-2945-1;Libro 0185 - Historia;Antony Beevor;Paidós;Historia;1985;Español;Tapa blanda;583;24.67;17.34;29.71;Sí;Sí;Sí;2019-09-13;El autor combina la precisión del académico con el pulso narrativo del novelista para ofrecer una visión fresca y documentada de un período crucial. Una obra que ilumina el presente a través del pasado.
978-668-159-5510-3;Libro 0186 - Historia;Mary Beard;Siruela;Historia;1984;Español;Tapa blanda;577;15.35;9.93;35.3;Sí;Sí;Sí;2019-01-17;Beard desmitifica el mundo clásico con un rigor académico y un sentido del humor que la distinguen del resto de los historiadores. Sus libros sobre Roma hacen de la antigüedad algo tangible y contemporáneo.
978-735-515-6670-4;Libro 0187 - Arte y Fotografía;Giorgio Vasari;Anagrama;Arte y Fotografía;2010;Español;Tapa dura;130;43.15;33.38;22.65;Sí;Sí;Sí;2021-10-20;Las vidas de los artistas que Vasari recoge en su obra fundacional siguen siendo la fuente más rica sobre el arte del Quattrocento y Cinquecento italiano. Lectura esencial para cualquier amante del arte.
978-543-781-3726-8;Libro 0188 - No Ficción;Walter Isaacson;Ariel;No Ficción;2024;Español;Tapa blanda;273;15.27;8.86;41.96;Sí;Sí;Sí;2022-12-29;Con un estilo ágil y una investigación exhaustiva, Isaacson retrata a las figuras que han dado forma al mundo moderno. Sus biografías son a la vez relatos personales y crónicas del cambio tecnológico y cultural.
978-147-626-9040-2;Libro 0189 - Autoayuda;Robin Sharma;Alfaguara;Autoayuda;2003;Español;Tapa dura;273;18.54;9.95;46.31;Sí;Sí;Sí;2019-04-24;Una guía que desafía la concepción habitual del éxito. Sharma propone que la verdadera maestría personal requiere silencio, disciplina y una visión clara del propósito propio.
978-822-970-9521-1;Libro 0190 - Cómics/Manga;Frank Miller;Destino;Cómics/Manga;1997;Inglés;Bolsillo;227;15.38;9.31;39.46;Sí;Sí;Sí;2023-11-12;Miller es uno de los grandes innovadores del cómic moderno. Sus páginas destilan una energía salvaje y una tensión narrativa que pocas obras del género han logrado igualar.
978-141-841-6955-2;Libro 0191 - Ciencia y Tecnología;Carl Sagan;Espasa;Ciencia y Tecnología;1994;Español;Tapa blanda;667;33.36;24.38;26.91;Sí;Sí;Sí;2023-11-09;Sagan combina astronomía, filosofía e historia de la ciencia en un relato apasionante sobre la búsqueda del conocimiento. Un clásico imprescindible que recuerda por qué la curiosidad es la virtud más noble.
978-355-195-1472-3;Libro 0192 - Autoayuda;Dale Carnegie;Espasa;Autoayuda;2005;Español;Tapa dura;204;20.56;11.14;45.82;Sí;Sí;Sí;2020-09-24;La influencia de Carnegie en la literatura de desarrollo personal es incalculable. Sus principios de comunicación y persuasión siguen siendo enseñados en escuelas de negocios de todo el mundo.
978-887-276-5198-4;Libro 0193 - Historia;Jared Diamond;Alianza Editorial;Historia;1993;Español;Tapa blanda;302;22.02;15.53;29.48;Sí;Sí;Sí;2021-11-29;El autor combina la precisión del académico con el pulso narrativo del novelista para ofrecer una visión fresca y documentada de un período crucial. Una obra que ilumina el presente a través del pasado.
978-404-698-7939-4;Libro 0194 - Arte y Fotografía;Giorgio Vasari;Salamandra;Arte y Fotografía;1994;Español;Bolsillo;244;44.19;29.2;33.92;Sí;No;Sí;2022-02-27;Vasari inventó la biografía artística moderna. Sus retratos de Leonardo, Miguel Ángel y Rafael, aunque no siempre exactos, establecieron el canon de la grandeza artística occidental.
978-676-300-4159-7;Libro 0195 - Economía/Negocios;Adam Smith;Penguin Clásicos;Economía/Negocios;2010;Español;Tapa blanda;292;20.79;13.77;33.76;Sí;Sí;Sí;2021-01-24;La Riqueza de las Naciones es mucho más que un manual de economía: es una investigación filosófica sobre la naturaleza humana, la cooperación y las condiciones del bienestar colectivo.
978-573-271-1330-8;Libro 0196 - No Ficción;Yuval Noah Harari;Random House;No Ficción;1988;Inglés;Bolsillo;252;25.69;14.5;43.56;No;Sí;Sí;2021-11-22;Una obra que sitúa al lector en el cruce entre la historia pasada y el futuro incierto. Harari analiza con brillantez cómo las grandes narrativas moldean nuestra realidad colectiva.
978-708-566-2923-6;Libro 0197 - Economía/Negocios;Adam Smith;Espasa;Economía/Negocios;2020;Español;Tapa dura;310;25.02;15.87;36.58;Sí;Sí;Sí;2021-04-09;La obra fundacional de la economía moderna. Smith analiza los mecanismos del mercado libre, la división del trabajo y la acumulación de riqueza con una visión que, siglos después, sigue siendo fuente de debate.
978-301-106-5151-5;Libro 0198 - Infantil/Juvenil;Roald Dahl;Alfaguara;Infantil/Juvenil;1996;Catalán;Tapa blanda;254;12.57;6.72;46.54;Sí;Sí;Sí;2022-02-26;Con un talento único para mezclar lo disparatado y lo tierno, Dahl construyó personajes que han sobrevivido décadas en la imaginación de los lectores. Clásico imprescindible de la literatura juvenil.
978-624-888-4214-3;Libro 0199 - Cómics/Manga;Naoki Urasawa;Ediciones B;Cómics/Manga;2021;Catalán;Tapa blanda;320;17.48;11.23;35.75;Sí;Sí;Sí;2019-12-14;Con un dominio del cliffhanger y la construcción de personajes que pocos autores igualan, Urasawa crea universos complejos donde la tensión no descansa. Una lectura absorbente que redefine los estándares del manga.
978-98-275-9461-8;Libro 0200 - Historia;Mary Beard;Destino;Historia;2022;Inglés;Bolsillo;326;17.21;10.41;39.52;Sí;Sí;Sí;2019-06-04;Con una erudición que nunca se vuelve pedante, Beard cuestiona los relatos establecidos sobre Grecia y Roma. Sus obras son modelos de cómo hacer historia rigurosa y accesible al mismo tiempo.
978-297-849-4677-8;Libro 0201 - Cómics/Manga;Frank Miller;Tusquets;Cómics/Manga;1985;Español;Tapa blanda;291;9.56;6.25;34.66;Sí;Sí;Sí;2020-06-05;El noir y el cómic de superhéroes se fundieron en las manos de Miller para crear algo completamente nuevo. Su influencia en el cine y en la cultura pop es innegable.
978-933-312-1983-4;Libro 0202 - Infantil/Juvenil;Cornelia Funke;Paidós;Infantil/Juvenil;2000;Español;Tapa blanda;177;15.61;8.85;43.33;Sí;Sí;Sí;2020-05-16;Con una imaginación extraordinaria y un estilo fluido y vívido, Funke crea aventuras llenas de matices. Sus personajes enfrentan dilemas morales reales en contextos fantásticos que los hacen inolvidables.
978-464-203-3677-7;Libro 0203 - Economía/Negocios;Daron Acemoglu;Random House;Economía/Negocios;1994;Español;Tapa dura;345;32.02;20.67;35.44;Sí;Sí;Sí;2021-12-29;Una obra de referencia en economía política que conecta historia, instituciones y desarrollo. Acemoglu argumenta con evidencia global que la inclusión económica es la clave del crecimiento sostenible.
978-107-959-4614-9;Libro 0204 - Infantil/Juvenil;Laura Gallego;Penguin Clásicos;Infantil/Juvenil;1983;Español;Tapa dura;144;13.49;7.66;43.23;Sí;No;Sí;2022-06-05;Con una narrativa ágil y personajes complejos, Gallego lleva a sus lectores a mundos de fantasía elaborados con esmero. Una autora que ha formado a toda una generación de lectores en castellano.
978-633-983-7586-7;Libro 0205 - Economía/Negocios;Thomas Piketty;Alfaguara;Economía/Negocios;1981;Inglés;Tapa blanda;379;30.65;18.15;40.78;Sí;Sí;Sí;2022-10-17;El autor examina con lucidez las tensiones entre crecimiento, desigualdad y sostenibilidad en la economía global. Una obra que incomoda y estimula el pensamiento crítico.
978-581-362-6718-4;Libro 0206 - Ciencia y Tecnología;Brian Greene;Crítica;Ciencia y Tecnología;2020;Español;Tapa dura;376;50.97;34.17;32.96;Sí;Sí;Sí;2019-02-23;Una obra que combina ambición intelectual y accesibilidad narrativa. Greene tiene el don de hacer que la física teórica más avanzada resulte no solo comprensible, sino emocionante.
978-724-841-4588-4;Libro 0207 - No Ficción;Daniel Kahneman;Tusquets;No Ficción;1981;Inglés;Tapa blanda;344;24.51;15.64;36.17;Sí;Sí;Sí;2020-08-10;Una obra revolucionaria que combina décadas de investigación en psicología y economía conductual. Kahneman demuestra que somos mucho menos racionales de lo que creemos y mucho más predecibles de lo que nos gustaría.
978-158-467-8349-8;Libro 0208 - Autoayuda;Dale Carnegie;Planeta;Autoayuda;1985;Español;Tapa blanda;277;20.99;12.52;40.36;Sí;Sí;No;2020-03-31;Un clásico atemporal sobre las relaciones humanas. Carnegie ofrece principios sencillos pero poderosos para ganarse la confianza de los demás, influir positivamente y comunicarse con eficacia en cualquier contexto.
978-144-616-2214-3;Libro 0209 - Ciencia y Tecnología;Neil deGrasse Tyson;Ariel;Ciencia y Tecnología;1986;Catalán;Tapa blanda;361;23.76;17.57;26.05;Sí;Sí;No;2020-03-07;Un guía apasionado por el cosmos que hace de la astrofísica una experiencia emocional. Tyson tiene el talento de conectar los grandes datos del universo con preguntas profundamente humanas.
978-877-585-1611-0;Libro 0210 - Historia;Ian Kershaw;Ediciones B;Historia;2001;Español;Tapa blanda;375;19.62;11.65;40.64;Sí;Sí;Sí;2022-01-11;Kershaw es el biógrafo de referencia del nazismo. Sus análisis del ascenso y caída del Tercer Reich combinan una erudición impresionante con una narrativa que mantiene la tensión de una novela.
978-129-503-5983-2;Libro 0211 - Ciencia y Tecnología;Stephen Hawking;Salamandra;Ciencia y Tecnología;2010;Español;Bolsillo;398;50.54;34.81;31.13;Sí;No;Sí;2020-09-24;Hawking resume décadas de investigación cosmológica en un texto sorprendentemente ameno. Desde los agujeros negros hasta el origen del universo, transforma conceptos abstractos en imágenes comprensibles e impactantes.
978-636-108-9731-9;Libro 0212 - Historia;Mary Beard;Siruela;Historia;1986;Español;Ebook;542;12.74;7.16;38.67;Sí;No;No;2019-06-15;Beard escribe con la irreverencia de quien conoce sus fuentes mejor que nadie. Sus revisiones de los mitos sobre el mundo clásico son a la vez académicamente solventes y sorprendentemente divertidas.
978-402-589-4482-6;Libro 0213 - Cómics/Manga;Alan Moore;Alfaguara;Cómics/Manga;2022;Español;Tapa dura;227;14.98;9.04;39.62;Sí;Sí;Sí;2019-09-08;Moore lleva el cómic a territorios narrativos que pocas novelas gráficas han explorado. Una obra densa, bella y perturbadora que combina mitología, política y psicología de manera magistral.
978-769-500-9718-7;Libro 0214 - Ficción;Arturo Pérez-Reverte;Anagrama;Ficción;1988;Español;Tapa blanda;496;17.6;10.8;38.65;Sí;No;Sí;2023-08-05;Pérez-Reverte lleva al lector por escenarios históricos con la precisión del reportero y la imaginación del novelista. Sus historias enganchan desde la primera página y dejan poso.
978-915-394-8526-2;Libro 0215 - Infantil/Juvenil;Laura Gallego;Random House;Infantil/Juvenil;2003;Español;Tapa dura;233;10.91;6.15;43.6;Sí;Sí;Sí;2020-10-27;Gallego escribe fantasía que crece con sus lectores. Sus historias, llenas de magia, aventura y emoción genuina, tienen una sustancia narrativa que pocas obras del género juvenil pueden igualar.
978-311-382-8178-2;Libro 0216 - Ficción;Javier Marías;Planeta;Ficción;1995;Español;Tapa blanda;389;21.21;14.11;33.48;Sí;Sí;Sí;2021-02-11;Una novela de gran hondura emocional que explora la complejidad de las relaciones humanas. El autor construye personajes memorables en un mundo reconocible, con una prosa que equilibra la intensidad dramática con momentos de genuina belleza.
978-781-460-3457-3;Libro 0217 - No Ficción;Nassim Taleb;Alfaguara;No Ficción;1990;Español;Tapa blanda;184;15.99;9.04;43.44;Sí;Sí;Sí;2019-07-29;Una obra que cambia para siempre la manera de pensar sobre el riesgo y la incertidumbre. Taleb argumenta que lo más importante no es predecir el futuro, sino estar preparado para lo que no podemos predecir.
978-307-344-5651-5;Libro 0218 - Cómics/Manga;Frank Miller;Ediciones B;Cómics/Manga;2003;Español;Tapa dura;268;13.01;7.76;40.34;Sí;Sí;Sí;2020-09-02;Miller dibuja con tinta negra y convicciones firmes. Sus personajes son héroes rotos en un mundo que no merece la pena salvar, y aun así lo intentan. Una propuesta estética y moral única.
978-900-579-3997-9;Libro 0219 - Autoayuda;Robin Sharma;Espasa;Autoayuda;2005;Inglés;Bolsillo;325;16.98;10.04;40.9;No;Sí;Sí;2023-11-15;Sharma explora los hábitos de las personas más exitosas del mundo y los traduce en principios aplicables a cualquier vida. Una guía práctica que combina sabiduría milenaria con estrategias modernas de productividad.
978-376-217-9054-9;Libro 0220 - Infantil/Juvenil;Cornelia Funke;Ediciones B;Infantil/Juvenil;1987;Español;Tapa blanda;175;12.17;8.2;32.66;Sí;Sí;Sí;2019-08-13;Funke tiene el don de crear mundos que los lectores jóvenes quieren habitar. Sus novelas funcionan como portales a aventuras donde el coraje y la amistad son las únicas armas que importan.
978-706-591-9113-8;Libro 0221 - Idiomas;Alan Grieve;Ediciones B;Idiomas;2007;Euskera;Tapa blanda;457;38.6;26.42;31.55;Sí;Sí;Sí;2021-12-05;Con un enfoque comunicativo y materiales actualizados, Grieve ofrece herramientas efectivas para el aprendizaje progresivo del inglés, prestando especial atención al vocabulario en contexto.
978-383-525-8469-7;Libro 0222 - Autoayuda;Dale Carnegie;Destino;Autoayuda;1987;Español;Tapa blanda;238;21.22;13.23;37.64;Sí;Sí;Sí;2022-05-22;Este manual de habilidades sociales ha transformado la vida de millones de lectores desde su publicación. Carnegie enseña con anécdotas memorables cómo tratar a las personas con respeto y construir relaciones duraderas.
978-777-463-1339-3;Libro 0223 - Arte y Fotografía;Simon Schama;Siruela;Arte y Fotografía;1995;Euskera;Tapa blanda;311;73.03;55.47;24.04;Sí;Sí;Sí;2023-11-20;Una exploración profunda del arte como expresión de la condición humana. Schama conecta obras de distintas épocas con los contextos que las hicieron posibles, creando una narrativa cultural apasionante.
978-161-532-2583-8;Libro 0224 - Historia;Mary Beard;Espasa;Historia;2015;Español;Tapa blanda;438;19.74;11.46;41.94;Sí;Sí;No;2021-07-08;Beard desmitifica el mundo clásico con un rigor académico y un sentido del humor que la distinguen del resto de los historiadores. Sus libros sobre Roma hacen de la antigüedad algo tangible y contemporáneo.
978-585-447-8934-5;Libro 0225 - Economía/Negocios;Ha-Joon Chang;Ediciones B;Economía/Negocios;2008;Español;Tapa blanda;476;27.26;17.84;34.54;Sí;Sí;Sí;2021-08-05;Chang desmonta los mitos del libre mercado con datos históricos y una claridad envidiable. Argumenta que las economías exitosas siempre han combinado mercado y Estado, desafiando el dogma neoliberal dominante.
978-498-385-3648-0;Libro 0226 - Autoayuda;Dale Carnegie;Siruela;Autoayuda;2017;Inglés;Tapa blanda;307;15.08;9.25;38.64;Sí;Sí;Sí;2021-07-13;Carnegie explora el arte de la persuasión y la comunicación con ejemplos históricos y cotidianos. Un libro que sigue siendo tan relevante hoy como cuando se escribió, aplicable tanto en el trabajo como en la vida personal.
978-491-174-3026-6;Libro 0227 - No Ficción;Malcolm Gladwell;Siruela;No Ficción;1989;Español;Tapa blanda;207;20.13;13.4;33.44;Sí;Sí;Sí;2020-02-08;Gladwell construye argumentos sorprendentes a partir de casos reales y estudios científicos. Una lectura adictiva que combina divulgación social con storytelling de primer nivel.
978-348-582-8154-7;Libro 0228 - Autoayuda;Mark Manson;Alianza Editorial;Autoayuda;1998;Español;Tapa blanda;161;21.25;13.73;35.4;Sí;Sí;Sí;2023-03-04;Manson transforma ideas filosóficas complejas en argumentos accesibles y contundentes. Su aproximación directa a los problemas cotidianos resulta liberadora para quienes buscan claridad sin edulcorante.
978-701-999-5961-4;Libro 0229 - Economía/Negocios;Ha-Joon Chang;Tusquets;Economía/Negocios;1991;Español;Tapa blanda;381;37.2;21.36;42.57;Sí;Sí;Sí;2019-12-11;Con un tono accesible y datos contundentes, Chang explica por qué las políticas económicas que funcionaron en los países ricos se niegan a los países en desarrollo. Imprescindible para entender la economía global.
978-309-454-9156-3;Libro 0230 - No Ficción;Steven Pinker;Tusquets;No Ficción;1998;Español;Tapa blanda;188;25.57;15.63;38.86;Sí;Sí;No;2020-12-23;Con su dominio de la psicología cognitiva y la estadística, Pinker desmonta mitos pesimistas sobre el presente. Una obra que invita a ver el progreso sin ingenuidad pero con confianza en la razón humana.
978-741-275-6421-3;Libro 0231 - Idiomas;Michael Swan;Salamandra;Idiomas;1995;Español;Tapa blanda;301;24.08;17.31;28.13;Sí;Sí;Sí;2022-09-12;Con una organización impecable y ejemplos tomados del inglés cotidiano, Swan construyó una obra de referencia que ha ayudado a millones de estudiantes a dominar los matices del idioma.
978-642-542-2629-4;Libro 0232 - Cómics/Manga;Alan Moore;Destino;Cómics/Manga;2009;Español;Tapa blanda;181;15.11;10.21;32.43;Sí;Sí;Sí;2022-12-25;Una obra que redefine los límites del noveno arte. Moore demuestra que el cómic puede ser tan ambicioso y complejo como cualquier otra forma literaria.
978-824-788-2728-5;Libro 0233 - Arte y Fotografía;John Berger;Anagrama;Arte y Fotografía;2004;Inglés;Tapa dura;333;58.3;44.22;24.15;Sí;Sí;Sí;2021-01-28;Berger revolucionó la crítica de arte con su capacidad para conectar las obras del pasado con las relaciones de poder del presente. Un texto que cambia para siempre la manera de mirar una imagen.
978-135-381-4723-9;Libro 0234 - Autoayuda;James Clear;Alianza Editorial;Autoayuda;2008;Inglés;Tapa blanda;185;20.99;10.96;47.8;Sí;No;Sí;2020-05-05;Clear presenta un sistema revolucionario para crear buenos hábitos y eliminar los malos. Basado en la psicología del comportamiento, demuestra cómo pequeñas mejoras diarias generan transformaciones extraordinarias a largo plazo.
978-364-903-8072-0;Libro 0235 - Historia;Tom Holland;Random House;Historia;2015;Inglés;Tapa dura;536;28.53;20.26;29.0;Sí;Sí;Sí;2023-11-12;Holland es uno de los mejores historiadores divulgativos de su generación. Sus libros sobre la antigüedad clásica combinan rigor académico con una narrativa ágil que hace de la historia antigua un drama vivo.
978-424-945-9147-0;Libro 0236 - Economía/Negocios;Ha-Joon Chang;Tusquets;Economía/Negocios;1992;Español;Tapa blanda;267;18.13;10.09;44.35;Sí;Sí;Sí;2019-12-23;Chang combina rigor académico con ironía inteligente para revisar la historia económica mundial. Una obra que te hace cuestionar muchas certezas sobre el capitalismo y el desarrollo.
978-273-650-6579-5;Libro 0237 - No Ficción;Steven Pinker;Ariel;No Ficción;1996;Español;Tapa blanda;240;22.57;12.46;44.79;Sí;Sí;Sí;2023-05-30;Pinker combina ciencia cognitiva, historia y filosofía para defender el valor de la razón y la ciencia. Un libro que molesta a las ideologías de todos los signos, lo cual es ya un mérito.
978-148-469-6123-5;Libro 0238 - Autoayuda;Dale Carnegie;Tusquets;Autoayuda;2002;Español;Tapa blanda;350;14.01;8.89;36.54;Sí;Sí;Sí;2020-02-07;Con casos prácticos y un estilo ameno, Carnegie enseña a escuchar activamente, reconocer los logros ajenos y evitar la crítica destructiva. Una guía indispensable para el desarrollo de la inteligencia interpersonal.
978-323-671-6518-3;Libro 0239 - Infantil/Juvenil;Laura Gallego;Ediciones B;Infantil/Juvenil;2012;Español;Tapa blanda;129;10.63;7.2;32.25;Sí;Sí;Sí;2023-10-31;Gallego es la autora de fantasía juvenil más querida en lengua española. Sus mundos están construidos con una coherencia interna impresionante y sus personajes tienen una profundidad emocional poco común en el género.
978-247-475-6315-8;Libro 0240 - Idiomas;Alan Grieve;Espasa;Idiomas;1993;Español;Tapa dura;495;33.27;22.8;31.46;Sí;No;Sí;2022-02-07;Grieve es un pedagogo que entiende cómo aprenden los adultos. Sus libros equilibran estructura gramatical con práctica comunicativa para crear un aprendizaje sólido y funcional.
978-147-812-1155-4;Libro 0241 - Arte y Fotografía;John Berger;Espasa;Arte y Fotografía;2014;Español;Bolsillo;329;46.48;33.47;28.0;Sí;Sí;Sí;2020-02-07;Con una prosa elegante y una mirada política aguda, Berger analiza cómo la historia del arte ha construido y reproducido ideologías. Imprescindible para cualquier persona interesada en el arte o la cultura visual.
978-891-829-9865-2;Libro 0242 - Arte y Fotografía;John Berger;Anagrama;Arte y Fotografía;2013;Español;Tapa blanda;177;44.93;29.97;33.3;No;Sí;Sí;2022-10-20;Berger combina el rigor del crítico con la sensibilidad del artista para explorar el significado de las imágenes en la cultura occidental. Una obra que enriquece profundamente la experiencia estética.
978-688-702-3771-2;Libro 0243 - Autoayuda;Mark Manson;Salamandra;Autoayuda;2023;Español;Tapa blanda;267;16.43;8.36;49.12;Sí;No;Sí;2022-02-21;Una crítica acerada al culto al éxito fácil. Manson propone algo más difícil y valioso: aprender a fallar con dignidad y a elegir con qué lucha merece la pena comprometerse.
978-199-549-8295-0;Libro 0244 - Idiomas;Alan Grieve;Paidós;Idiomas;2022;Español;Tapa blanda;355;30.08;18.69;37.85;Sí;No;Sí;2021-06-29;Grieve diseñó recursos pedagógicos para el aprendizaje de idiomas que destacan por su practicidad y su atención a los contextos reales de uso.
978-478-777-9786-6;Libro 0245 - Economía/Negocios;Thomas Piketty;Crítica;Economía/Negocios;1985;Español;Tapa blanda;478;28.15;18.83;33.11;Sí;Sí;Sí;2022-06-15;Una obra que combina teoría económica con aplicación práctica. El autor aporta herramientas concretas para entender los mercados y las decisiones estratégicas en un mundo complejo.
978-606-268-1410-1;Libro 0246 - Autoayuda;Robin Sharma;Paidós;Autoayuda;1987;Español;Tapa blanda;248;19.05;12.16;36.19;Sí;Sí;Sí;2019-09-21;Con su característico estilo inspirador, Sharma propone una filosofía de vida basada en la disciplina, la mentalidad de crecimiento y el servicio a los demás. Ideal para quienes buscan transformar sus rutinas.
978-626-527-5190-1;Libro 0247 - Infantil/Juvenil;Jeff Kinney;Planeta;Infantil/Juvenil;1996;Español;Bolsillo;260;13.69;7.77;43.26;Sí;Sí;Sí;2022-01-15;Kinney creó uno de los personajes más queridos de la literatura juvenil actual. El humor cotidiano, los malentendidos generacionales y la búsqueda de identidad hacen de esta serie una lectura adictiva.
978-744-456-1346-5;Libro 0248 - Ciencia y Tecnología;Carl Sagan;Penguin Clásicos;Ciencia y Tecnología;1987;Español;Tapa blanda;697;30.32;21.35;29.6;Sí;Sí;Sí;2020-10-05;La voz de Sagan transmite una reverencia genuina por el universo y por la ciencia. Sus libros son los más cálidos de la divulgación científica, porque siempre hablan también del ser humano.
978-84-577-6016-7;Libro 0249 - Cómics/Manga;Art Spiegelman;Destino;Cómics/Manga;1992;Español;Bolsillo;267;10.89;6.35;41.7;Sí;Sí;Sí;2019-02-05;Spiegelman utiliza el cómic para narrar el Holocausto a través de la historia de su padre. Una obra desgarradora y necesaria que demostró al mundo que el cómic puede abordar los temas más graves.
978-240-395-7211-6;Libro 0250 - Historia;Ian Kershaw;Paidós;Historia;1988;Español;Tapa blanda;380;16.31;10.35;36.53;Sí;Sí;Sí;2019-09-16;Con acceso a fuentes primarias únicas y una perspectiva histórica de largo alcance, Kershaw reconstruye uno de los períodos más oscuros de la historia con una objetividad y una profundidad que lo convierten en referencia.
978-312-155-8708-2;Libro 0251 - Historia;Mary Beard;Salamandra;Historia;2009;Español;Tapa dura;531;17.81;11.94;32.96;Sí;Sí;No;2019-02-16;Con una erudición que nunca se vuelve pedante, Beard cuestiona los relatos establecidos sobre Grecia y Roma. Sus obras son modelos de cómo hacer historia rigurosa y accesible al mismo tiempo.
978-900-451-4352-7;Libro 0252 - Ficción;Javier Marías;Crítica;Ficción;2004;Español;Tapa blanda;492;19.76;13.46;31.87;Sí;Sí;Sí;2020-06-08;Una narración que atrapa desde las primeras páginas. El autor maneja el tiempo y los puntos de vista con maestría, construyendo una historia que reflexiona sobre la identidad, la pertenencia y los lazos que nos definen.
978-175-905-3715-1;Libro 0253 - Historia;Mary Beard;Alfaguara;Historia;1994;Español;Tapa blanda;546;21.2;12.3;41.99;Sí;Sí;Sí;2019-06-06;Beard escribe con la irreverencia de quien conoce sus fuentes mejor que nadie. Sus revisiones de los mitos sobre el mundo clásico son a la vez académicamente solventes y sorprendentemente divertidas.
978-824-880-5455-0;Libro 0254 - Cómics/Manga;Art Spiegelman;Tusquets;Cómics/Manga;2001;Español;Tapa dura;152;16.81;10.66;36.58;No;Sí;Sí;2020-01-04;Con un trazo aparentemente simple pero lleno de significado, Spiegelman creó uno de los documentos más poderosos sobre la memoria, la identidad y el trauma intergeneracional.
978-851-856-6115-3;Libro 0255 - Ficción;Isabel Allende;Ediciones B;Ficción;2019;Catalán;Tapa blanda;577;11.26;6.61;41.26;Sí;Sí;No;2021-09-19;Sus novelas son mundos completos en los que la historia, el amor y la tragedia se entrelazan con naturalidad. Allende es la gran narradora de los afectos en lengua española.
978-747-791-9537-1;Libro 0256 - Economía/Negocios;Adam Smith;Crítica;Economía/Negocios;1993;Español;Ebook;315;22.79;12.4;40.68;Sí;No;Sí;2021-08-07;Un texto que transformó para siempre el pensamiento económico occidental. Smith combina filosofía moral con observación empírica para trazar los principios del capitalismo de mercado.
978-255-369-2720-9;Libro 0257 - Historia;Antony Beevor;Siruela;Historia;2005;Español;Tapa blanda;453;15.87;10.46;34.06;Sí;Sí;Sí;2021-01-14;Un libro de historia que trasciende la mera crónica de hechos. El autor se interesa por las personas, las ideas y los conflictos que dieron forma a su época.
978-414-313-6609-1;Libro 0258 - Idiomas;Raymond Murphy;Alfaguara;Idiomas;2003;Catalán;Tapa blanda;244;20.69;14.86;28.19;Sí;Sí;Sí;2019-08-18;Murphy entendió que aprender gramática no tiene que ser aburrido. Sus explicaciones precisas y sus ejercicios contextualizados hacen del inglés una lengua que se puede dominar con constancia y buen método.
978-907-521-4294-4;Libro 0259 - Cómics/Manga;Art Spiegelman;Ariel;Cómics/Manga;2014;Español;Tapa blanda;161;8.84;5.62;36.48;Sí;Sí;No;2023-06-12;Maus es la obra que legitimó el cómic como forma literaria seria. Spiegelman demostró que el noveno arte puede hacer lo que la literatura convencional a veces no puede: mostrar lo indecible.
978-88-418-1850-8;Libro 0260 - Cómics/Manga;Art Spiegelman;Alfaguara;Cómics/Manga;1986;Español;Tapa dura;243;8.02;5.37;33.04;Sí;Sí;Sí;2022-02-16;Spiegelman utiliza el cómic para narrar el Holocausto a través de la historia de su padre. Una obra desgarradora y necesaria que demostró al mundo que el cómic puede abordar los temas más graves.
978-677-703-9771-9;Libro 0261 - Cómics/Manga;Alan Moore;Penguin Clásicos;Cómics/Manga;2005;Inglés;Bolsillo;143;10.14;7.03;30.69;Sí;Sí;Sí;2021-09-11;Moore construye guiones con la densidad de las mejores novelas. Su dominio del simbolismo, la intertextualidad y la psicología de los personajes es sin igual en el medio.
978-846-932-7339-5;Libro 0262 - Historia;Antony Beevor;Random House;Historia;2020;Inglés;Tapa blanda;421;23.73;15.59;34.31;Sí;Sí;Sí;2023-09-25;Con acceso a fuentes primarias y una interpretación original, el autor revisita un capítulo de la historia que invita a cuestionar los relatos establecidos.
978-330-116-5570-5;Libro 0263 - Arte y Fotografía;John Berger;Planeta;Arte y Fotografía;1989;Euskera;Bolsillo;172;58.93;41.98;28.77;Sí;Sí;Sí;2021-08-14;Una de las voces más originales de la crítica cultural del siglo XX. Berger revela las dimensiones políticas y económicas que subyacen en la producción artística con una lucidez que sigue siendo vigente.
978-355-978-8276-6;Libro 0264 - Arte y Fotografía;John Berger;Penguin Clásicos;Arte y Fotografía;2016;Español;Tapa dura;312;39.33;29.83;24.15;Sí;Sí;Sí;2023-04-26;Berger escribe sobre arte como quien escribe sobre amor: con devoción y lucidez a partes iguales. Sus análisis conectan las obras con el mundo que las produce de una manera que ningún otro crítico ha igualado.
978-564-275-3976-1;Libro 0265 - Cómics/Manga;Frank Miller;Destino;Cómics/Manga;2010;Español;Bolsillo;135;11.11;6.57;40.83;Sí;Sí;Sí;2020-12-17;Miller reinventó el cómic de superhéroes con una visión oscura y cinematográfica. Sus historias combinan acción visceral con crítica social, creando un estilo que ha influido a generaciones de autores.
978-322-536-2462-4;Libro 0266 - Economía/Negocios;Adam Smith;Salamandra;Economía/Negocios;1994;Español;Tapa blanda;229;19.74;12.77;35.3;Sí;Sí;Sí;2019-08-28;Más matizado y complejo de lo que sus defensores suelen admitir, Smith construyó una teoría económica que es también una teoría moral. Leerlo en su contexto es redescubrirlo.
978-406-177-6925-8;Libro 0267 - Cómics/Manga;Naoki Urasawa;Destino;Cómics/Manga;2013;Español;Tapa blanda;269;11.54;7.97;30.91;Sí;Sí;Sí;2022-03-17;Urasawa teje tramas que mezclan thriller, drama y filosofía con una habilidad narrativa excepcional. Sus obras exigen atención y recompensan al lector con una experiencia que trasciende el entretenimiento.
978-681-603-6577-6;Libro 0268 - No Ficción;Michael Lewis;Random House;No Ficción;1992;Español;Bolsillo;450;21.56;13.14;39.05;Sí;Sí;Sí;2020-03-12;Nadie cuenta mejor que Lewis cómo funciona el dinero en la práctica. Sus retratos de traders, inversores y reguladores son al mismo tiempo retratos de la condición humana bajo presión.
978-301-644-8829-3;Libro 0269 - Economía/Negocios;Ha-Joon Chang;Destino;Economía/Negocios;1988;Español;Tapa blanda;360;36.44;24.96;31.51;Sí;Sí;Sí;2020-02-06;El economista más legible del mundo. Chang tiene la rara virtud de hacer accesible la economía sin simplificarla, y de defender posiciones heterodoxas con argumentos difíciles de refutar.
978-888-455-7868-2;Libro 0270 - Historia;Mary Beard;Random House;Historia;2006;Español;Tapa blanda;354;14.54;9.07;37.64;Sí;Sí;Sí;2021-08-26;Beard desmitifica el mundo clásico con un rigor académico y un sentido del humor que la distinguen del resto de los historiadores. Sus libros sobre Roma hacen de la antigüedad algo tangible y contemporáneo.
978-456-121-2855-3;Libro 0271 - Arte y Fotografía;Giorgio Vasari;Alianza Editorial;Arte y Fotografía;2009;Español;Tapa blanda;342;58.86;38.54;34.52;Sí;Sí;Sí;2020-09-30;Una obra de una vitalidad asombrosa. Vasari escribe sobre los artistas del Renacimiento con la admiración de un colega y la precisión de un observador privilegiado de uno de los períodos más creativos de la historia.
978-399-817-8539-1;Libro 0272 - Autoayuda;Mark Manson;Crítica;Autoayuda;2020;Español;Tapa dura;175;17.24;8.78;49.09;Sí;No;Sí;2020-12-30;Manson combina referencias filosóficas con anécdotas personales para construir un argumento original sobre la responsabilidad y los valores. Una voz única en un género que a menudo promete demasiado.
978-427-355-1778-8;Libro 0273 - No Ficción;Yuval Noah Harari;Ediciones B;No Ficción;2000;Español;Tapa dura;426;18.49;12.44;32.7;Sí;Sí;Sí;2023-07-02;Harari es un narrador de la historia humana sin precedentes. Su capacidad para conectar épocas, disciplinas y culturas en un argumento coherente y accesible es verdaderamente excepcional.
978-365-342-9443-5;Libro 0274 - Economía/Negocios;Adam Smith;Alfaguara;Economía/Negocios;1992;Español;Tapa dura;488;32.02;21.67;32.31;Sí;Sí;Sí;2021-11-06;La Riqueza de las Naciones es mucho más que un manual de economía: es una investigación filosófica sobre la naturaleza humana, la cooperación y las condiciones del bienestar colectivo.
978-437-232-3434-5;Libro 0275 - Arte y Fotografía;E.H. Gombrich;Crítica;Arte y Fotografía;1987;Inglés;Tapa blanda;287;68.92;46.3;32.82;Sí;Sí;No;2020-08-12;Gombrich tiene el don de hacer accesible lo complejo sin perder rigor. Su recorrido por la historia del arte occidental es a la vez una introducción y una obra de referencia para cualquier nivel.
978-567-427-6534-4;Libro 0276 - No Ficción;Steven Pinker;Crítica;No Ficción;2009;Español;Tapa dura;364;22.04;14.52;34.1;Sí;Sí;Sí;2021-06-05;Pinker ofrece un análisis riguroso y optimista de la evolución humana, apoyado en datos históricos. Argumenta que, a pesar de las apariencias, el mundo ha mejorado en casi todos los indicadores de bienestar.
978-124-975-2564-9;Libro 0277 - No Ficción;Michael Lewis;Crítica;No Ficción;2003;Euskera;Tapa blanda;320;18.53;11.4;38.49;Sí;Sí;No;2020-05-19;Lewis es el narrador del capitalismo moderno por excelencia. Con un estilo ágil y personajes memorables, explica los mecanismos más complejos de las finanzas con una claridad que ningún manual académico logra.
978-443-397-7252-4;Libro 0278 - No Ficción;Rutger Bregman;Destino;No Ficción;2007;Catalán;Tapa blanda;432;24.28;14.54;40.13;Sí;Sí;Sí;2023-11-11;Una lectura esperanzadora y bien documentada sobre el potencial humano para la cooperación. Bregman recupera experimentos sociales y momentos históricos olvidados para construir un argumento a favor del optimismo.
978-353-800-5198-1;Libro 0279 - Idiomas;Raymond Murphy;Paidós;Idiomas;1994;Catalán;Tapa blanda;595;32.78;20.76;36.67;Sí;Sí;Sí;2020-10-24;Murphy creó el manual de gramática inglesa más utilizado en el mundo. Su enfoque claro y sistemático, con ejercicios progresivos, lo hace indispensable para estudiantes de todos los niveles.
978-280-841-9403-0;Libro 0280 - Economía/Negocios;Daron Acemoglu;Ediciones B;Economía/Negocios;1994;Español;Tapa blanda;349;24.32;14.23;41.48;Sí;Sí;Sí;2020-02-19;Acemoglu es uno de los economistas más influyentes de su generación. Su análisis institucional del desarrollo económico ha cambiado la forma en que pensamos sobre la riqueza y la pobreza de las naciones.
978-598-894-6527-3;Libro 0281 - Infantil/Juvenil;Jeff Kinney;Alfaguara;Infantil/Juvenil;2018;Español;Tapa blanda;220;11.17;6.14;45.02;Sí;Sí;Sí;2019-03-19;Con su formato de diario ilustrado, Kinney captura con precisión y gracia la experiencia de crecer. Sus libros son perfectos para los lectores reacios y para cualquiera que recuerde con nostalgia la adolescencia.
978-451-996-9698-0;Libro 0282 - Historia;Mary Beard;Crítica;Historia;1990;Español;Tapa dura;264;28.23;17.18;39.16;Sí;Sí;Sí;2022-08-01;Con una erudición que nunca se vuelve pedante, Beard cuestiona los relatos establecidos sobre Grecia y Roma. Sus obras son modelos de cómo hacer historia rigurosa y accesible al mismo tiempo.
978-87-635-8259-0;Libro 0283 - Infantil/Juvenil;Cornelia Funke;Paidós;Infantil/Juvenil;2018;Español;Tapa blanda;288;14.72;9.31;36.76;Sí;Sí;Sí;2022-08-20;Funke es una de las grandes narradoras de literatura infantil y juvenil contemporánea. Sus mundos fantásticos están construidos con una atención al detalle y una emoción que atrapan tanto a niños como a adultos.
978-743-850-2976-5;Libro 0284 - Ciencia y Tecnología;Neil deGrasse Tyson;Espasa;Ciencia y Tecnología;1993;Español;Tapa dura;566;50.25;36.77;26.82;Sí;Sí;Sí;2020-01-16;Tyson argumenta que comprender el universo nos hace más humildes y más maravillados. Sus libros son una celebración de la curiosidad científica escrita con gracia y sentido del humor.
978-483-197-2279-0;Libro 0285 - Historia;Ian Kershaw;Crítica;Historia;2003;Español;Tapa dura;420;28.56;19.72;30.94;Sí;Sí;Sí;2020-10-25;Kershaw es el gran cartógrafo del horror nazi. Sus libros son lecturas necesarias, aunque difíciles, para entender cómo la modernidad puede producir la barbarie.
978-176-157-6586-1;Libro 0286 - Idiomas;Michael Swan;Tusquets;Idiomas;2006;Español;Tapa blanda;448;22.0;15.32;30.36;Sí;Sí;Sí;2019-04-25;Swan es el referente de los profesores de inglés en todo el mundo. Su capacidad para distinguir entre usos formales e informales y para explicar los casos complejos con claridad no tiene igual.
978-456-561-5923-4;Libro 0287 - Infantil/Juvenil;Laura Gallego;Random House;Infantil/Juvenil;2020;Español;Bolsillo;300;13.96;8.87;36.45;Sí;Sí;Sí;2020-08-26;Con una narrativa ágil y personajes complejos, Gallego lleva a sus lectores a mundos de fantasía elaborados con esmero. Una autora que ha formado a toda una generación de lectores en castellano.
978-360-438-5995-3;Libro 0288 - Historia;Mary Beard;Anagrama;Historia;2003;Español;Tapa dura;304;26.64;18.17;31.78;Sí;Sí;Sí;2020-03-08;Beard escribe con la irreverencia de quien conoce sus fuentes mejor que nadie. Sus revisiones de los mitos sobre el mundo clásico son a la vez académicamente solventes y sorprendentemente divertidas.
978-933-124-7287-4;Libro 0289 - Ciencia y Tecnología;Stephen Hawking;Ariel;Ciencia y Tecnología;1990;Español;Tapa blanda;392;40.93;28.82;29.58;Sí;No;Sí;2022-11-26;Con su inconfundible capacidad para simplificar lo complejo, Hawking lleva al lector por los grandes interrogantes sobre el espacio, el tiempo y la existencia. Una lectura que ensancha los límites de lo imaginable.
978-761-436-3394-0;Libro 0290 - Cómics/Manga;Osamu Tezuka;Destino;Cómics/Manga;1985;Español;Tapa dura;246;8.89;6.19;30.32;Sí;Sí;Sí;2023-04-05;Tezuka revolucionó el lenguaje del cómic japonés combinando influencias del cine occidental con la sensibilidad estética del Japón de posguerra. Cada página es un testimonio de su genio creativo.
978-848-719-1282-7;Libro 0291 - Idiomas;Alan Grieve;Anagrama;Idiomas;1980;Español;Tapa blanda;251;33.03;23.41;29.11;Sí;Sí;Sí;2020-11-20;Con un enfoque comunicativo y materiales actualizados, Grieve ofrece herramientas efectivas para el aprendizaje progresivo del inglés, prestando especial atención al vocabulario en contexto.
978-430-191-7308-4;Libro 0292 - Ciencia y Tecnología;Richard Dawkins;Espasa;Ciencia y Tecnología;2022;Español;Tapa blanda;693;51.1;33.17;35.09;Sí;No;Sí;2020-10-15;Dawkins escribe con la convicción de quien ha dedicado su vida a entender la evolución. Sus libros son modelos de cómo hacer ciencia accesible sin perder la profundidad.
978-380-445-8262-7;Libro 0293 - Autoayuda;Mark Manson;Paidós;Autoayuda;2006;Español;Tapa blanda;313;18.34;11.69;36.28;Sí;Sí;Sí;2021-12-22;Un libro provocador que desafía la cultura del positivismo forzado. Manson argumenta que la clave del bienestar no está en evitar los problemas sino en elegir cuáles merecen nuestra energía. Directo, irreverente y sorprendentemente sabio.
978-311-874-9820-7;Libro 0294 - Economía/Negocios;Thomas Piketty;Destino;Economía/Negocios;2017;Español;Tapa blanda;459;18.63;10.84;41.79;Sí;No;Sí;2022-09-14;Un libro que hace de la economía algo comprensible y urgente. El autor conecta los grandes datos macroeconómicos con las decisiones que tomamos todos los días.
978-669-694-5309-9;Libro 0295 - Autoayuda;Mark Manson;Tusquets;Autoayuda;2024;Inglés;Tapa blanda;262;14.34;8.58;40.17;Sí;Sí;Sí;2021-12-11;Manson ofrece una perspectiva refrescante sobre el éxito y la felicidad, alejada de los clichés motivacionales. Con humor y contundencia, propone centrarse en lo verdaderamente importante y dejar ir lo superficial.
978-827-633-1172-4;Libro 0296 - Cómics/Manga;Alan Moore;Planeta;Cómics/Manga;1996;Español;Tapa blanda;157;16.57;10.79;34.9;Sí;Sí;Sí;2021-06-26;Cada obra de Moore es una declaración de principios sobre el potencial del cómic. Sus historias son oscuras porque la oscuridad es necesaria para que la luz tenga sentido.
978-486-649-2452-9;Libro 0297 - Infantil/Juvenil;Cornelia Funke;Paidós;Infantil/Juvenil;1997;Español;Bolsillo;115;17.85;11.31;36.62;Sí;Sí;Sí;2023-04-30;Con una imaginación extraordinaria y un estilo fluido y vívido, Funke crea aventuras llenas de matices. Sus personajes enfrentan dilemas morales reales en contextos fantásticos que los hacen inolvidables.
978-179-384-4400-2;Libro 0298 - Ciencia y Tecnología;Stephen Hawking;Ariel;Ciencia y Tecnología;2018;Gallego;Tapa blanda;591;35.09;23.66;32.57;Sí;Sí;Sí;2022-10-24;Hawking demostró que la física teórica puede ser literatura de masas. Su capacidad para traducir ecuaciones en narrativa es un regalo para la humanidad curiosa.
978-108-849-2817-9;Libro 0299 - Arte y Fotografía;E.H. Gombrich;Siruela;Arte y Fotografía;2015;Español;Tapa dura;345;30.84;22.66;26.53;Sí;Sí;Sí;2022-09-13;Con una mirada siempre fresca y un dominio enciclopédico, Gombrich explica no solo qué se hizo en el arte sino por qué se hizo así. Un libro que transforma la experiencia de visitar cualquier museo.
978-778-123-3658-1;Libro 0300 - Economía/Negocios;Thomas Piketty;Salamandra;Economía/Negocios;1982;Español;Tapa dura;442;20.2;11.25;44.32;Sí;Sí;Sí;2020-10-24;Un análisis perspicaz de los mecanismos económicos que rigen el mundo contemporáneo. El autor combina rigor académico con ejemplos concretos para explicar fenómenos que afectan a nuestra vida cotidiana.
978-779-725-8944-4;Libro 0301 - Ficción;Arturo Pérez-Reverte;Siruela;Ficción;2018;Español;Tapa dura;591;13.82;9.74;29.54;Sí;Sí;Sí;2021-06-28;La ironía, la elegancia y la violencia conviven en las páginas de Pérez-Reverte con una naturalidad que lo distingue de cualquier otro escritor en español.
978-178-245-3533-6;Libro 0302 - Infantil/Juvenil;Jeff Kinney;Crítica;Infantil/Juvenil;1980;Español;Tapa blanda;85;13.96;9.18;34.25;Sí;Sí;Sí;2023-09-22;Kinney inventó un formato narrativo que ha convertido a lectores reticentes en lectores ávidos. Su humor universal y su mirada honesta a la infancia lo han convertido en un fenómeno cultural mundial.
978-376-480-1998-3;Libro 0303 - No Ficción;Steven Pinker;Destino;No Ficción;1997;Inglés;Tapa dura;383;19.43;11.26;42.07;Sí;Sí;Sí;2023-03-18;Con su dominio de la psicología cognitiva y la estadística, Pinker desmonta mitos pesimistas sobre el presente. Una obra que invita a ver el progreso sin ingenuidad pero con confianza en la razón humana.
978-465-496-1601-4;Libro 0304 - No Ficción;Walter Isaacson;Random House;No Ficción;1985;Español;Tapa blanda;279;25.26;16.36;35.24;Sí;Sí;Sí;2022-12-18;Isaacson tiene acceso donde otros no llegan y la inteligencia para usarlo bien. Sus biografías de Jobs, Einstein o Da Vinci son los mejores retratos disponibles de esas mentes excepcionales.
978-675-417-4494-2;Libro 0305 - Historia;Ian Kershaw;Crítica;Historia;2022;Inglés;Tapa blanda;405;18.95;11.07;41.58;Sí;Sí;Sí;2019-11-26;Kershaw es el biógrafo de referencia del nazismo. Sus análisis del ascenso y caída del Tercer Reich combinan una erudición impresionante con una narrativa que mantiene la tensión de una novela.
978-376-118-6982-7;Libro 0306 - Arte y Fotografía;Giorgio Vasari;Ediciones B;Arte y Fotografía;1995;Español;Tapa blanda;266;67.92;48.49;28.6;Sí;Sí;Sí;2022-12-17;Vasari fue el primer gran historiador del arte y su obra es el punto de partida de toda la historia del arte occidental. Un recorrido fascinante por el Renacimiento italiano que combina biografía, crítica y elogio apasionado.
978-777-506-4233-9;Libro 0307 - Idiomas;Alan Grieve;Alianza Editorial;Idiomas;1989;Español;Tapa dura;217;35.1;24.31;30.73;Sí;Sí;Sí;2020-12-03;Grieve es un pedagogo que entiende cómo aprenden los adultos. Sus libros equilibran estructura gramatical con práctica comunicativa para crear un aprendizaje sólido y funcional.
978-423-808-3629-8;Libro 0308 - Autoayuda;Mark Manson;Paidós;Autoayuda;2021;Español;Bolsillo;233;12.08;7.02;41.87;Sí;Sí;Sí;2020-05-20;Con un estilo desenfadado y sin rodeos, Manson desmonta mitos sobre el éxito y la autoestima. Una lectura incómoda en el mejor sentido: te obliga a replantearte qué es lo que realmente importa en la vida.
978-774-681-4439-9;Libro 0309 - Autoayuda;James Clear;Siruela;Autoayuda;2005;Catalán;Tapa dura;220;19.6;12.66;35.4;Sí;Sí;Sí;2019-11-09;Un manual práctico que combina neurociencia y psicología conductual. Clear argumenta que el uno por ciento de mejora diaria, sostenida en el tiempo, produce resultados que ningún gran esfuerzo puntual puede igualar.
978-509-902-1338-9;Libro 0310 - Historia;Mary Beard;Paidós;Historia;1995;Español;Tapa blanda;486;28.89;18.37;36.4;Sí;Sí;Sí;2019-03-10;Beard desmitifica el mundo clásico con un rigor académico y un sentido del humor que la distinguen del resto de los historiadores. Sus libros sobre Roma hacen de la antigüedad algo tangible y contemporáneo.
978-248-363-9178-7;Libro 0311 - Ficción;Ken Follett;Planeta;Ficción;2005;Español;Tapa blanda;547;16.6;10.52;36.62;Sí;No;Sí;2020-12-03;Follett hace que la historia sea emocionante. Sus novelas sobre la Edad Media o las guerras del siglo XX tienen el ritmo de un thriller y la profundidad de un fresco histórico.
978-623-186-6886-7;Libro 0312 - Autoayuda;Brené Brown;Random House;Autoayuda;2002;Español;Tapa dura;277;19.49;10.47;46.29;Sí;Sí;Sí;2023-01-10;Brown argumenta con datos y con pasión que la vergüenza es el freno más poderoso para el desarrollo personal. Un libro que incomoda y transforma a partes iguales.
978-938-140-6651-2;Libro 0313 - Historia;Ian Kershaw;Planeta;Historia;1981;Español;Tapa dura;305;23.58;15.53;34.12;Sí;Sí;Sí;2021-03-22;Con acceso a fuentes primarias únicas y una perspectiva histórica de largo alcance, Kershaw reconstruye uno de los períodos más oscuros de la historia con una objetividad y una profundidad que lo convierten en referencia.
978-558-621-5347-6;Libro 0314 - Arte y Fotografía;John Berger;Ediciones B;Arte y Fotografía;2011;Español;Tapa dura;278;40.86;29.33;28.22;Sí;Sí;Sí;2020-03-02;La influencia de Berger en cómo pensamos sobre las imágenes es comparable a la de Freud en cómo pensamos sobre los sueños. Un pensador que cambió el vocabulario de la crítica visual.
978-193-234-7214-1;Libro 0315 - Economía/Negocios;Thomas Piketty;Planeta;Economía/Negocios;2016;Español;Tapa dura;263;20.87;13.61;34.8;Sí;Sí;Sí;2022-05-13;Con un estilo directo y sin tecnicismos innecesarios, el autor desmonta mitos económicos y ofrece una visión más matizada de los mercados, las instituciones y las políticas públicas.
978-438-705-7148-7;Libro 0316 - No Ficción;Walter Isaacson;Ediciones B;No Ficción;2009;Catalán;Tapa blanda;259;17.58;11.9;32.3;Sí;Sí;No;2022-02-02;Isaacson es el biógrafo de los grandes genios del siglo XX y XXI. Sus retratos combinan acceso privilegiado con una capacidad narrativa que convierte la vida de personas complejas en historias apasionantes.
978-340-363-8512-5;Libro 0317 - Autoayuda;James Clear;Random House;Autoayuda;1981;Español;Tapa blanda;219;19.21;12.48;35.05;Sí;Sí;Sí;2023-03-25;Con claridad y precisión, Clear explica por qué los hábitos son el fundamento del éxito y cómo diseñar un entorno que facilite el cambio positivo. Imprescindible para cualquier persona que quiera transformar su vida.
978-627-877-3175-3;Libro 0318 - Ficción;Almudena Grandes;Tusquets;Ficción;1981;Inglés;Tapa blanda;235;15.78;9.65;38.85;Sí;Sí;Sí;2022-05-12;El autor construye una historia que funciona en múltiples niveles: como aventura, como reflexión filosófica y como retrato de una época. Una novela que merece ser releída.
978-568-296-5465-4;Libro 0319 - Economía/Negocios;Ha-Joon Chang;Planeta;Economía/Negocios;2015;Español;Tapa blanda;322;23.96;13.55;43.43;Sí;No;Sí;2022-10-09;Chang es el abogado del diablo del libre mercado. Sus revisiones históricas del capitalismo real demuestran que el mercado siempre ha necesitado del Estado para funcionar, con independencia de lo que diga la teoría.
978-313-660-8056-8;Libro 0320 - Autoayuda;Mark Manson;Alfaguara;Autoayuda;2005;Español;Tapa blanda;280;12.46;6.32;49.26;Sí;Sí;Sí;2022-11-02;Este ensayo rompe con la literatura de autoayuda convencional. Manson defiende que aceptar nuestras limitaciones y elegir nuestros valores conscientemente es más transformador que cualquier técnica de pensamiento positivo.
978-152-734-5557-6;Libro 0321 - Cómics/Manga;Naoki Urasawa;Siruela;Cómics/Manga;2003;Español;Tapa blanda;122;15.09;8.88;41.18;Sí;Sí;Sí;2020-06-07;Cada personaje de Urasawa tiene una historia que importa. Su capacidad para manejar narrativas coral de gran complejidad sin perder nunca al lector es la marca de un genio del cómic.
978-424-794-2190-0;Libro 0322 - Cómics/Manga;Naoki Urasawa;Random House;Cómics/Manga;1997;Español;Tapa blanda;291;12.97;8.29;36.12;Sí;Sí;Sí;2019-07-19;Urasawa escribe thrillers de la mente con el lenguaje del manga. Sus historias plantean dilemas éticos y filosóficos envueltos en una acción que no da respiro.
978-836-754-3964-3;Libro 0323 - Arte y Fotografía;John Berger;Alfaguara;Arte y Fotografía;1996;Inglés;Bolsillo;177;37.07;24.32;34.39;Sí;Sí;Sí;2021-08-25;Berger revolucionó la crítica de arte con su capacidad para conectar las obras del pasado con las relaciones de poder del presente. Un texto que cambia para siempre la manera de mirar una imagen.
978-833-881-8394-1;Libro 0324 - Cómics/Manga;Alan Moore;Penguin Clásicos;Cómics/Manga;2019;Español;Bolsillo;284;15.46;10.46;32.33;Sí;Sí;Sí;2020-02-02;Moore es el maestro del cómic adulto y literario. En esta obra combina dibujo expresivo con una narrativa compleja que aborda temas de poder, identidad y moral. Una lectura que eleva el cómic a la gran literatura.
978-622-354-7651-4;Libro 0325 - Cómics/Manga;Naoki Urasawa;Alfaguara;Cómics/Manga;2021;Español;Tapa dura;154;14.62;10.21;30.19;Sí;Sí;Sí;2021-12-06;Urasawa es uno de los mangakas más dotados de su generación. Sus historias combinan suspense psicológico, personajes profundos y un dominio del ritmo narrativo que mantiene al lector en vilo hasta el final.
978-163-567-3095-8;Libro 0326 - Cómics/Manga;Art Spiegelman;Siruela;Cómics/Manga;2017;Español;Tapa blanda;231;11.25;6.7;40.43;Sí;Sí;Sí;2019-04-11;Con un trazo aparentemente simple pero lleno de significado, Spiegelman creó uno de los documentos más poderosos sobre la memoria, la identidad y el trauma intergeneracional.
978-635-721-6730-5;Libro 0327 - Historia;Tom Holland;Crítica;Historia;1980;Español;Tapa blanda;581;22.09;13.21;40.21;Sí;Sí;Sí;2019-04-19;Con una prosa vibrante y un dominio de las fuentes clásicas, Holland reconstruye el mundo grecolatino con una viveza que los textos académicos raramente alcanzan. Indispensable para los amantes de la historia.
978-581-333-2286-3;Libro 0328 - Arte y Fotografía;John Berger;Anagrama;Arte y Fotografía;1984;Español;Bolsillo;129;39.71;27.5;30.74;Sí;Sí;Sí;2020-11-20;Con una prosa elegante y una mirada política aguda, Berger analiza cómo la historia del arte ha construido y reproducido ideologías. Imprescindible para cualquier persona interesada en el arte o la cultura visual.
978-691-168-8254-3;Libro 0329 - Idiomas;Norman Whitney;Alianza Editorial;Idiomas;2024;Español;Tapa blanda;496;32.03;22.23;30.6;Sí;Sí;Sí;2021-05-24;Con un diseño pedagógico cuidado y textos adaptados a cada nivel, Whitney ofrece recursos de aprendizaje del inglés que funcionan tanto en el aula como en el estudio independiente.
978-263-531-6373-4;Libro 0330 - Historia;Jared Diamond;Penguin Clásicos;Historia;2014;Español;Tapa dura;545;24.96;16.58;33.59;Sí;Sí;Sí;2019-07-06;Un libro de historia que trasciende la mera crónica de hechos. El autor se interesa por las personas, las ideas y los conflictos que dieron forma a su época.
978-91-352-3277-1;Libro 0331 - Ficción;Stephen King;Anagrama;Ficción;2016;Español;Bolsillo;576;16.79;11.16;33.54;Sí;Sí;Sí;2022-07-01;King escribe con una fluidez y un instinto narrativo que pocos autores poseen. Sus libros, independientemente del género, son ante todo grandes historias sobre personas ordinarias en situaciones extraordinarias.
978-450-910-4037-1;Libro 0332 - Arte y Fotografía;John Berger;Ariel;Arte y Fotografía;2020;Español;Ebook;261;41.27;28.95;23.46;Sí;No;Sí;2020-02-16;Berger combina el rigor del crítico con la sensibilidad del artista para explorar el significado de las imágenes en la cultura occidental. Una obra que enriquece profundamente la experiencia estética.
978-310-987-8069-7;Libro 0333 - Idiomas;Norman Whitney;Destino;Idiomas;2007;Español;Tapa blanda;550;37.48;24.91;33.53;Sí;Sí;No;2022-11-29;Los materiales de Whitney tienen la virtud de presentar el idioma en contextos reales y motivadores. Un recurso que acompaña al estudiante con solidez desde los niveles básicos hasta los intermedios.
978-367-777-9229-9;Libro 0334 - Idiomas;Raymond Murphy;Salamandra;Idiomas;2004;Español;Tapa dura;241;33.11;20.69;37.5;Sí;Sí;No;2023-10-21;La claridad expositiva de Murphy y la organización lógica de sus contenidos hacen de este libro el punto de referencia para el aprendizaje de la gramática inglesa. Décadas de uso avalan su efectividad.
978-149-785-9681-4;Libro 0335 - Ciencia y Tecnología;Carl Sagan;Destino;Ciencia y Tecnología;2000;Español;Tapa dura;302;31.66;23.22;26.66;Sí;Sí;Sí;2023-08-28;Sagan es el maestro indiscutible de la divulgación científica. Este libro es un canto a la razón, a la belleza del cosmos y a la fragilidad de nuestro planeta. Una lectura que transforma la perspectiva para siempre.
978-935-253-2644-2;Libro 0336 - Autoayuda;Brené Brown;Alianza Editorial;Autoayuda;2010;Español;Tapa dura;162;18.11;10.64;41.24;Sí;Sí;Sí;2020-08-22;Una investigadora que escribe como novelista. Brown integra su experiencia personal en un argumento científico sólido sobre la conexión, el coraje y la pertenencia.
978-373-516-6953-3;Libro 0337 - Autoayuda;Brené Brown;Random House;Autoayuda;2009;Inglés;Tapa dura;178;19.51;11.79;39.55;Sí;Sí;Sí;2019-10-24;La investigadora Brown analiza el papel de la vulnerabilidad en la construcción de conexiones auténticas. Con rigor científico y cercanía personal, demuestra que atreverse a ser imperfecto es la base de una vida plena.
978-405-419-7886-5;Libro 0338 - Arte y Fotografía;John Berger;Alfaguara;Arte y Fotografía;2000;Catalán;Tapa blanda;339;61.5;41.42;32.65;Sí;Sí;Sí;2022-05-24;Una de las voces más originales de la crítica cultural del siglo XX. Berger revela las dimensiones políticas y económicas que subyacen en la producción artística con una lucidez que sigue siendo vigente.
978-335-591-1317-0;Libro 0339 - No Ficción;Michael Lewis;Ediciones B;No Ficción;1990;Español;Tapa dura;276;21.59;13.98;35.25;Sí;Sí;Sí;2021-01-27;Una crónica apasionante sobre los excesos y contradicciones del mundo financiero. Lewis construye una historia de ambición, riesgo y consecuencias que va mucho más allá del dinero.
978-264-462-3724-2;Libro 0340 - Infantil/Juvenil;Cornelia Funke;Ariel;Infantil/Juvenil;2009;Catalán;Tapa blanda;204;8.34;5.21;37.48;Sí;Sí;Sí;2020-10-08;Funke tiene el don de crear mundos que los lectores jóvenes quieren habitar. Sus novelas funcionan como portales a aventuras donde el coraje y la amistad son las únicas armas que importan.
978-154-489-3114-8;Libro 0341 - Idiomas;Norman Whitney;Ariel;Idiomas;1986;Español;Tapa dura;594;37.47;23.99;35.97;Sí;Sí;Sí;2020-10-04;Whitney desarrolló materiales de aprendizaje de inglés que combinan comprensión lectora, vocabulario y gramática de forma integrada. Sus libros son herramientas eficaces para el aprendizaje autónomo.
978-181-402-1958-9;Libro 0342 - Idiomas;Raymond Murphy;Crítica;Idiomas;2024;Inglés;Tapa blanda;332;27.26;18.81;31.0;Sí;Sí;Sí;2022-01-05;Murphy entendió que aprender gramática no tiene que ser aburrido. Sus explicaciones precisas y sus ejercicios contextualizados hacen del inglés una lengua que se puede dominar con constancia y buen método.
978-204-801-5748-2;Libro 0343 - Historia;Jared Diamond;Ediciones B;Historia;1993;Español;Bolsillo;252;19.19;13.17;31.35;Sí;No;Sí;2023-05-24;Con acceso a fuentes primarias y una interpretación original, el autor revisita un capítulo de la historia que invita a cuestionar los relatos establecidos.
978-826-702-1171-7;Libro 0344 - Economía/Negocios;Adam Smith;Salamandra;Economía/Negocios;2009;Español;Tapa dura;296;26.57;17.25;35.06;Sí;Sí;Sí;2022-03-08;La obra fundacional de la economía moderna. Smith analiza los mecanismos del mercado libre, la división del trabajo y la acumulación de riqueza con una visión que, siglos después, sigue siendo fuente de debate.
978-566-309-9977-5;Libro 0345 - Infantil/Juvenil;Rick Riordan;Paidós;Infantil/Juvenil;2005;Catalán;Tapa dura;127;16.64;11.03;33.74;Sí;Sí;Sí;2023-09-01;Un libro que respeta la inteligencia del lector joven. Con una narrativa ágil y personajes que evolucionan con autenticidad, el autor construye una historia que perdura.
978-784-448-6393-3;Libro 0346 - Idiomas;Norman Whitney;Paidós;Idiomas;1995;Inglés;Tapa blanda;540;19.99;13.32;33.38;Sí;Sí;Sí;2020-07-06;Con un diseño pedagógico cuidado y textos adaptados a cada nivel, Whitney ofrece recursos de aprendizaje del inglés que funcionan tanto en el aula como en el estudio independiente.
978-397-933-3560-8;Libro 0347 - Cómics/Manga;Osamu Tezuka;Tusquets;Cómics/Manga;2024;Español;Tapa blanda;233;13.51;7.93;41.32;Sí;Sí;Sí;2019-08-19;La obra de Tezuka es un universo en expansión: miles de páginas donde conviven robots con emociones, dioses con dudas y humanos en busca de su lugar en el cosmos.
978-695-477-5046-9;Libro 0348 - Ficción;Elena Ferrante;Anagrama;Ficción;1994;Español;Tapa blanda;211;10.83;6.42;40.76;Sí;Sí;Sí;2019-10-15;Ferrante escribe sobre la vida interior de las mujeres con una precisión que resulta casi dolorosa. Sus novelas son documentos de una sinceridad que la literatura raramente se permite.
978-658-971-8756-6;Libro 0349 - Autoayuda;Mark Manson;Crítica;Autoayuda;2009;Español;Bolsillo;224;15.04;9.43;37.28;Sí;No;Sí;2022-12-10;Provocador y honesto, Manson invita al lector a abandonar la búsqueda constante de la felicidad superficial. Un manifiesto para vivir con autenticidad, aceptando el fracaso como parte inevitable del crecimiento personal.
978-581-612-4585-1;Libro 0350 - Cómics/Manga;Naoki Urasawa;Crítica;Cómics/Manga;2004;Inglés;Tapa blanda;172;9.36;6.22;33.56;Sí;Sí;Sí;2021-09-20;Con un dominio del cliffhanger y la construcción de personajes que pocos autores igualan, Urasawa crea universos complejos donde la tensión no descansa. Una lectura absorbente que redefine los estándares del manga.
978-819-931-4956-3;Libro 0351 - Cómics/Manga;Frank Miller;Siruela;Cómics/Manga;2011;Español;Tapa dura;275;11.81;7.29;38.29;Sí;Sí;Sí;2019-05-31;Con un trazo expresionista y una narrativa sin concesiones, Miller explora los límites morales del héroe. Una obra brutal y poética que transformó para siempre el lenguaje del cómic.
978-734-813-1654-3;Libro 0352 - Autoayuda;Dale Carnegie;Random House;Autoayuda;2007;Español;Tapa dura;287;12.64;6.7;46.98;Sí;Sí;No;2022-10-14;Carnegie sintetizó décadas de observación del comportamiento humano en principios que cualquiera puede aplicar. Un libro generoso que parte de la convicción de que todos podemos mejorar nuestra forma de relacionarnos.
978-394-434-1016-0;Libro 0353 - Autoayuda;Mark Manson;Random House;Autoayuda;1986;Español;Tapa dura;264;21.17;10.98;48.12;Sí;No;Sí;2022-08-18;Manson transforma ideas filosóficas complejas en argumentos accesibles y contundentes. Su aproximación directa a los problemas cotidianos resulta liberadora para quienes buscan claridad sin edulcorante.
978-610-645-6058-5;Libro 0354 - Arte y Fotografía;Giorgio Vasari;Ediciones B;Arte y Fotografía;2001;Español;Tapa dura;146;31.81;22.43;29.48;Sí;Sí;Sí;2023-06-02;Con el entusiasmo del contemporáneo y la perspectiva del crítico, Vasari retrató a los grandes maestros del Renacimiento. Una obra que es a la vez documento histórico y declaración de amor al arte.
978-574-439-5255-2;Libro 0355 - Autoayuda;Dale Carnegie;Ediciones B;Autoayuda;1985;Español;Tapa blanda;286;17.25;10.85;37.1;Sí;Sí;Sí;2021-03-14;La influencia de Carnegie en la literatura de desarrollo personal es incalculable. Sus principios de comunicación y persuasión siguen siendo enseñados en escuelas de negocios de todo el mundo.
978-386-823-4471-8;Libro 0356 - Ciencia y Tecnología;Carl Sagan;Espasa;Ciencia y Tecnología;1983;Español;Tapa blanda;425;45.41;28.77;36.64;Sí;Sí;Sí;2023-03-20;Con una prosa poética y un rigor científico impecable, Sagan explora el lugar de la humanidad en el cosmos. Inspirador, humilde y profundamente humano, este libro es de los que cambian la vida.
978-358-881-2678-5;Libro 0357 - Economía/Negocios;Daron Acemoglu;Destino;Economía/Negocios;2002;Español;Tapa blanda;399;30.71;17.64;42.55;Sí;Sí;Sí;2019-03-16;Acemoglu explora por qué algunas naciones prosperan y otras fracasan, centrándose en el papel decisivo de las instituciones políticas y económicas. Un análisis brillante con implicaciones para entender el mundo contemporáneo.
978-637-665-4380-4;Libro 0358 - Ficción;Elena Ferrante;Penguin Clásicos;Ficción;1990;Gallego;Tapa dura;259;12.66;8.72;31.13;Sí;Sí;Sí;2021-04-01;Ferrante explora con una honestidad brutal la amistad femenina y las contradicciones de la vida moderna. Su prosa, despojada y directa, crea una intimidad con el lector que pocas novelas contemporáneas logran.
978-459-633-7777-8;Libro 0359 - Ciencia y Tecnología;Neil deGrasse Tyson;Alianza Editorial;Ciencia y Tecnología;1989;Español;Tapa blanda;549;53.77;37.89;29.54;Sí;Sí;Sí;2021-08-23;Tyson convierte la astrofísica en una aventura accesible para cualquier lector. Con humor y entusiasmo contagioso, recorre el universo desde el Big Bang hasta los agujeros negros, sin perder nunca la maravilla por el cosmos.
978-293-984-8100-8;Libro 0360 - Ficción;Elena Ferrante;Crítica;Ficción;2013;Euskera;Tapa dura;369;15.62;10.52;32.63;Sí;Sí;Sí;2023-08-03;Las novelas de Ferrante son un estudio profundo de la identidad, la ambición y el amor. Sus personajes femeninos son complejos, contradictorios y completamente humanos.
978-868-399-4031-1;Libro 0361 - Idiomas;Alan Grieve;Random House;Idiomas;1992;Español;Tapa dura;504;38.9;26.72;31.32;Sí;Sí;Sí;2023-03-05;Grieve diseñó recursos pedagógicos para el aprendizaje de idiomas que destacan por su practicidad y su atención a los contextos reales de uso.
978-660-364-5517-8;Libro 0362 - Arte y Fotografía;E.H. Gombrich;Anagrama;Arte y Fotografía;1984;Catalán;Tapa dura;142;59.36;41.22;30.56;Sí;Sí;Sí;2021-11-13;Gombrich no solo describía el arte: lo explicaba. Su capacidad para conectar la obra con la mentalidad de su época y con la psicología de la percepción lo convierte en un divulgador sin par.
978-434-548-1315-7;Libro 0363 - Idiomas;Raymond Murphy;Destino;Idiomas;2008;Español;Tapa blanda;589;39.25;25.2;35.8;Sí;Sí;Sí;2020-03-15;Murphy creó el manual de gramática inglesa más utilizado en el mundo. Su enfoque claro y sistemático, con ejercicios progresivos, lo hace indispensable para estudiantes de todos los niveles.
978-513-785-7650-8;Libro 0364 - Idiomas;Raymond Murphy;Tusquets;Idiomas;2013;Español;Tapa blanda;394;40.04;24.79;38.09;Sí;No;No;2020-11-04;La claridad expositiva de Murphy y la organización lógica de sus contenidos hacen de este libro el punto de referencia para el aprendizaje de la gramática inglesa. Décadas de uso avalan su efectividad.
978-833-449-3763-6;Libro 0365 - No Ficción;Steven Pinker;Alianza Editorial;No Ficción;2005;Español;Tapa blanda;297;21.74;12.14;44.16;Sí;Sí;Sí;2023-11-02;Pinker combina ciencia cognitiva, historia y filosofía para defender el valor de la razón y la ciencia. Un libro que molesta a las ideologías de todos los signos, lo cual es ya un mérito.
978-700-651-4420-4;Libro 0366 - Economía/Negocios;Adam Smith;Ariel;Economía/Negocios;2012;Español;Bolsillo;355;27.18;18.27;32.78;Sí;Sí;Sí;2022-10-31;Un texto que transformó para siempre el pensamiento económico occidental. Smith combina filosofía moral con observación empírica para trazar los principios del capitalismo de mercado.
978-622-189-7961-0;Libro 0367 - Economía/Negocios;Thomas Piketty;Espasa;Economía/Negocios;1980;Español;Tapa blanda;472;17.58;10.6;39.72;Sí;Sí;Sí;2020-01-09;El autor examina con lucidez las tensiones entre crecimiento, desigualdad y sostenibilidad en la economía global. Una obra que incomoda y estimula el pensamiento crítico.
978-870-872-3245-2;Libro 0368 - Ciencia y Tecnología;Stephen Hawking;Paidós;Ciencia y Tecnología;2022;Español;Tapa blanda;629;51.39;32.29;37.17;Sí;Sí;Sí;2023-01-03;El libro más accesible de Hawking sobre la naturaleza del tiempo y el universo. Con analogías brillantes, explica la relatividad y la mecánica cuántica sin formación científica previa. Una obra que acercó la física teórica a millones.
978-213-101-3736-8;Libro 0369 - Ficción;Javier Marías;Ariel;Ficción;1984;Español;Tapa blanda;311;11.08;7.05;36.39;Sí;Sí;Sí;2022-04-02;Un relato que combina acción y reflexión en medidas perfectas. Los personajes son complejos y creíbles, y la trama avanza con una urgencia que hace difícil dejar el libro.
978-608-876-4645-9;Libro 0370 - Ciencia y Tecnología;Carl Sagan;Anagrama;Ciencia y Tecnología;1997;Español;Tapa blanda;665;38.92;28.4;27.04;Sí;No;No;2019-08-31;Sagan combina astronomía, filosofía e historia de la ciencia en un relato apasionante sobre la búsqueda del conocimiento. Un clásico imprescindible que recuerda por qué la curiosidad es la virtud más noble.
978-662-344-4933-5;Libro 0371 - Cómics/Manga;Naoki Urasawa;Crítica;Cómics/Manga;1980;Español;Tapa blanda;204;16.7;11.19;32.97;Sí;Sí;Sí;2019-03-09;Urasawa teje tramas que mezclan thriller, drama y filosofía con una habilidad narrativa excepcional. Sus obras exigen atención y recompensan al lector con una experiencia que trasciende el entretenimiento.
978-239-791-5253-1;Libro 0372 - Cómics/Manga;Naoki Urasawa;Destino;Cómics/Manga;1980;Español;Tapa dura;330;9.44;6.36;32.63;No;Sí;Sí;2022-11-21;Cada personaje de Urasawa tiene una historia que importa. Su capacidad para manejar narrativas coral de gran complejidad sin perder nunca al lector es la marca de un genio del cómic.
978-829-594-4838-7;Libro 0373 - Ciencia y Tecnología;Brian Greene;Siruela;Ciencia y Tecnología;2011;Español;Tapa blanda;590;33.77;25.25;25.23;Sí;No;Sí;2023-07-24;Greene es uno de los mejores divulgadores de física teórica del mundo. En este libro explora la naturaleza del espacio y el tiempo con una claridad excepcional, sin renunciar a la profundidad científica.
978-284-222-7890-9;Libro 0374 - No Ficción;Yuval Noah Harari;Destino;No Ficción;2017;Inglés;Tapa dura;234;21.04;12.24;41.83;Sí;Sí;Sí;2023-05-23;Harari ofrece una revisión audaz de la historia de la humanidad, desde la prehistoria hasta la globalización. Con análisis provocadores y una narrativa ágil, desafía los grandes relatos que damos por sentados sobre el progreso.
978-764-992-5572-3;Libro 0375 - Ficción;Isabel Allende;Anagrama;Ficción;2009;Español;Tapa dura;537;13.64;9.42;30.93;No;No;Sí;2021-12-06;Allende es una de las grandes voces de la narrativa latinoamericana. Sus novelas mezclan realismo mágico, historia y una mirada profundamente femenina para crear retratos de familias, mujeres y continentes enteros.
978-465-498-4738-4;Libro 0376 - Idiomas;Alan Grieve;Paidós;Idiomas;2020;Español;Tapa dura;230;25.9;15.71;39.35;Sí;Sí;Sí;2021-10-02;Con un enfoque comunicativo y materiales actualizados, Grieve ofrece herramientas efectivas para el aprendizaje progresivo del inglés, prestando especial atención al vocabulario en contexto.
978-368-964-9395-5;Libro 0377 - Ficción;Elena Ferrante;Tusquets;Ficción;2015;Español;Tapa dura;291;10.95;7.06;35.55;No;Sí;No;2020-05-19;Ferrante escribe sobre la vida interior de las mujeres con una precisión que resulta casi dolorosa. Sus novelas son documentos de una sinceridad que la literatura raramente se permite.
978-371-224-8993-5;Libro 0378 - Ciencia y Tecnología;Richard Dawkins;Tusquets;Ciencia y Tecnología;1992;Español;Tapa dura;513;44.47;30.03;32.48;Sí;Sí;Sí;2020-10-12;Dawkins expone con brillantez los fundamentos de la evolución y la selección natural, desmontando mitos con argumentos rigurosos. Una obra esencial para entender la biología moderna y nuestra propia naturaleza.
978-668-756-6823-6;Libro 0379 - Historia;Ian Kershaw;Random House;Historia;1987;Español;Tapa dura;500;31.31;19.64;37.27;Sí;Sí;Sí;2022-11-23;Kershaw es el gran cartógrafo del horror nazi. Sus libros son lecturas necesarias, aunque difíciles, para entender cómo la modernidad puede producir la barbarie.
978-754-378-6631-2;Libro 0380 - Cómics/Manga;Alan Moore;Espasa;Cómics/Manga;1982;Español;Tapa blanda;237;8.52;5.67;33.47;Sí;Sí;Sí;2023-07-03;Con su característica profundidad narrativa, Moore construye mundos oscuros y personajes llenos de contradicciones. Un cómic que trasciende el género y se instala en el territorio de la gran ficción contemporánea.
978-711-799-2178-7;Libro 0381 - No Ficción;Yuval Noah Harari;Tusquets;No Ficción;1981;Español;Tapa dura;270;25.44;16.4;35.53;Sí;Sí;Sí;2023-02-26;En este ensayo ambicioso, Harari examina cómo los mitos colectivos han permitido la cooperación a gran escala que hace posible la civilización. Una perspectiva que invita a replantear qué significa ser humano.
978-209-582-1163-6;Libro 0382 - Economía/Negocios;Tim Harford;Alianza Editorial;Economía/Negocios;1988;Español;Ebook;316;15.97;9.77;33.23;Sí;No;Sí;2023-07-19;Harford explica fenómenos económicos cotidianos con una curiosidad contagiosa. Sus análisis sobre precios, mercados y comportamiento humano hacen de la economía una ciencia apasionante y relevante para todos.
978-894-274-5544-5;Libro 0383 - Autoayuda;Mark Manson;Paidós;Autoayuda;2009;Español;Tapa blanda;244;13.05;8.14;37.61;No;Sí;Sí;2022-01-29;Una crítica acerada al culto al éxito fácil. Manson propone algo más difícil y valioso: aprender a fallar con dignidad y a elegir con qué lucha merece la pena comprometerse.
978-802-259-7496-1;Libro 0384 - Ficción;Arturo Pérez-Reverte;Siruela;Ficción;1993;Español;Tapa blanda;415;18.55;11.5;38.02;Sí;Sí;Sí;2019-10-09;Pérez-Reverte es el maestro del thriller histórico en lengua española. Sus novelas combinan acción, erudición histórica y personajes con una riqueza moral que los hacen inolvidables.
978-945-982-4869-0;Libro 0385 - Infantil/Juvenil;Roald Dahl;Anagrama;Infantil/Juvenil;2005;Español;Tapa blanda;292;13.37;8.73;34.71;No;No;Sí;2019-07-08;La prosa de Dahl es un prodigio de ritmo y sonoridad. Sus historias, llenas de villanos memorables y héroes inesperados, funcionan como pequeñas fábulas modernas con mucho más humor que moraleja.
978-385-275-1371-8;Libro 0386 - Autoayuda;James Clear;Alianza Editorial;Autoayuda;1986;Español;Tapa blanda;289;12.72;6.83;46.31;Sí;Sí;Sí;2019-08-02;Clear revolucionó la literatura de productividad con un enfoque basado en sistemas, no en metas. Su propuesta es simple pero transformadora: céntrate en la identidad que quieres tener, los hábitos seguirán.
978-751-657-9035-9;Libro 0387 - Arte y Fotografía;E.H. Gombrich;Crítica;Arte y Fotografía;1995;Español;Tapa blanda;262;28.51;20.89;26.71;Sí;Sí;Sí;2019-04-03;La historia del arte de Gombrich es la iniciación más hermosa al mundo de las imágenes. Décadas después de su primera publicación, sigue siendo el libro que más aficionados al arte ha creado en el mundo.
978-268-198-4029-1;Libro 0388 - Economía/Negocios;Tim Harford;Crítica;Economía/Negocios;2009;Inglés;Tapa blanda;459;26.75;17.71;33.81;Sí;Sí;Sí;2020-12-11;Con el rigor de un economista y el talento narrativo de un escritor, Harford revela la lógica oculta detrás de las decisiones económicas que tomamos a diario. Una lectura tan entretenida como instructiva.
978-709-558-1911-1;Libro 0389 - Ficción;Isabel Allende;Espasa;Ficción;1984;Español;Tapa blanda;540;11.27;6.62;41.28;Sí;Sí;Sí;2022-11-28;Con una prosa rica y sensorial, Allende construye sagas familiares que son también crónicas de la historia latinoamericana. Sus personajes femeninos tienen una fuerza y complejidad que pocas autoras han logrado.
978-232-413-8792-4;Libro 0390 - No Ficción;Daniel Kahneman;Ediciones B;No Ficción;2007;Español;Tapa dura;400;16.64;10.45;37.22;Sí;Sí;Sí;2020-09-23;Con anécdotas y experimentos fascinantes, Kahneman desafía nuestra confianza en el sentido común. Un manual indispensable para tomar mejores decisiones en la vida, los negocios y las relaciones.
978-447-261-3858-8;Libro 0391 - No Ficción;Daniel Kahneman;Penguin Clásicos;No Ficción;2002;Español;Tapa blanda;399;20.93;12.99;37.93;Sí;No;Sí;2023-08-03;Kahneman y Tversky revolucionaron la psicología con sus estudios sobre los sesgos cognitivos. Este libro es el testamento de una vida de investigación que cambió nuestra forma de entendernos a nosotros mismos.
978-142-232-2221-1;Libro 0392 - Ciencia y Tecnología;Carl Sagan;Ariel;Ciencia y Tecnología;2024;Español;Tapa blanda;349;27.43;18.88;31.16;Sí;Sí;Sí;2022-10-04;La voz de Sagan transmite una reverencia genuina por el universo y por la ciencia. Sus libros son los más cálidos de la divulgación científica, porque siempre hablan también del ser humano.
978-865-191-2055-2;Libro 0393 - Autoayuda;Brené Brown;Tusquets;Autoayuda;2017;Español;Tapa blanda;160;21.77;11.85;45.55;Sí;Sí;Sí;2023-03-12;Brown transforma años de investigación sobre la vergüenza y la empatía en un libro accesible y transformador. Una invitación a abrazar la vulnerabilidad como fortaleza y no como debilidad.
978-335-715-3170-0;Libro 0394 - Arte y Fotografía;Simon Schama;Espasa;Arte y Fotografía;2017;Español;Tapa dura;162;63.06;48.37;23.3;Sí;Sí;Sí;2020-07-30;Schama tiene la virtud de los grandes divulgadores: hace que cualquier obra de arte parezca un misterio que vale la pena resolver. Sus libros son al arte lo que Sherlock Holmes es al crimen.
978-942-167-2975-5;Libro 0395 - Ciencia y Tecnología;Carl Sagan;Penguin Clásicos;Ciencia y Tecnología;2022;Catalán;Tapa blanda;566;30.61;20.33;33.6;Sí;Sí;Sí;2019-05-26;Sagan es el maestro indiscutible de la divulgación científica. Este libro es un canto a la razón, a la belleza del cosmos y a la fragilidad de nuestro planeta. Una lectura que transforma la perspectiva para siempre.
978-96-823-6017-9;Libro 0396 - Ciencia y Tecnología;Stephen Hawking;Penguin Clásicos;Ciencia y Tecnología;2017;Español;Tapa dura;576;30.13;19.15;36.44;No;Sí;Sí;2021-01-31;Hawking resume décadas de investigación cosmológica en un texto sorprendentemente ameno. Desde los agujeros negros hasta el origen del universo, transforma conceptos abstractos en imágenes comprensibles e impactantes.
978-655-952-6578-4;Libro 0397 - Infantil/Juvenil;Roald Dahl;Paidós;Infantil/Juvenil;1989;Español;Tapa blanda;311;11.76;7.7;34.51;Sí;Sí;Sí;2023-05-30;Dahl entendía mejor que nadie la psicología del lector infantil: el gusto por la transgresión, el placer de ver a los adultos desconcertados y la satisfacción de la justicia poética.
978-157-233-6824-1;Libro 0398 - Economía/Negocios;Adam Smith;Crítica;Economía/Negocios;1980;Español;Tapa blanda;415;33.27;18.74;43.68;Sí;Sí;Sí;2022-07-16;Más matizado y complejo de lo que sus defensores suelen admitir, Smith construyó una teoría económica que es también una teoría moral. Leerlo en su contexto es redescubrirlo.
978-406-233-3265-2;Libro 0399 - Autoayuda;James Clear;Penguin Clásicos;Autoayuda;2000;Español;Tapa blanda;280;20.01;12.59;37.06;Sí;Sí;Sí;2019-11-13;Una obra que llena el hueco entre la intención y la acción. Clear ofrece estrategias concretas respaldadas por la ciencia para hacer que el cambio de hábitos sea sostenible y casi automático.
978-456-727-5246-1;Libro 0400 - Ciencia y Tecnología;Brian Greene;Anagrama;Ciencia y Tecnología;2014;Español;Tapa dura;302;36.61;25.44;30.5;Sí;Sí;Sí;2022-01-27;Con elegancia literaria y rigor científico, Greene explora las teorías más avanzadas de la física moderna. Un viaje intelectual fascinante por la mecánica cuántica, la relatividad y las dimensiones ocultas del universo.
978-358-246-4304-2;Libro 0401 - Ficción;Stephen King;Destino;Ficción;2015;Español;Tapa blanda;413;15.14;10.49;30.69;Sí;Sí;Sí;2022-07-22;La oscuridad en las obras de King no es gratuita: es el espejo en el que reconocemos nuestros propios miedos. Un narrador que ha dedicado su vida a explorar lo que nos aterra y por qué.
978-176-270-7468-2;Libro 0402 - Ficción;Almudena Grandes;Paidós;Ficción;2006;Español;Bolsillo;380;16.77;10.92;34.89;Sí;Sí;Sí;2020-05-25;Una obra de ficción que no elude la complejidad moral. Sus personajes son seres en conflicto, enfrentados a decisiones que los revelan por dentro. Una lectura que perdura.
978-794-404-5140-1;Libro 0403 - No Ficción;Rutger Bregman;Paidós;No Ficción;1984;Español;Tapa blanda;263;24.63;15.53;36.95;Sí;Sí;Sí;2020-10-02;Bregman es una voz refrescante en el debate político contemporáneo. Su defensa de la renta básica universal y otras ideas radicales está construida sobre evidencia histórica sólida y una prosa directa y accesible.
978-283-408-4798-6;Libro 0404 - Idiomas;Michael Swan;Espasa;Idiomas;1994;Español;Tapa dura;513;43.0;28.41;33.92;Sí;Sí;Sí;2021-09-29;Swan ofrece explicaciones gramaticales con una precisión y accesibilidad únicas. Su obra es referencia obligada en la enseñanza del inglés a hispanohablantes.
978-467-233-6418-2;Libro 0405 - Ficción;Arturo Pérez-Reverte;Random House;Ficción;2013;Español;Tapa blanda;588;15.39;10.07;34.58;Sí;Sí;Sí;2021-02-22;Con un estilo cinematográfico y una documentación impecable, Pérez-Reverte construye aventuras que son también reflexiones sobre el honor, la traición y la condición humana.
978-449-468-5538-4;Libro 0406 - Ciencia y Tecnología;Richard Dawkins;Alianza Editorial;Ciencia y Tecnología;1987;Español;Bolsillo;574;37.66;28.06;25.48;Sí;Sí;Sí;2019-06-21;Con su característica claridad divulgativa, Dawkins explora los mecanismos de la herencia y la evolución. Un libro que cambia la forma de ver el mundo natural y el lugar del ser humano en él.
978-411-549-2190-9;Libro 0407 - Economía/Negocios;Ha-Joon Chang;Destino;Economía/Negocios;2001;Español;Bolsillo;498;29.71;20.52;30.94;Sí;No;No;2020-03-30;Chang desmonta los mitos del libre mercado con datos históricos y una claridad envidiable. Argumenta que las economías exitosas siempre han combinado mercado y Estado, desafiando el dogma neoliberal dominante.
978-651-671-7122-5;Libro 0408 - Autoayuda;Mark Manson;Salamandra;Autoayuda;2024;Español;Tapa dura;177;18.1;9.92;45.18;Sí;Sí;Sí;2022-05-08;Manson combina referencias filosóficas con anécdotas personales para construir un argumento original sobre la responsabilidad y los valores. Una voz única en un género que a menudo promete demasiado.
978-357-410-2196-1;Libro 0409 - Autoayuda;Robin Sharma;Alfaguara;Autoayuda;2012;Español;Tapa dura;310;19.11;10.34;45.89;Sí;No;Sí;2020-06-22;Sharma defiende que la grandeza personal no es un privilegio de pocos sino el resultado de pequeñas decisiones diarias. Un libro que motiva a tomar el control de la vida con herramientas concretas y reflexiones profundas.
978-441-887-3949-4;Libro 0410 - Idiomas;Michael Swan;Espasa;Idiomas;2022;Inglés;Tapa dura;597;40.09;26.76;33.26;Sí;Sí;No;2021-01-21;Con una organización impecable y ejemplos tomados del inglés cotidiano, Swan construyó una obra de referencia que ha ayudado a millones de estudiantes a dominar los matices del idioma.
978-845-182-9634-4;Libro 0411 - Arte y Fotografía;Giorgio Vasari;Penguin Clásicos;Arte y Fotografía;1982;Español;Tapa blanda;234;65.71;50.01;23.89;Sí;Sí;Sí;2022-06-28;Las vidas de los artistas que Vasari recoge en su obra fundacional siguen siendo la fuente más rica sobre el arte del Quattrocento y Cinquecento italiano. Lectura esencial para cualquier amante del arte.
978-293-174-9962-4;Libro 0412 - Ciencia y Tecnología;Neil deGrasse Tyson;Random House;Ciencia y Tecnología;2021;Español;Tapa dura;402;26.63;16.99;36.2;Sí;Sí;Sí;2023-01-13;Una invitación irresistible a mirar el cielo con ojos científicos. Tyson explica los grandes misterios del universo con una mezcla única de rigor académico y cercanía humana que pocos divulgadores logran.
978-532-670-9974-8;Libro 0413 - Historia;Ian Kershaw;Ariel;Historia;2018;Español;Tapa blanda;379;22.85;14.84;35.04;Sí;Sí;Sí;2022-10-24;Kershaw es el biógrafo de referencia del nazismo. Sus análisis del ascenso y caída del Tercer Reich combinan una erudición impresionante con una narrativa que mantiene la tensión de una novela.
978-531-835-8847-6;Libro 0414 - Arte y Fotografía;E.H. Gombrich;Siruela;Arte y Fotografía;1993;Español;Bolsillo;309;65.58;47.34;27.82;Sí;Sí;Sí;2019-02-08;La historia del arte más vendida de todos los tiempos. Gombrich lleva al lector por cuatro mil años de creación artística con una claridad, pasión y erudición que no tienen precedente en la literatura divulgativa.
978-658-827-1904-1;Libro 0415 - Cómics/Manga;Osamu Tezuka;Ediciones B;Cómics/Manga;2017;Español;Tapa blanda;143;9.2;6.11;33.63;Sí;Sí;Sí;2020-01-21;Tezuka abordó en sus obras temas como la guerra, la medicina, la ecología y la espiritualidad con igual profundidad y humanidad. Un autor que no tenía equivalente en ningún medio de su época.
978-817-238-8367-0;Libro 0416 - Economía/Negocios;Adam Smith;Destino;Economía/Negocios;2016;Español;Bolsillo;261;37.28;21.86;41.36;No;No;Sí;2019-12-14;La Riqueza de las Naciones es mucho más que un manual de economía: es una investigación filosófica sobre la naturaleza humana, la cooperación y las condiciones del bienestar colectivo.
978-690-808-8261-7;Libro 0417 - Ficción;Arturo Pérez-Reverte;Tusquets;Ficción;1990;Español;Tapa blanda;313;17.41;11.16;35.91;Sí;Sí;Sí;2022-04-18;Pérez-Reverte lleva al lector por escenarios históricos con la precisión del reportero y la imaginación del novelista. Sus historias enganchan desde la primera página y dejan poso.
978-745-670-3804-3;Libro 0418 - Idiomas;Raymond Murphy;Ediciones B;Idiomas;2000;Inglés;Tapa dura;346;23.75;16.71;29.64;Sí;Sí;Sí;2022-04-23;Murphy entendió que aprender gramática no tiene que ser aburrido. Sus explicaciones precisas y sus ejercicios contextualizados hacen del inglés una lengua que se puede dominar con constancia y buen método.
978-466-926-1133-7;Libro 0419 - Cómics/Manga;Naoki Urasawa;Alianza Editorial;Cómics/Manga;2013;Español;Tapa dura;326;14.69;9.44;35.76;Sí;Sí;Sí;2021-01-07;Urasawa escribe thrillers de la mente con el lenguaje del manga. Sus historias plantean dilemas éticos y filosóficos envueltos en una acción que no da respiro.
978-769-279-2603-9;Libro 0420 - Cómics/Manga;Frank Miller;Alianza Editorial;Cómics/Manga;1997;Español;Tapa blanda;243;13.04;8.82;32.33;Sí;Sí;Sí;2022-02-26;Miller es uno de los grandes innovadores del cómic moderno. Sus páginas destilan una energía salvaje y una tensión narrativa que pocas obras del género han logrado igualar.
978-573-310-7830-5;Libro 0421 - Autoayuda;Mark Manson;Planeta;Autoayuda;1988;Español;Tapa dura;169;17.51;9.98;43.0;Sí;Sí;Sí;2022-10-14;Un libro provocador que desafía la cultura del positivismo forzado. Manson argumenta que la clave del bienestar no está en evitar los problemas sino en elegir cuáles merecen nuestra energía. Directo, irreverente y sorprendentemente sabio.
978-282-303-1465-5;Libro 0422 - Ciencia y Tecnología;Carl Sagan;Alfaguara;Ciencia y Tecnología;2003;Español;Tapa blanda;577;29.91;19.7;34.12;Sí;Sí;Sí;2019-03-21;Con una prosa poética y un rigor científico impecable, Sagan explora el lugar de la humanidad en el cosmos. Inspirador, humilde y profundamente humano, este libro es de los que cambian la vida.
978-623-421-5070-2;Libro 0423 - Idiomas;Norman Whitney;Random House;Idiomas;1999;Español;Tapa blanda;561;29.35;19.35;34.06;Sí;No;Sí;2019-12-12;Los materiales de Whitney tienen la virtud de presentar el idioma en contextos reales y motivadores. Un recurso que acompaña al estudiante con solidez desde los niveles básicos hasta los intermedios.
978-145-720-9987-1;Libro 0424 - Cómics/Manga;Frank Miller;Planeta;Cómics/Manga;1982;Español;Tapa dura;256;11.66;7.74;33.59;Sí;No;Sí;2022-05-22;El noir y el cómic de superhéroes se fundieron en las manos de Miller para crear algo completamente nuevo. Su influencia en el cine y en la cultura pop es innegable.
978-287-731-8083-0;Libro 0425 - Ficción;Isabel Allende;Salamandra;Ficción;1998;Español;Tapa dura;244;18.38;12.62;31.32;Sí;Sí;Sí;2019-08-31;Allende escribe con el corazón y con una maestría técnica que convierte sus novelas en experiencias inmersivas. Una escritora que conecta emocionalmente con el lector desde la primera página.
978-201-738-3316-8;Libro 0426 - Arte y Fotografía;E.H. Gombrich;Crítica;Arte y Fotografía;2020;Español;Ebook;156;22.37;13.7;33.19;Sí;No;Sí;2019-01-09;Gombrich tiene el don de hacer accesible lo complejo sin perder rigor. Su recorrido por la historia del arte occidental es a la vez una introducción y una obra de referencia para cualquier nivel.
978-275-885-4670-4;Libro 0427 - Cómics/Manga;Osamu Tezuka;Siruela;Cómics/Manga;2010;Español;Tapa blanda;297;10.44;6.96;33.33;Sí;Sí;Sí;2021-02-21;Tezuka es el padre del manga moderno y su obra es testimonio de una imaginación sin límites. Combina aventura, ciencia ficción y reflexión humanista con un estilo visual que sigue siendo referencia décadas después.
978-729-607-4233-9;Libro 0428 - Ficción;Arturo Pérez-Reverte;Tusquets;Ficción;2017;Catalán;Tapa blanda;350;15.06;10.28;31.75;Sí;Sí;Sí;2019-08-08;La ironía, la elegancia y la violencia conviven en las páginas de Pérez-Reverte con una naturalidad que lo distingue de cualquier otro escritor en español.
978-363-793-8260-5;Libro 0429 - No Ficción;Walter Isaacson;Destino;No Ficción;1980;Español;Tapa dura;341;20.05;12.11;39.61;No;Sí;Sí;2023-03-03;Con un estilo ágil y una investigación exhaustiva, Isaacson retrata a las figuras que han dado forma al mundo moderno. Sus biografías son a la vez relatos personales y crónicas del cambio tecnológico y cultural.
978-338-859-7630-6;Libro 0430 - Infantil/Juvenil;Laura Gallego;Random House;Infantil/Juvenil;2006;Inglés;Tapa blanda;176;11.94;7.84;34.37;Sí;Sí;Sí;2023-08-08;Gallego escribe fantasía que crece con sus lectores. Sus historias, llenas de magia, aventura y emoción genuina, tienen una sustancia narrativa que pocas obras del género juvenil pueden igualar.
978-468-666-6197-4;Libro 0431 - Infantil/Juvenil;Roald Dahl;Random House;Infantil/Juvenil;2005;Español;Tapa blanda;180;14.22;7.48;47.38;Sí;Sí;Sí;2019-06-28;Dahl es el maestro de la literatura infantil con mordiente. Sus historias mezclan humor absurdo, justicia poética y una ligera perversidad que encanta a los niños y divierte a los adultos que los acompañan.
978-239-793-2478-9;Libro 0432 - Ficción;Isabel Allende;Crítica;Ficción;1999;Español;Bolsillo;256;11.18;7.37;34.11;Sí;Sí;Sí;2019-09-23;Sus novelas son mundos completos en los que la historia, el amor y la tragedia se entrelazan con naturalidad. Allende es la gran narradora de los afectos en lengua española.
978-315-197-2668-5;Libro 0433 - Idiomas;Norman Whitney;Ediciones B;Idiomas;2007;Español;Tapa blanda;423;21.15;15.06;28.8;Sí;Sí;Sí;2022-02-16;Whitney desarrolló materiales de aprendizaje de inglés que combinan comprensión lectora, vocabulario y gramática de forma integrada. Sus libros son herramientas eficaces para el aprendizaje autónomo.
978-930-492-9538-1;Libro 0434 - Cómics/Manga;Alan Moore;Paidós;Cómics/Manga;2008;Español;Tapa dura;163;9.07;5.72;36.98;Sí;Sí;Sí;2022-10-12;Moore lleva el cómic a territorios narrativos que pocas novelas gráficas han explorado. Una obra densa, bella y perturbadora que combina mitología, política y psicología de manera magistral.
978-925-342-8157-5;Libro 0435 - Arte y Fotografía;Simon Schama;Alianza Editorial;Arte y Fotografía;1997;Español;Tapa blanda;125;40.74;26.74;34.37;Sí;Sí;Sí;2023-10-23;Schama escribe historia del arte con la pasión de un novelista y la precisión de un académico. Sus análisis de obras concretas revelan capas de significado que escapan a miradas menos atentas.
978-863-314-7005-3;Libro 0436 - No Ficción;Rutger Bregman;Ariel;No Ficción;2005;Español;Tapa blanda;287;18.89;12.57;33.48;Sí;Sí;Sí;2020-07-08;Bregman propone una revisión radical de la naturaleza humana, argumentando que las personas son fundamentalmente buenas. Con casos históricos y estudios empíricos, desafía el cinismo que domina el debate político actual.
978-772-661-8669-5;Libro 0437 - Historia;Ian Kershaw;Penguin Clásicos;Historia;2017;Español;Bolsillo;507;24.01;14.44;39.87;No;Sí;Sí;2020-06-16;Con acceso a fuentes primarias únicas y una perspectiva histórica de largo alcance, Kershaw reconstruye uno de los períodos más oscuros de la historia con una objetividad y una profundidad que lo convierten en referencia.
978-717-572-2772-2;Libro 0438 - Ciencia y Tecnología;Richard Dawkins;Tusquets;Ciencia y Tecnología;2021;Español;Tapa dura;698;22.11;16.26;26.45;Sí;Sí;Sí;2022-07-12;Dawkins combina rigor científico con una prosa accesible para explicar conceptos complejos de biología evolutiva. Imprescindible para entender por qué somos como somos y cómo funciona la vida en su nivel más fundamental.
978-803-923-2938-3;Libro 0439 - Ciencia y Tecnología;Neil deGrasse Tyson;Paidós;Ciencia y Tecnología;1981;Español;Tapa blanda;433;45.71;31.07;32.02;Sí;Sí;No;2020-05-11;Tyson combina datos astronómicos con reflexiones filosóficas sobre nuestro lugar en el universo. Un libro que amplía la mente y recuerda lo pequeños y extraordinarios que somos a la vez.
978-702-944-5152-1;Libro 0440 - Idiomas;Alan Grieve;Espasa;Idiomas;2002;Español;Tapa blanda;239;31.28;19.29;38.33;Sí;No;Sí;2023-09-10;Grieve es un pedagogo que entiende cómo aprenden los adultos. Sus libros equilibran estructura gramatical con práctica comunicativa para crear un aprendizaje sólido y funcional.
978-799-642-3498-2;Libro 0441 - Autoayuda;James Clear;Random House;Autoayuda;1984;Español;Tapa blanda;308;15.9;10.09;36.55;Sí;Sí;Sí;2022-02-14;Clear presenta un sistema revolucionario para crear buenos hábitos y eliminar los malos. Basado en la psicología del comportamiento, demuestra cómo pequeñas mejoras diarias generan transformaciones extraordinarias a largo plazo.
978-127-674-6177-8;Libro 0442 - Ficción;Haruki Murakami;Penguin Clásicos;Ficción;2020;Español;Bolsillo;496;19.49;12.21;37.36;Sí;No;No;2022-09-28;Una novela de gran hondura emocional que explora la complejidad de las relaciones humanas. El autor construye personajes memorables en un mundo reconocible, con una prosa que equilibra la intensidad dramática con momentos de genuina belleza.
978-274-161-4788-5;Libro 0443 - No Ficción;Rutger Bregman;Paidós;No Ficción;2007;Español;Bolsillo;332;15.85;10.55;33.45;Sí;Sí;No;2023-01-11;Una lectura esperanzadora y bien documentada sobre el potencial humano para la cooperación. Bregman recupera experimentos sociales y momentos históricos olvidados para construir un argumento a favor del optimismo.
978-794-857-9642-2;Libro 0444 - Cómics/Manga;Art Spiegelman;Paidós;Cómics/Manga;1994;Español;Tapa blanda;252;10.6;6.15;41.96;Sí;Sí;Sí;2023-05-08;Maus es la obra que legitimó el cómic como forma literaria seria. Spiegelman demostró que el noveno arte puede hacer lo que la literatura convencional a veces no puede: mostrar lo indecible.
978-109-538-2707-6;Libro 0445 - Cómics/Manga;Alan Moore;Anagrama;Cómics/Manga;2003;Español;Tapa blanda;290;9.45;6.34;32.92;Sí;Sí;Sí;2023-06-04;Una obra que redefine los límites del noveno arte. Moore demuestra que el cómic puede ser tan ambicioso y complejo como cualquier otra forma literaria.
978-747-800-1794-9;Libro 0446 - Arte y Fotografía;Simon Schama;Tusquets;Arte y Fotografía;1996;Español;Tapa blanda;223;42.15;32.05;23.97;Sí;Sí;Sí;2021-01-13;Una exploración profunda del arte como expresión de la condición humana. Schama conecta obras de distintas épocas con los contextos que las hicieron posibles, creando una narrativa cultural apasionante.
978-919-458-9204-7;Libro 0447 - Arte y Fotografía;Simon Schama;Alianza Editorial;Arte y Fotografía;2012;Español;Tapa blanda;180;62.49;47.35;24.23;Sí;Sí;Sí;2019-02-28;Schama tiene la virtud de los grandes divulgadores: hace que cualquier obra de arte parezca un misterio que vale la pena resolver. Sus libros son al arte lo que Sherlock Holmes es al crimen.
978-858-304-2990-8;Libro 0448 - Ficción;Haruki Murakami;Crítica;Ficción;2006;Español;Tapa dura;255;20.5;13.87;32.33;Sí;Sí;Sí;2019-08-09;Una narración que atrapa desde las primeras páginas. El autor maneja el tiempo y los puntos de vista con maestría, construyendo una historia que reflexiona sobre la identidad, la pertenencia y los lazos que nos definen.
978-150-343-9082-2;Libro 0449 - Economía/Negocios;Thomas Piketty;Espasa;Economía/Negocios;1981;Español;Tapa dura;298;34.86;21.1;39.47;Sí;Sí;Sí;2021-11-13;Una obra que combina teoría económica con aplicación práctica. El autor aporta herramientas concretas para entender los mercados y las decisiones estratégicas en un mundo complejo.
978-688-854-9863-2;Libro 0450 - Infantil/Juvenil;Cornelia Funke;Crítica;Infantil/Juvenil;2006;Español;Tapa blanda;112;17.32;9.15;47.16;Sí;No;Sí;2022-12-31;Funke es una de las grandes narradoras de literatura infantil y juvenil contemporánea. Sus mundos fantásticos están construidos con una atención al detalle y una emoción que atrapan tanto a niños como a adultos.
978-676-773-2135-1;Libro 0451 - Arte y Fotografía;Simon Schama;Espasa;Arte y Fotografía;1999;Inglés;Tapa blanda;270;40.3;29.2;27.55;Sí;Sí;Sí;2020-04-14;Schama escribe historia del arte con la pasión de un novelista y la precisión de un académico. Sus análisis de obras concretas revelan capas de significado que escapan a miradas menos atentas.
978-228-296-7369-9;Libro 0452 - Ciencia y Tecnología;Stephen Hawking;Ediciones B;Ciencia y Tecnología;1994;Español;Tapa blanda;325;42.42;31.09;26.71;Sí;Sí;Sí;2023-09-18;Con su inconfundible capacidad para simplificar lo complejo, Hawking lleva al lector por los grandes interrogantes sobre el espacio, el tiempo y la existencia. Una lectura que ensancha los límites de lo imaginable.
978-580-923-2256-1;Libro 0453 - Cómics/Manga;Osamu Tezuka;Alfaguara;Cómics/Manga;1990;Inglés;Tapa dura;258;8.37;5.57;33.49;Sí;Sí;Sí;2019-03-27;El dios del manga japonés construyó mundos de una riqueza inaudita. Sus historias, aparentemente sencillas en su trazo, esconden una profundidad filosófica y emocional que las hace atemporales.
978-489-715-8335-1;Libro 0454 - Arte y Fotografía;John Berger;Crítica;Arte y Fotografía;1987;Español;Tapa dura;187;65.89;49.85;24.35;Sí;Sí;Sí;2019-02-07;Berger escribe sobre arte como quien escribe sobre amor: con devoción y lucidez a partes iguales. Sus análisis conectan las obras con el mundo que las produce de una manera que ningún otro crítico ha igualado.
978-829-495-7880-8;Libro 0455 - Arte y Fotografía;Giorgio Vasari;Alfaguara;Arte y Fotografía;1981;Español;Tapa blanda;347;74.68;50.62;32.22;Sí;Sí;Sí;2020-11-05;Vasari inventó la biografía artística moderna. Sus retratos de Leonardo, Miguel Ángel y Rafael, aunque no siempre exactos, establecieron el canon de la grandeza artística occidental.
978-744-226-1477-7;Libro 0456 - Arte y Fotografía;E.H. Gombrich;Random House;Arte y Fotografía;2003;Español;Tapa dura;315;63.22;48.96;22.55;Sí;Sí;Sí;2020-07-05;Con una mirada siempre fresca y un dominio enciclopédico, Gombrich explica no solo qué se hizo en el arte sino por qué se hizo así. Un libro que transforma la experiencia de visitar cualquier museo.
978-323-982-2674-9;Libro 0457 - No Ficción;Michael Lewis;Planeta;No Ficción;2023;Español;Tapa blanda;310;23.97;16.31;31.95;Sí;Sí;Sí;2019-09-28;Lewis combina el rigor del periodismo de investigación con el ritmo de una novela. Sus libros sobre finanzas son imprescindibles no solo para entender los mercados, sino la naturaleza humana en entornos de presión extrema.
978-129-799-2179-7;Libro 0458 - Ficción;Stephen King;Anagrama;Ficción;2019;Catalán;Tapa blanda;401;20.05;13.27;33.8;No;Sí;Sí;2021-04-14;King es el maestro del horror contemporáneo, pero sus mejores novelas van mucho más allá del miedo. Sus historias exploran la oscuridad humana, la pérdida y la redención con una potencia narrativa arrolladora.
978-579-365-9105-6;Libro 0459 - No Ficción;Michael Lewis;Alianza Editorial;No Ficción;2023;Español;Bolsillo;210;23.91;15.51;35.15;Sí;Sí;Sí;2019-03-28;Nadie cuenta mejor que Lewis cómo funciona el dinero en la práctica. Sus retratos de traders, inversores y reguladores son al mismo tiempo retratos de la condición humana bajo presión.
978-805-873-4222-8;Libro 0460 - Historia;Tom Holland;Anagrama;Historia;1980;Inglés;Tapa dura;553;29.58;18.54;37.32;Sí;Sí;Sí;2022-11-06;Holland explora cómo las civilizaciones del pasado han dado forma al mundo que habitamos. Sus análisis son agudos, accesibles y capaces de hacer sentir la distancia y la cercanía del mundo antiguo a la vez.
978-706-234-8884-1;Libro 0461 - Historia;Tom Holland;Siruela;Historia;2018;Inglés;Tapa blanda;272;22.25;13.76;38.15;Sí;No;Sí;2023-04-26;Holland escribe historia con urgencia. Sus reconstrucciones del mundo romano o persa tienen la velocidad de una novela y la solidez documental de la mejor academia.
978-280-659-9079-8;Libro 0462 - Ficción;Stephen King;Salamandra;Ficción;2011;Español;Tapa blanda;456;10.13;6.59;34.98;Sí;Sí;Sí;2022-05-20;Con una habilidad única para crear atmósferas opresivas y personajes memorables, King ha construido uno de los universos literarios más ricos de la narrativa popular contemporánea.
978-613-734-5665-7;Libro 0463 - No Ficción;Yuval Noah Harari;Penguin Clásicos;No Ficción;2002;Inglés;Tapa dura;335;20.94;12.3;41.27;Sí;No;No;2022-12-12;Harari conecta biología, historia y filosofía para explorar los grandes retos del siglo XXI. Un libro que genera preguntas incómodas sobre el futuro del trabajo, la identidad y la libertad en la era de la inteligencia artificial.
978-839-657-4984-1;Libro 0464 - Economía/Negocios;Ha-Joon Chang;Tusquets;Economía/Negocios;1985;Catalán;Tapa dura;462;25.06;16.67;33.48;Sí;Sí;Sí;2023-05-01;Con un tono accesible y datos contundentes, Chang explica por qué las políticas económicas que funcionaron en los países ricos se niegan a los países en desarrollo. Imprescindible para entender la economía global.
978-827-155-4298-0;Libro 0465 - Ficción;Stephen King;Espasa;Ficción;2005;Español;Tapa blanda;537;16.28;11.65;28.44;Sí;Sí;Sí;2022-03-28;King escribe con una fluidez y un instinto narrativo que pocos autores poseen. Sus libros, independientemente del género, son ante todo grandes historias sobre personas ordinarias en situaciones extraordinarias.
978-85-471-2895-2;Libro 0466 - No Ficción;Steven Pinker;Salamandra;No Ficción;2013;Español;Tapa blanda;325;18.0;11.78;34.55;Sí;Sí;Sí;2022-06-30;Pinker ofrece un análisis riguroso y optimista de la evolución humana, apoyado en datos históricos. Argumenta que, a pesar de las apariencias, el mundo ha mejorado en casi todos los indicadores de bienestar.
978-446-802-3743-0;Libro 0467 - No Ficción;Rutger Bregman;Random House;No Ficción;2014;Español;Tapa blanda;317;21.53;12.45;42.18;Sí;No;Sí;2023-01-18;Bregman es una voz refrescante en el debate político contemporáneo. Su defensa de la renta básica universal y otras ideas radicales está construida sobre evidencia histórica sólida y una prosa directa y accesible.
978-712-985-4540-4;Libro 0468 - Historia;Tom Holland;Paidós;Historia;2006;Español;Tapa blanda;447;21.33;13.74;35.57;Sí;Sí;Sí;2022-07-30;Holland es uno de los mejores historiadores divulgativos de su generación. Sus libros sobre la antigüedad clásica combinan rigor académico con una narrativa ágil que hace de la historia antigua un drama vivo.
978-389-806-2468-4;Libro 0469 - Cómics/Manga;Frank Miller;Ariel;Cómics/Manga;2024;Español;Tapa blanda;255;11.39;7.14;37.33;Sí;Sí;Sí;2022-12-11;Miller dibuja con tinta negra y convicciones firmes. Sus personajes son héroes rotos en un mundo que no merece la pena salvar, y aun así lo intentan. Una propuesta estética y moral única.
978-805-587-3818-8;Libro 0470 - Ciencia y Tecnología;Neil deGrasse Tyson;Espasa;Ciencia y Tecnología;1993;Español;Tapa blanda;338;51.24;34.0;33.65;No;Sí;No;2022-01-02;Un guía apasionado por el cosmos que hace de la astrofísica una experiencia emocional. Tyson tiene el talento de conectar los grandes datos del universo con preguntas profundamente humanas.
978-534-732-5868-0;Libro 0471 - Cómics/Manga;Alan Moore;Ediciones B;Cómics/Manga;2007;Español;Tapa dura;268;8.02;5.6;30.18;Sí;Sí;Sí;2021-11-15;Moore construye guiones con la densidad de las mejores novelas. Su dominio del simbolismo, la intertextualidad y la psicología de los personajes es sin igual en el medio.
978-638-931-9804-9;Libro 0472 - Autoayuda;James Clear;Ariel;Autoayuda;1992;Gallego;Bolsillo;260;14.48;7.67;47.04;Sí;Sí;Sí;2020-05-22;Un manual práctico que combina neurociencia y psicología conductual. Clear argumenta que el uno por ciento de mejora diaria, sostenida en el tiempo, produce resultados que ningún gran esfuerzo puntual puede igualar.
978-281-712-1411-5;Libro 0473 - Ciencia y Tecnología;Carl Sagan;Ediciones B;Ciencia y Tecnología;2014;Inglés;Tapa blanda;424;27.04;19.39;28.29;Sí;Sí;Sí;2021-03-20;Sagan combina astronomía, filosofía e historia de la ciencia en un relato apasionante sobre la búsqueda del conocimiento. Un clásico imprescindible que recuerda por qué la curiosidad es la virtud más noble.
978-941-793-3100-6;Libro 0474 - Economía/Negocios;Tim Harford;Destino;Economía/Negocios;2019;Español;Tapa dura;367;36.12;20.46;43.36;Sí;Sí;No;2021-08-17;Harford es el economista del caos creativo. Sus libros defienden que la adaptación y el ensayo y error son más poderosos que cualquier plan, con argumentos históricos y económicos convincentes.
978-271-673-7285-1;Libro 0475 - No Ficción;Daniel Kahneman;Crítica;No Ficción;1983;Inglés;Tapa blanda;301;18.88;12.67;32.88;Sí;Sí;Sí;2022-01-10;Kahneman, Premio Nobel de Economía, expone con claridad los dos sistemas que rigen nuestra mente: el rápido e intuitivo y el lento y reflexivo. Un libro fundamental para entender por qué tomamos malas decisiones.
978-149-682-9163-5;Libro 0476 - Infantil/Juvenil;J.K. Rowling;Penguin Clásicos;Infantil/Juvenil;2020;Español;Tapa blanda;240;10.69;5.66;47.01;Sí;Sí;Sí;2021-07-21;Con una imaginación desbordante y un talento narrativo innegable, Rowling construyó un universo en el que caben la amistad, el valor, la pérdida y la esperanza. Un clásico moderno que trasciende lo juvenil.
978-181-377-2876-7;Libro 0477 - Idiomas;Alan Grieve;Alfaguara;Idiomas;1991;Español;Tapa blanda;462;43.53;26.64;38.8;Sí;Sí;No;2021-11-05;Grieve diseñó recursos pedagógicos para el aprendizaje de idiomas que destacan por su practicidad y su atención a los contextos reales de uso.
978-324-633-2158-5;Libro 0478 - Ficción;Ken Follett;Anagrama;Ficción;1983;Español;Bolsillo;426;21.43;14.73;31.26;Sí;Sí;Sí;2023-05-16;Follett es el gran artesano de la novela histórica popular. Sus tramas, llenas de personajes que abarcan generaciones, combinan la precisión histórica con una habilidad narrativa envolvente.
978-843-936-8609-8;Libro 0479 - Arte y Fotografía;Giorgio Vasari;Ariel;Arte y Fotografía;2003;Español;Tapa dura;123;29.98;20.41;31.92;Sí;No;Sí;2022-06-04;Una obra de una vitalidad asombrosa. Vasari escribe sobre los artistas del Renacimiento con la admiración de un colega y la precisión de un observador privilegiado de uno de los períodos más creativos de la historia.
978-683-433-4038-0;Libro 0480 - Cómics/Manga;Frank Miller;Random House;Cómics/Manga;1987;Inglés;Tapa blanda;124;11.03;7.29;33.87;Sí;Sí;Sí;2022-10-07;Miller reinventó el cómic de superhéroes con una visión oscura y cinematográfica. Sus historias combinan acción visceral con crítica social, creando un estilo que ha influido a generaciones de autores.
978-865-469-6850-1;Libro 0481 - Economía/Negocios;Ha-Joon Chang;Ariel;Economía/Negocios;1987;Español;Bolsillo;395;33.35;21.34;36.0;Sí;Sí;Sí;2020-03-28;Chang combina rigor académico con ironía inteligente para revisar la historia económica mundial. Una obra que te hace cuestionar muchas certezas sobre el capitalismo y el desarrollo.
978-875-670-9963-4;Libro 0482 - Infantil/Juvenil;Cornelia Funke;Paidós;Infantil/Juvenil;1990;Español;Bolsillo;136;11.09;6.56;40.82;Sí;Sí;Sí;2022-01-14;Con una imaginación extraordinaria y un estilo fluido y vívido, Funke crea aventuras llenas de matices. Sus personajes enfrentan dilemas morales reales en contextos fantásticos que los hacen inolvidables.
978-820-318-7501-7;Libro 0483 - Economía/Negocios;Ha-Joon Chang;Espasa;Economía/Negocios;1988;Español;Tapa dura;202;22.27;14.48;34.97;Sí;Sí;Sí;2022-07-05;El economista más legible del mundo. Chang tiene la rara virtud de hacer accesible la economía sin simplificarla, y de defender posiciones heterodoxas con argumentos difíciles de refutar.
978-764-340-1664-1;Libro 0484 - Autoayuda;Dale Carnegie;Espasa;Autoayuda;1991;Español;Tapa blanda;300;13.61;7.16;47.37;Sí;Sí;Sí;2022-04-21;Un clásico atemporal sobre las relaciones humanas. Carnegie ofrece principios sencillos pero poderosos para ganarse la confianza de los demás, influir positivamente y comunicarse con eficacia en cualquier contexto.
978-468-789-1164-2;Libro 0485 - Historia;Ian Kershaw;Paidós;Historia;2014;Español;Tapa blanda;331;16.96;9.91;41.54;No;Sí;Sí;2022-10-02;Kershaw es el gran cartógrafo del horror nazi. Sus libros son lecturas necesarias, aunque difíciles, para entender cómo la modernidad puede producir la barbarie.
978-425-437-3782-6;Libro 0486 - Cómics/Manga;Osamu Tezuka;Siruela;Cómics/Manga;1982;Español;Tapa blanda;311;9.79;6.48;33.85;Sí;Sí;Sí;2019-05-11;Tezuka revolucionó el lenguaje del cómic japonés combinando influencias del cine occidental con la sensibilidad estética del Japón de posguerra. Cada página es un testimonio de su genio creativo.
978-513-811-9625-1;Libro 0487 - Infantil/Juvenil;Roald Dahl;Random House;Infantil/Juvenil;1992;Español;Ebook;180;6.13;2.99;46.73;Sí;No;Sí;2020-04-16;Con un talento único para mezclar lo disparatado y lo tierno, Dahl construyó personajes que han sobrevivido décadas en la imaginación de los lectores. Clásico imprescindible de la literatura juvenil.
978-569-768-6454-9;Libro 0488 - Idiomas;Norman Whitney;Paidós;Idiomas;1981;Español;Ebook;237;20.68;12.15;35.91;Sí;No;Sí;2020-12-17;Con un diseño pedagógico cuidado y textos adaptados a cada nivel, Whitney ofrece recursos de aprendizaje del inglés que funcionan tanto en el aula como en el estudio independiente.
978-688-285-4435-6;Libro 0489 - Infantil/Juvenil;Roald Dahl;Salamandra;Infantil/Juvenil;1980;Español;Tapa blanda;173;12.79;8.02;37.28;Sí;Sí;Sí;2019-05-14;La prosa de Dahl es un prodigio de ritmo y sonoridad. Sus historias, llenas de villanos memorables y héroes inesperados, funcionan como pequeñas fábulas modernas con mucho más humor que moraleja.
978-209-783-4892-3;Libro 0490 - Arte y Fotografía;Giorgio Vasari;Random House;Arte y Fotografía;2021;Español;Tapa blanda;255;39.12;29.23;25.27;Sí;Sí;Sí;2021-09-09;Vasari fue el primer gran historiador del arte y su obra es el punto de partida de toda la historia del arte occidental. Un recorrido fascinante por el Renacimiento italiano que combina biografía, crítica y elogio apasionado.
978-111-910-5112-6;Libro 0491 - Arte y Fotografía;E.H. Gombrich;Espasa;Arte y Fotografía;2000;Gallego;Tapa blanda;317;38.85;28.31;27.12;Sí;Sí;Sí;2022-05-13;Gombrich no solo describía el arte: lo explicaba. Su capacidad para conectar la obra con la mentalidad de su época y con la psicología de la percepción lo convierte en un divulgador sin par.
978-420-476-8032-0;Libro 0492 - Arte y Fotografía;Simon Schama;Ariel;Arte y Fotografía;1985;Español;Tapa dura;196;58.97;41.6;29.46;Sí;Sí;Sí;2022-11-21;Una exploración profunda del arte como expresión de la condición humana. Schama conecta obras de distintas épocas con los contextos que las hicieron posibles, creando una narrativa cultural apasionante.
978-282-681-8930-4;Libro 0493 - Autoayuda;Brené Brown;Tusquets;Autoayuda;1988;Español;Bolsillo;262;20.6;11.6;43.7;Sí;No;Sí;2020-10-30;Con historias reales y datos de su investigación, Brown explora cómo la vergüenza nos paraliza y cómo la empatía nos libera. Un libro valiente para quienes quieren relacionarse de forma más auténtica.
978-877-815-9541-5;Libro 0494 - No Ficción;Nassim Taleb;Alianza Editorial;No Ficción;1989;Español;Tapa blanda;217;22.02;12.17;44.72;Sí;Sí;Sí;2022-02-21;Taleb mezcla filosofía, matemáticas y autobiografía para explorar cómo los eventos raros y extremos dan forma al mundo. Un libro incómodo y brillante que cuestiona el pensamiento convencional.
978-257-788-9278-7;Libro 0495 - Cómics/Manga;Art Spiegelman;Ediciones B;Cómics/Manga;2004;Español;Tapa blanda;154;17.89;11.67;34.79;Sí;Sí;Sí;2022-10-15;Spiegelman utiliza el cómic para narrar el Holocausto a través de la historia de su padre. Una obra desgarradora y necesaria que demostró al mundo que el cómic puede abordar los temas más graves.
978-227-188-8486-8;Libro 0496 - Infantil/Juvenil;Jeff Kinney;Anagrama;Infantil/Juvenil;1985;Español;Tapa blanda;256;11.12;6.74;39.35;Sí;Sí;Sí;2020-06-29;Kinney creó uno de los personajes más queridos de la literatura juvenil actual. El humor cotidiano, los malentendidos generacionales y la búsqueda de identidad hacen de esta serie una lectura adictiva.
978-861-116-1232-9;Libro 0497 - Arte y Fotografía;John Berger;Espasa;Arte y Fotografía;2012;Español;Bolsillo;144;39.12;27.76;29.05;Sí;No;Sí;2021-07-31;La influencia de Berger en cómo pensamos sobre las imágenes es comparable a la de Freud en cómo pensamos sobre los sueños. Un pensador que cambió el vocabulario de la crítica visual.
978-352-142-7890-4;Libro 0498 - Idiomas;Michael Swan;Espasa;Idiomas;2006;Gallego;Bolsillo;487;24.04;17.07;28.99;Sí;Sí;Sí;2019-11-02;Swan es el referente de los profesores de inglés en todo el mundo. Su capacidad para distinguir entre usos formales e informales y para explicar los casos complejos con claridad no tiene igual.
978-474-405-7494-2;Libro 0499 - Idiomas;Alan Grieve;Planeta;Idiomas;2012;Español;Tapa blanda;444;41.56;25.77;37.99;Sí;Sí;No;2023-03-05;Con un enfoque comunicativo y materiales actualizados, Grieve ofrece herramientas efectivas para el aprendizaje progresivo del inglés, prestando especial atención al vocabulario en contexto.
978-855-830-8218-5;Libro 0500 - No Ficción;Daniel Kahneman;Penguin Clásicos;No Ficción;1992;Español;Tapa dura;447;21.08;13.59;35.51;Sí;Sí;Sí;2021-04-23;Una obra revolucionaria que combina décadas de investigación en psicología y economía conductual. Kahneman demuestra que somos mucho menos racionales de lo que creemos y mucho más predecibles de lo que nos gustaría.
