venta_id;fecha;canal;tienda_id;empleado_id;cod_municipio_venta_ine;cliente_id;total_lineas;total_unidades;importe_bruto_total;importe_neto_total
V00001;2023-08-06;Online;ONLINE;ONLINE;28006;C0348;1;1;18,14;16,33
V00002;2022-06-29;Online;ONLINE;ONLINE;50297;C0367;7;11;218,27;214,93
V00003;2022-12-13;Tienda física;T004;E0021;50297;C0080;2;6;95,1;87,05
V00004;2023-05-01;Tienda física;T009;E0049;8019;C0494;1;3;66,18;66,18
V00005;2023-05-09;Tienda física;T001;E0002;28115;C0794;2;2;69,87;69,87
V00006;2023-07-04;Tienda física;T004;E0022;8019;SIN_REGISTRO;1;1;20,24;20,24
V00007;2023-02-28;Online;ONLINE;ONLINE;28074;C0350;4;4;77,94;75,12
V00008;2023-06-18;Online;ONLINE;ONLINE;28079;C0404;1;1;13,18;13,18
V00009;2023-07-23;Tienda física;T001;E0002;47186;C0642;1;1;15,52;13,97
V00010;2022-08-02;Online;ONLINE;ONLINE;41091;C0259;3;5;87,16;83,6
V00011;2022-12-29;Tienda física;T006;E0031;8019;C0454;1;1;14,26;14,26
V00012;2022-10-15;Online;ONLINE;ONLINE;8019;C0192;3;4;106,94;104,93
V00013;2023-01-20;Online;ONLINE;ONLINE;28006;C0752;1;1;14,64;12,44
V00014;2023-08-08;Online;ONLINE;ONLINE;46250;C0434;2;3;53,52;50,78
V00015;2022-07-11;Tienda física;T003;E0015;8019;C0473;3;5;93,87;91,25
V00016;2022-11-12;Online;ONLINE;ONLINE;28079;C0083;4;5;89,74;86,29
V00017;2023-12-28;Tienda física;T009;E0047;28079;C0154;8;8;213,45;206,45
V00018;2023-02-28;Tienda física;T006;E0030;41091;C0685;2;2;64,73;62,65
V00019;2022-09-01;Online;ONLINE;ONLINE;46192;C0465;1;1;14,52;14,52
V00020;2022-11-06;Tienda física;T006;E0032;41091;SIN_REGISTRO;4;4;79,09;77,85
V00021;2022-06-29;Tienda física;T003;E0017;29069;C0539;1;1;39,49;39,49
V00022;2022-02-08;Tienda física;T008;E0044;8015;C0717;2;2;33,2;33,2
V00023;2023-03-31;Tienda física;T003;E0014;50297;C0369;1;1;31,62;28,46
V00024;2023-05-10;Tienda física;T006;E0034;8019;C0053;3;3;49,58;47,45
V00025;2022-07-14;Tienda física;T003;E0017;28115;C0500;2;3;48,39;48,39
V00026;2023-06-21;Tienda física;T004;E0019;46250;C0229;2;3;72,07;72,07
V00027;2022-05-27;Tienda física;T006;E0033;8019;C0296;3;7;121,87;116,93
V00028;2022-07-30;Tienda física;T005;E0029;48044;C0175;2;5;111,14;102,83
V00029;2023-04-16;Online;ONLINE;ONLINE;48044;C0226;4;6;104,27;100,8
V00030;2022-01-05;Online;ONLINE;ONLINE;46192;C0462;2;3;134,65;134,65
V00031;2023-12-05;Tienda física;T006;E0034;8019;C0335;3;4;70,88;66,26
V00032;2022-12-08;Tienda física;T007;E0036;46250;C0261;3;5;102,12;97,88
V00033;2022-04-16;Online;ONLINE;ONLINE;41091;C0159;1;1;11,69;10,52
V00034;2022-01-24;Tienda física;T011;E0058;46250;C0229;1;1;22,17;19,95
V00035;2023-10-17;Tienda física;T007;E0038;28079;C0067;1;1;18,05;18,05
V00036;2022-07-25;Tienda física;T004;E0024;29067;C0065;1;1;13,35;13,35
V00037;2022-10-11;Online;ONLINE;ONLINE;28074;C0664;5;5;149,44;142,46
V00038;2023-03-28;Tienda física;T006;E0031;41091;SIN_REGISTRO;1;4;105,72;89,86
V00039;2022-10-07;Tienda física;T001;E0002;48044;C0798;1;1;30,98;30,98
V00040;2022-10-08;Tienda física;T009;E0049;46250;C0609;4;6;124,62;123,48
V00041;2023-09-30;Online;ONLINE;ONLINE;41059;C0707;3;3;37,09;35,84
V00042;2022-07-31;Online;ONLINE;ONLINE;;SIN_REGISTRO;2;2;46,8;44,82
V00043;2023-07-17;Online;ONLINE;ONLINE;48044;C0172;5;8;167,98;162,17
V00044;2022-05-25;Tienda física;T002;E0012;29069;C0204;3;5;105,37;96,28
V00045;2023-08-11;Online;ONLINE;ONLINE;41091;C0467;1;2;22,62;22,62
V00046;2022-03-14;Online;ONLINE;ONLINE;28079;C0057;1;3;72,57;72,57
V00047;2023-07-08;Online;ONLINE;ONLINE;41059;C0112;4;5;97,87;97,4
V00048;2022-05-14;Online;ONLINE;ONLINE;28065;C0166;2;2;33,38;31,24
V00049;2023-11-23;Tienda física;T001;E0002;48044;C0718;2;4;86,7;79,85
V00050;2023-01-28;Tienda física;T002;E0013;41091;C0001;3;3;55,88;53,71
V00051;2023-03-13;Tienda física;T010;E0054;48044;C0078;2;2;22,01;21,4
V00052;2023-12-23;Online;ONLINE;ONLINE;48044;C0303;1;2;58,84;52,96
V00053;2023-09-24;Tienda física;T008;E0042;48020;C0160;1;1;20,95;20,95
V00054;2022-12-07;Online;ONLINE;ONLINE;48044;C0173;1;1;26,32;26,32
V00055;2023-04-22;Tienda física;T008;E0040;48020;SIN_REGISTRO;1;2;39,04;35,14
V00056;2022-04-06;Tienda física;T001;E0006;28006;C0713;1;1;24,6;20,91
V00057;2022-04-10;Online;ONLINE;ONLINE;29067;C0786;2;3;78,44;73,48
V00058;2023-12-02;Online;ONLINE;ONLINE;28006;C0713;4;7;296,37;286,63
V00059;2023-04-27;Tienda física;T010;E0054;28079;C0698;1;1;12,5;12,5
V00060;2022-05-28;Online;ONLINE;ONLINE;41091;C0139;3;6;109,59;103,02
V00061;2023-01-08;Online;ONLINE;ONLINE;50297;C0379;4;7;263,59;247,44
V00062;2023-12-18;Tienda física;T004;E0023;28079;C0005;2;3;46,59;41,63
V00063;2022-11-29;Online;ONLINE;ONLINE;47186;C0050;1;2;27,6;26,22
V00064;2022-01-31;Tienda física;T010;E0050;8019;C0174;1;4;98,64;98,64
V00065;2022-04-26;Online;ONLINE;ONLINE;28074;C0146;1;4;87,76;87,76
V00066;2023-04-18;Tienda física;T012;E0064;8019;C0391;1;1;15,05;15,05
V00067;2022-12-23;Online;ONLINE;ONLINE;8019;C0134;1;2;35,04;31,54
V00068;2023-06-05;Tienda física;T003;E0016;28079;SIN_REGISTRO;1;1;15,49;15,49
V00069;2022-04-20;Tienda física;T008;E0043;8019;C0727;5;7;133,15;130,06
V00070;2022-11-06;Tienda física;T009;E0046;28115;C0305;2;2;50,5;48,02
V00071;2023-02-15;Tienda física;T003;E0016;47186;C0642;1;1;33,54;30,19
V00072;2022-09-02;Tienda física;T010;E0054;41059;C0538;1;2;29,68;26,71
V00073;2023-07-16;Tienda física;T005;E0025;8019;SIN_REGISTRO;3;4;121,62;119,98
V00074;2023-01-29;Tienda física;T011;E0059;8019;C0211;5;7;144,84;142,57
V00075;2022-08-02;Tienda física;T005;E0026;41091;C0159;1;3;58,17;49,44
V00076;2023-03-22;Tienda física;T005;E0027;8019;SIN_REGISTRO;3;3;79,81;76,19
V00077;2023-07-12;Tienda física;T006;E0034;8019;C0766;3;4;69,24;65,75
V00078;2022-06-27;Tienda física;T003;E0014;50297;C0079;1;1;27,29;23,2
V00079;2023-12-30;Tienda física;T007;E0038;8019;C0371;3;4;98,42;93,91
V00080;2022-04-28;Tienda física;T004;E0022;8019;C0378;2;2;32,43;30,17
V00081;2022-11-30;Online;ONLINE;ONLINE;48044;C0158;1;3;101,43;91,29
V00082;2023-04-01;Tienda física;T010;E0051;48020;C0353;2;2;48,59;48,59
V00083;2023-02-20;Tienda física;T007;E0039;28065;C0340;1;1;10,37;10,37
V00084;2023-12-03;Online;ONLINE;ONLINE;28074;C0038;1;2;36,48;32,83
V00085;2022-12-02;Online;ONLINE;ONLINE;28115;C0537;2;4;85,86;82,71
V00086;2022-04-03;Online;ONLINE;ONLINE;28079;C0544;2;2;86,39;86,39
V00087;2023-08-18;Tienda física;T010;E0053;28079;C0709;1;4;49,92;42,43
V00088;2022-05-31;Tienda física;T003;E0014;8015;C0706;3;5;178,99;163,3
V00089;2023-04-09;Online;ONLINE;ONLINE;47186;C0290;3;3;31,32;30,34
V00090;2023-02-04;Tienda física;T008;E0042;47186;C0358;1;3;28,95;26,05
V00091;2022-07-20;Tienda física;T012;E0062;8019;C0469;2;3;63,65;61,17
V00092;2022-11-03;Online;ONLINE;ONLINE;46192;C0200;7;10;143,14;139,23
V00093;2023-03-22;Tienda física;T003;E0015;29069;C0248;1;1;21,6;18,36
V00094;2022-04-02;Tienda física;T001;E0006;48020;C0505;2;4;93,65;84,28
V00095;2023-09-19;Online;ONLINE;ONLINE;8015;C0662;1;1;19,06;17,15
V00096;2022-05-11;Tienda física;T010;E0051;29069;C0613;5;6;138,85;136,78
V00097;2023-01-14;Tienda física;T007;E0038;28006;C0532;2;2;69,72;68,18
V00098;2022-01-01;Tienda física;T011;E0060;41059;C0694;4;6;141,87;132,33
V00099;2022-04-23;Tienda física;T005;E0026;8019;C0796;1;1;17,26;17,26
V00100;2022-08-29;Online;ONLINE;ONLINE;28079;C0440;1;1;13,72;13,03
V00101;2023-10-03;Online;ONLINE;ONLINE;8019;C0371;1;1;19,33;19,33
V00102;2023-02-20;Tienda física;T009;E0047;28079;C0089;2;3;64,19;60,98
V00103;2023-07-13;Tienda física;T006;E0030;46192;C0488;2;2;89,17;85,86
V00104;2023-05-02;Tienda física;T012;E0061;46250;C0115;3;3;77,81;75,42
V00105;2023-07-23;Tienda física;T008;E0040;48020;SIN_REGISTRO;1;1;15,9;15,11
V00106;2023-03-04;Online;ONLINE;ONLINE;29069;C0209;5;6;109,29;105,65
V00107;2023-11-18;Online;ONLINE;ONLINE;28065;C0169;1;2;24,96;24,96
V00108;2022-01-12;Tienda física;T012;E0062;28079;C0377;2;4;48,1;48,1
V00109;2022-05-28;Tienda física;T002;E0010;48020;C0343;2;3;39,52;35,99
V00110;2023-11-05;Online;ONLINE;ONLINE;28079;C0597;2;2;31,61;30,79
V00111;2022-03-28;Tienda física;T006;E0033;41059;C0045;6;10;207,98;204,47
V00112;2023-04-12;Tienda física;T007;E0035;41059;C0516;2;2;40,69;35,61
V00113;2023-10-01;Tienda física;T012;E0064;41091;C0342;2;4;99,9;99,14
V00114;2023-06-06;Online;ONLINE;ONLINE;28006;C0519;2;4;161,22;159,69
V00115;2023-01-29;Tienda física;T001;E0006;28079;C0380;1;1;19,96;19,96
V00116;2022-07-10;Tienda física;T008;E0040;29067;C0034;7;8;177,91;175,17
V00117;2023-08-15;Online;ONLINE;ONLINE;28065;C0169;3;7;158,63;145,92
V00118;2023-12-31;Tienda física;T009;E0047;28006;C0144;1;1;23,07;20,76
V00119;2023-02-25;Tienda física;T004;E0020;8019;C0174;1;1;33,28;29,95
V00120;2022-02-04;Tienda física;T011;E0060;28115;C0426;3;7;157,6;157,6
V00121;2023-12-23;Tienda física;T006;E0030;50297;C0437;2;2;54,45;52,81
V00122;2023-08-18;Tienda física;T008;E0043;41059;C0707;1;1;13,18;12,52
V00123;2022-05-26;Online;ONLINE;ONLINE;8019;C0739;2;4;109,36;98,91
V00124;2023-04-22;Tienda física;T002;E0009;48020;C0131;1;1;22,2;19,98
V00125;2023-06-20;Online;ONLINE;ONLINE;8019;C0631;3;3;44,15;42,51
V00126;2022-09-09;Tienda física;T002;E0008;28115;SIN_REGISTRO;3;6;165,5;159,54
V00127;2023-12-02;Tienda física;T007;E0039;41038;C0171;1;2;31,28;26,59
V00128;2023-09-20;Tienda física;T002;E0010;28115;C0300;4;6;183,75;179,47
V00129;2023-07-02;Online;ONLINE;ONLINE;28079;C0377;1;2;58,36;58,36
V00130;2023-04-10;Online;ONLINE;ONLINE;29067;C0562;2;3;96,59;86,94
V00131;2023-08-11;Tienda física;T007;E0036;47186;C0370;1;2;24,2;20,57
V00132;2023-03-08;Online;ONLINE;ONLINE;;SIN_REGISTRO;2;3;51,3;51,3
V00133;2022-10-24;Tienda física;T010;E0050;41091;C0502;1;1;18,94;18,94
V00134;2023-12-13;Tienda física;T002;E0012;41038;C0327;1;1;18,66;16,79
V00135;2023-08-01;Online;ONLINE;ONLINE;41091;C0125;3;3;92,38;91,22
V00136;2023-10-07;Tienda física;T012;E0062;46192;C0271;7;14;374,83;354,57
V00137;2023-08-10;Online;ONLINE;ONLINE;28006;C0111;2;3;43,11;43,11
V00138;2023-10-02;Tienda física;T005;E0028;47186;C0023;2;2;30,2;30,2
V00139;2023-05-12;Tienda física;T001;E0003;47186;C0388;2;3;55,56;53,6
V00140;2023-06-02;Tienda física;T003;E0017;8019;C0425;1;2;30,84;30,84
V00141;2022-09-16;Online;ONLINE;ONLINE;;SIN_REGISTRO;1;2;24,84;24,84
V00142;2022-10-09;Tienda física;T003;E0015;41091;C0011;1;1;21,19;21,19
V00143;2022-04-25;Online;ONLINE;ONLINE;28074;C0716;1;1;15,13;13,62
V00144;2023-08-29;Online;ONLINE;ONLINE;41059;C0339;1;2;43,36;36,86
V00145;2023-11-06;Tienda física;T004;E0020;28006;C0396;1;2;36,08;34,28
V00146;2022-06-29;Tienda física;T007;E0038;41038;C0044;2;3;37,53;37,53
V00147;2023-05-12;Tienda física;T010;E0050;41059;C0315;2;5;183,15;179,79
V00148;2022-12-18;Tienda física;T011;E0057;28006;C0779;1;2;42,12;42,12
V00149;2023-09-02;Online;ONLINE;ONLINE;41059;C0035;3;5;120,3;117,38
V00150;2023-02-27;Tienda física;T011;E0060;50297;SIN_REGISTRO;1;1;20,45;19,43
V00151;2023-11-08;Online;ONLINE;ONLINE;46250;C0060;4;4;84,52;81,01
V00152;2022-08-04;Tienda física;T006;E0031;41059;C0218;2;2;49,59;47,74
V00153;2022-02-25;Online;ONLINE;ONLINE;48020;C0599;4;6;176,2;164,11
V00154;2022-04-29;Online;ONLINE;ONLINE;50297;C0079;1;1;18,04;18,04
V00155;2023-04-21;Tienda física;T007;E0039;46250;SIN_REGISTRO;1;1;17;16,15
V00156;2022-11-05;Tienda física;T010;E0053;41091;C0319;1;1;23,05;21,9
V00157;2023-01-24;Online;ONLINE;ONLINE;41038;C0598;1;2;31,42;26,71
V00158;2023-05-01;Tienda física;T004;E0018;41059;C0228;2;2;78,53;78,53
V00159;2023-06-28;Tienda física;T001;E0001;29069;C0024;1;1;22,59;21,46
V00160;2022-10-23;Tienda física;T004;E0018;28115;C0320;1;1;29,15;27,69
V00161;2023-11-26;Online;ONLINE;ONLINE;28115;C0675;2;2;33,51;33,51
V00162;2022-04-10;Online;ONLINE;ONLINE;41059;C0032;2;5;139,54;125,58
V00163;2023-03-19;Tienda física;T004;E0019;47186;C0595;2;2;37,37;36,12
V00164;2022-12-10;Online;ONLINE;ONLINE;28074;C0731;2;4;47,25;47,25
V00165;2022-04-11;Tienda física;T011;E0058;8019;C0355;1;1;9,83;9,83
V00166;2023-04-18;Online;ONLINE;ONLINE;28115;C0794;1;3;66,63;56,64
V00167;2023-11-20;Tienda física;T010;E0051;48044;C0190;2;3;85,78;81,61
V00168;2023-06-17;Tienda física;T008;E0041;48020;SIN_REGISTRO;2;5;100,77;100,77
V00169;2022-11-17;Online;ONLINE;ONLINE;8019;C0282;1;3;49,8;44,82
V00170;2023-11-20;Tienda física;T011;E0059;48020;C0364;4;5;105,43;101,51
V00171;2022-01-13;Tienda física;T010;E0051;29067;C0275;1;2;18,4;17,48
V00172;2023-06-22;Online;ONLINE;ONLINE;29067;C0661;5;7;108,91;105,52
V00173;2022-12-26;Online;ONLINE;ONLINE;8015;C0397;5;5;104,67;102,17
V00174;2022-09-15;Tienda física;T008;E0041;48044;C0003;2;3;65,37;62,7
V00175;2022-01-25;Online;ONLINE;ONLINE;29069;C0278;2;2;59,99;57,91
V00176;2022-02-28;Online;ONLINE;ONLINE;28079;C0304;3;4;59,28;56,5
V00177;2023-09-06;Online;ONLINE;ONLINE;29069;C0639;1;2;47,7;40,55
V00178;2023-12-27;Tienda física;T003;E0016;28115;C0783;1;1;30,39;30,39
V00179;2023-09-12;Tienda física;T003;E0017;28079;SIN_REGISTRO;1;2;35,56;35,56
V00180;2023-11-04;Tienda física;T012;E0062;8019;C0016;1;3;36,33;30,88
V00181;2022-04-24;Tienda física;T005;E0027;48044;C0511;3;4;70,92;65,51
V00182;2022-09-17;Tienda física;T012;E0061;28006;SIN_REGISTRO;7;11;444,48;427,68
V00183;2023-11-08;Online;ONLINE;ONLINE;28115;C0783;2;2;64,32;60,05
V00184;2022-10-11;Online;ONLINE;ONLINE;29069;C0541;1;1;17,05;16,2
V00185;2022-09-21;Online;ONLINE;ONLINE;29069;C0204;3;5;84,51;84,51
V00186;2022-10-11;Tienda física;T011;E0058;28115;C0240;1;2;78,22;78,22
V00187;2023-02-02;Online;ONLINE;ONLINE;28006;C0628;1;1;20,66;20,66
V00188;2022-09-22;Tienda física;T004;E0019;41091;C0578;1;2;27,86;27,86
V00189;2023-03-28;Online;ONLINE;ONLINE;8015;C0662;2;3;42,97;42,97
V00190;2022-07-25;Tienda física;T010;E0055;48044;C0772;1;1;15,08;13,57
V00191;2022-07-02;Tienda física;T009;E0046;46250;C0735;1;2;24,98;21,23
V00192;2022-04-22;Online;ONLINE;ONLINE;8019;C0386;1;3;52,71;52,71
V00193;2022-08-12;Online;ONLINE;ONLINE;48044;C0772;2;3;71,04;65,29
V00194;2023-03-29;Tienda física;T007;E0039;46192;C0561;1;1;16,47;14
V00195;2022-04-16;Tienda física;T007;E0037;47186;C0262;6;10;219,62;207,11
V00196;2022-03-14;Online;ONLINE;ONLINE;41091;C0438;2;5;54,67;49,2
V00197;2023-04-02;Online;ONLINE;ONLINE;29067;C0691;1;2;41,66;41,66
V00198;2022-06-02;Tienda física;T006;E0030;50297;C0407;1;2;51,76;44
V00199;2022-02-08;Tienda física;T006;E0034;41091;SIN_REGISTRO;2;3;59,29;52,1
V00200;2022-09-30;Online;ONLINE;ONLINE;;SIN_REGISTRO;1;1;38,99;38,99
V00201;2023-02-05;Tienda física;T008;E0040;41091;C0644;2;3;61,53;56,92
V00202;2023-06-12;Tienda física;T010;E0052;47186;C0292;2;6;100,95;95,15
V00203;2023-05-05;Tienda física;T002;E0008;8015;C0441;7;8;146,25;140,53
V00204;2022-03-13;Tienda física;T002;E0010;48044;C0297;3;4;107,75;104,91
V00205;2022-01-04;Tienda física;T007;E0038;48044;C0596;1;4;78,2;74,29
V00206;2022-05-05;Online;ONLINE;ONLINE;;SIN_REGISTRO;2;2;33,48;32,22
V00207;2022-12-08;Tienda física;T008;E0042;28074;C0208;2;5;113,4;107,18
V00208;2023-02-15;Tienda física;T003;E0017;28006;C0665;1;1;19,66;19,66
V00209;2023-01-10;Online;ONLINE;ONLINE;8015;C0476;8;9;192,84;188
V00210;2022-03-24;Online;ONLINE;ONLINE;50297;C0030;1;2;25,7;24,41
V00211;2023-10-26;Online;ONLINE;ONLINE;41038;C0107;1;1;26,96;26,96
V00212;2023-07-22;Online;ONLINE;ONLINE;47186;C0095;2;2;24,49;24,49
V00213;2023-11-08;Tienda física;T001;E0004;29069;C0586;2;3;35,88;35,25
V00214;2023-12-14;Tienda física;T007;E0038;28079;C0597;2;4;102,08;98,81
V00215;2023-10-08;Tienda física;T010;E0052;50297;C0167;2;2;47,89;45,31
V00216;2023-05-14;Tienda física;T001;E0005;46192;C0509;1;3;56,28;56,28
V00217;2022-07-14;Online;ONLINE;ONLINE;8019;C0268;1;3;67,56;67,56
V00218;2022-07-17;Online;ONLINE;ONLINE;46250;C0659;1;1;23,39;23,39
V00219;2023-05-16;Tienda física;T005;E0025;8019;SIN_REGISTRO;2;4;105,84;101,67
V00220;2023-07-08;Tienda física;T009;E0047;48044;SIN_REGISTRO;2;3;29,42;25,59
V00221;2023-05-27;Tienda física;T010;E0050;28115;C0614;2;4;72,64;65,37
V00222;2022-01-17;Tienda física;T001;E0003;46250;C0207;1;1;12,7;12,7
V00223;2022-02-27;Tienda física;T010;E0055;28006;C0444;5;5;112,14;111,18
V00224;2023-02-20;Tienda física;T012;E0064;8019;C0109;1;2;61,7;61,7
V00225;2023-11-01;Tienda física;T003;E0017;28065;C0593;1;1;12,45;10,58
V00226;2023-11-26;Tienda física;T011;E0057;47186;C0601;1;3;44,31;39,88
V00227;2023-08-17;Online;ONLINE;ONLINE;8019;C0479;2;2;38,14;36,34
V00228;2022-02-07;Online;ONLINE;ONLINE;28074;C0630;2;3;54,29;47,14
V00229;2023-05-16;Tienda física;T011;E0058;8019;C0727;2;2;61,25;58,67
V00230;2023-04-28;Tienda física;T003;E0015;28006;C0288;2;2;34,29;32,8
V00231;2022-09-06;Online;ONLINE;ONLINE;48020;C0201;2;2;60,71;53,68
V00232;2022-01-15;Tienda física;T001;E0006;50297;C0260;1;2;43,28;43,28
V00233;2022-11-11;Tienda física;T010;E0055;29069;SIN_REGISTRO;2;2;45,44;45,44
V00234;2023-09-18;Tienda física;T004;E0020;8015;C0724;1;1;34,37;34,37
V00235;2022-04-19;Online;ONLINE;ONLINE;47186;C0292;2;2;38,03;36,71
V00236;2023-09-02;Online;ONLINE;ONLINE;48020;C0068;3;5;103,1;94,12
V00237;2022-03-06;Online;ONLINE;ONLINE;50297;C0299;5;9;201,4;190,26
V00238;2022-12-12;Online;ONLINE;ONLINE;48044;C0798;1;3;78,21;66,48
V00239;2022-11-29;Tienda física;T002;E0007;8015;C0309;2;2;32,9;32,03
V00240;2022-11-26;Tienda física;T005;E0027;29067;C0129;3;5;93,54;91,69
V00241;2023-08-31;Tienda física;T002;E0008;46250;C0732;1;1;17,18;17,18
V00242;2022-03-06;Tienda física;T007;E0036;50297;C0295;2;2;35,99;33,49
V00243;2022-05-25;Online;ONLINE;ONLINE;;SIN_REGISTRO;3;6;189,56;186,68
V00244;2023-12-15;Online;ONLINE;ONLINE;28115;C0675;1;1;35,89;35,89
V00245;2023-03-26;Online;ONLINE;ONLINE;;SIN_REGISTRO;2;4;54,41;54,41
V00246;2022-05-17;Tienda física;T011;E0059;50297;SIN_REGISTRO;2;3;60,59;60,59
V00247;2022-06-11;Online;ONLINE;ONLINE;28065;C0432;5;8;182,79;177,92
V00248;2022-03-24;Tienda física;T001;E0003;28079;SIN_REGISTRO;2;3;56,01;56,01
V00249;2022-07-03;Online;ONLINE;ONLINE;48044;C0314;1;1;27,59;27,59
V00250;2023-03-03;Tienda física;T003;E0017;41091;C0263;2;3;103,29;100,39
V00251;2023-12-10;Tienda física;T005;E0025;8019;C0268;2;2;47,7;46,05
V00252;2022-05-27;Online;ONLINE;ONLINE;28006;C0665;1;1;17,55;14,92
V00253;2023-06-20;Tienda física;T005;E0028;46192;C0509;2;3;71,36;69,81
V00254;2022-09-02;Tienda física;T009;E0049;8019;C0174;1;1;29,34;29,34
V00255;2023-09-03;Tienda física;T007;E0037;48020;C0329;6;6;119,81;117,27
V00256;2023-09-19;Tienda física;T006;E0030;41038;C0486;2;2;41,13;41,13
V00257;2022-12-23;Online;ONLINE;ONLINE;47186;C0262;4;5;136,45;128,82
V00258;2023-07-26;Online;ONLINE;ONLINE;;SIN_REGISTRO;1;1;20,61;20,61
V00259;2022-05-01;Online;ONLINE;ONLINE;;SIN_REGISTRO;3;3;69,98;62,98
V00260;2023-09-26;Online;ONLINE;ONLINE;8019;C0556;6;9;181,2;171,83
V00261;2023-04-21;Online;ONLINE;ONLINE;48020;C0362;4;7;116,82;107,02
V00262;2022-10-11;Tienda física;T009;E0048;8015;C0441;2;3;36,29;36,29
V00263;2022-04-26;Online;ONLINE;ONLINE;41038;C0598;1;2;27,74;27,74
V00264;2023-05-25;Tienda física;T012;E0063;28065;C0780;2;2;41,57;41,57
V00265;2023-11-18;Online;ONLINE;ONLINE;46192;C0007;2;2;33,93;32,85
V00266;2023-10-23;Online;ONLINE;ONLINE;;SIN_REGISTRO;6;7;241,97;240,15
V00267;2022-08-03;Online;ONLINE;ONLINE;48020;C0353;3;4;55,02;54,5
V00268;2022-12-09;Tienda física;T010;E0053;8019;C0667;2;3;61,13;56,26
V00269;2022-02-14;Tienda física;T012;E0065;48020;C0220;1;1;14,73;14,73
V00270;2023-07-05;Online;ONLINE;ONLINE;8019;C0714;2;6;83,13;83,13
V00271;2022-01-30;Tienda física;T002;E0008;47186;C0463;1;2;25,72;24,43
V00272;2022-03-14;Tienda física;T001;E0003;8015;C0446;2;2;56,2;54,07
V00273;2023-08-30;Tienda física;T010;E0053;28079;C0597;1;1;14,56;13,1
V00274;2023-03-06;Tienda física;T003;E0016;48044;C0503;1;2;28,34;28,34
V00275;2022-08-24;Tienda física;T005;E0028;8015;C0381;1;2;57,78;57,78
V00276;2022-08-22;Tienda física;T003;E0015;8019;C0335;5;9;234,91;233,24
V00277;2023-02-27;Online;ONLINE;ONLINE;28079;C0385;1;1;18,51;18,51
V00278;2022-08-14;Online;ONLINE;ONLINE;28006;C0688;1;2;37,98;37,98
V00279;2023-08-23;Tienda física;T004;E0020;8019;C0714;4;6;85;80,01
V00280;2023-03-23;Tienda física;T004;E0021;50297;C0594;5;5;126,66;126,66
V00281;2023-09-17;Online;ONLINE;ONLINE;50297;C0566;2;4;64,34;61,12
V00282;2023-02-01;Online;ONLINE;ONLINE;8019;C0268;1;1;30,51;30,51
V00283;2023-04-14;Online;ONLINE;ONLINE;8015;C0046;1;2;47,7;40,55
V00284;2023-10-10;Online;ONLINE;ONLINE;28079;C0336;1;1;30,58;30,58
V00285;2022-07-27;Online;ONLINE;ONLINE;29067;C0351;2;2;28,27;26,96
V00286;2022-02-02;Tienda física;T008;E0045;48044;C0482;3;4;81,72;74,85
V00287;2022-10-15;Tienda física;T011;E0060;28074;C0457;1;1;15,45;15,45
V00288;2023-04-22;Online;ONLINE;ONLINE;;SIN_REGISTRO;3;4;127,18;124,84
V00289;2022-06-25;Online;ONLINE;ONLINE;28079;C0086;3;4;186,02;186,02
V00290;2022-10-30;Tienda física;T002;E0013;28074;C0773;5;8;168,5;152,86
V00291;2023-10-16;Tienda física;T011;E0060;28115;C0537;1;2;30,46;27,41
V00292;2023-08-15;Online;ONLINE;ONLINE;;SIN_REGISTRO;1;1;27,01;24,31
V00293;2022-03-30;Online;ONLINE;ONLINE;;SIN_REGISTRO;2;3;112,03;110,98
V00294;2022-08-10;Online;ONLINE;ONLINE;;SIN_REGISTRO;1;2;72,26;65,03
V00295;2023-04-19;Tienda física;T003;E0017;41091;C0692;3;3;68,73;66,52
V00296;2023-03-15;Online;ONLINE;ONLINE;28065;C0137;3;4;49,3;46,73
V00297;2022-09-11;Online;ONLINE;ONLINE;48044;C0568;4;6;258,38;249,64
V00298;2023-08-17;Tienda física;T009;E0047;41059;C0059;3;3;58,24;57,62
V00299;2023-08-11;Online;ONLINE;ONLINE;28065;C0564;3;3;72,38;72,38
V00300;2022-02-15;Tienda física;T002;E0010;8019;C0148;1;1;11,25;11,25
V00301;2023-06-01;Tienda física;T005;E0027;28079;C0336;7;11;324,37;318,88
V00302;2023-06-28;Tienda física;T007;E0036;46250;SIN_REGISTRO;2;5;79,6;75,62
V00303;2023-12-15;Tienda física;T001;E0003;28115;C0286;2;2;50,87;50,87
V00304;2023-05-23;Online;ONLINE;ONLINE;28079;C0026;5;8;165,45;165,45
V00305;2023-07-26;Online;ONLINE;ONLINE;46192;C0460;3;4;81,2;77,66
V00306;2022-08-12;Tienda física;T003;E0014;48044;C0258;1;1;21,47;21,47
V00307;2022-10-30;Tienda física;T008;E0045;47186;C0572;2;3;83,86;80,72
V00308;2022-01-17;Online;ONLINE;ONLINE;47186;C0653;1;1;32,35;30,73
V00309;2022-06-15;Online;ONLINE;ONLINE;50297;C0168;1;1;21,04;17,88
V00310;2023-08-08;Tienda física;T004;E0020;41038;C0105;3;4;63,41;58,17
V00311;2023-04-11;Online;ONLINE;ONLINE;46250;C0207;2;5;123,67;117,48
V00312;2023-12-22;Tienda física;T008;E0045;47186;C0542;1;1;18,78;17,84
V00313;2023-01-15;Tienda física;T007;E0037;28079;C0161;2;4;105,16;96,95
V00314;2023-12-22;Tienda física;T010;E0051;46192;C0007;1;1;16,74;14,23
V00315;2023-10-05;Tienda física;T002;E0012;28115;SIN_REGISTRO;3;4;108,7;103,92
V00316;2023-12-09;Tienda física;T003;E0015;48020;C0234;1;1;16,77;16,77
V00317;2022-10-31;Tienda física;T008;E0045;41059;C0429;1;1;14,63;13,9
V00318;2023-12-16;Tienda física;T008;E0042;46250;C0207;1;2;20,24;18,22
V00319;2023-12-03;Tienda física;T012;E0064;46250;C0165;1;3;60,48;60,48
V00320;2022-02-26;Online;ONLINE;ONLINE;41038;C0186;6;6;110,7;104,87
V00321;2022-02-22;Tienda física;T007;E0036;47186;C0572;1;1;17,11;17,11
V00322;2023-01-10;Tienda física;T004;E0021;50297;C0213;2;3;80,3;77,09
V00323;2023-01-10;Online;ONLINE;ONLINE;29069;C0204;3;4;99,07;99,07
V00324;2023-10-26;Online;ONLINE;ONLINE;;SIN_REGISTRO;3;7;140,46;137,1
V00325;2023-07-29;Tienda física;T004;E0024;41059;C0590;1;1;19,29;16,4
V00326;2022-05-22;Tienda física;T010;E0052;46192;C0321;1;1;14,72;14,72
V00327;2023-07-07;Online;ONLINE;ONLINE;48044;C0568;2;4;92,74;89,09
V00328;2023-08-18;Tienda física;T009;E0049;41059;C0707;2;2;51,4;46,24
V00329;2022-08-19;Online;ONLINE;ONLINE;50297;C0013;1;2;31,12;31,12
V00330;2022-10-01;Online;ONLINE;ONLINE;28065;C0084;2;3;63,44;59,07
V00331;2022-10-11;Online;ONLINE;ONLINE;28115;C0047;1;1;37,67;37,67
V00332;2023-01-17;Online;ONLINE;ONLINE;46250;C0261;2;4;57,71;57,04
V00333;2023-05-13;Online;ONLINE;ONLINE;29069;C0399;3;3;99,69;98,15
V00334;2023-04-27;Tienda física;T009;E0046;48020;C0329;1;1;21,35;18,15
V00335;2023-04-08;Tienda física;T001;E0001;29069;C0541;3;6;231,38;219,35
V00336;2023-11-21;Online;ONLINE;ONLINE;41038;C0186;1;1;17,05;14,49
V00337;2022-07-12;Tienda física;T004;E0022;28006;C0444;8;10;233,88;229,43
V00338;2022-03-24;Tienda física;T010;E0054;28079;C0354;2;2;47,21;43,83
V00339;2022-10-23;Tienda física;T012;E0062;47186;C0292;2;4;51,87;51,17
V00340;2022-06-18;Tienda física;T003;E0014;50297;C0013;4;8;172,95;170,64
V00341;2023-12-15;Tienda física;T002;E0011;48044;C0314;2;6;205,92;205,92
V00342;2022-06-04;Tienda física;T012;E0063;8019;C0123;6;12;344,6;344,6
V00343;2022-10-28;Online;ONLINE;ONLINE;46250;C0659;1;1;13,42;12,75
V00344;2023-05-01;Tienda física;T006;E0031;28115;C0775;2;3;48,77;47,69
V00345;2023-03-31;Tienda física;T006;E0034;28079;C0142;1;1;10,69;9,09
V00346;2022-10-26;Tienda física;T009;E0049;48020;C0054;4;7;228,19;223,29
V00347;2022-01-23;Tienda física;T011;E0057;8019;C0371;1;1;14,23;14,23
V00348;2023-02-26;Tienda física;T010;E0052;29069;C0202;2;2;43,22;40,49
V00349;2023-11-03;Online;ONLINE;ONLINE;41038;C0607;6;9;247,98;228,77
V00350;2023-05-13;Online;ONLINE;ONLINE;28115;C0269;2;2;52,23;47
V00351;2023-04-14;Tienda física;T007;E0038;29069;C0557;3;3;87,54;87,54
V00352;2022-11-10;Tienda física;T012;E0064;8019;C0790;7;9;258,41;244,15
V00353;2022-08-21;Tienda física;T012;E0065;28074;C0630;1;1;11,61;11,03
V00354;2022-10-23;Online;ONLINE;ONLINE;50297;C0013;1;1;15,45;15,45
V00355;2022-12-28;Online;ONLINE;ONLINE;41091;C0439;2;3;83,07;80,04
V00356;2022-06-20;Tienda física;T012;E0065;41059;C0583;1;1;13,29;11,96
V00357;2023-12-30;Tienda física;T001;E0006;29067;C0474;2;2;50,7;48,14
V00358;2022-07-06;Tienda física;T004;E0022;48020;C0602;1;2;22,96;22,96
V00359;2022-06-15;Online;ONLINE;ONLINE;28079;C0026;3;3;89,52;85,19
V00360;2022-02-12;Tienda física;T001;E0006;46192;C0088;1;1;15,23;15,23
V00361;2023-03-28;Online;ONLINE;ONLINE;28079;C0257;2;7;254,52;254,52
V00362;2022-07-08;Online;ONLINE;ONLINE;;SIN_REGISTRO;4;4;60,74;60,74
V00363;2023-11-13;Tienda física;T005;E0029;29069;C0117;1;1;29,75;29,75
V00364;2022-06-01;Online;ONLINE;ONLINE;28079;C0485;1;2;26,3;26,3
V00365;2023-07-07;Online;ONLINE;ONLINE;41059;C0018;2;2;30,92;29,22
V00366;2022-05-05;Tienda física;T007;E0037;28065;C0593;1;2;54,38;54,38
V00367;2023-05-27;Tienda física;T003;E0015;29069;C0617;2;3;33,51;32,92
V00368;2022-11-24;Tienda física;T006;E0030;48020;C0132;1;1;38,81;38,81
V00369;2023-07-14;Tienda física;T009;E0046;28115;C0310;1;1;26,62;23,96
V00370;2023-10-25;Online;ONLINE;ONLINE;;SIN_REGISTRO;2;2;70,34;68,29
V00371;2023-05-01;Online;ONLINE;ONLINE;28079;C0170;1;2;21,78;21,78
V00372;2023-08-02;Tienda física;T010;E0052;29069;C0586;1;4;138,08;117,37
V00373;2022-12-13;Tienda física;T005;E0025;50297;C0167;2;2;67,49;59,66
V00374;2023-05-06;Tienda física;T004;E0022;8019;C0741;2;4;127,18;127,18
V00375;2023-11-26;Online;ONLINE;ONLINE;28115;C0427;1;1;23,65;21,29
V00376;2022-11-12;Online;ONLINE;ONLINE;8019;C0318;2;3;62,6;62,6
V00377;2023-09-25;Online;ONLINE;ONLINE;28074;C0512;2;4;83,15;76,53
V00378;2023-01-01;Online;ONLINE;ONLINE;48020;C0068;5;8;190,99;189,05
V00379;2022-02-26;Tienda física;T001;E0001;8019;C0631;4;6;152,99;147,69
V00380;2023-08-21;Tienda física;T010;E0050;28065;C0253;1;1;11,69;10,52
V00381;2022-10-12;Online;ONLINE;ONLINE;28074;C0225;2;3;57,03;57,03
V00382;2022-03-27;Tienda física;T009;E0049;29067;C0474;1;1;10,91;9,82
V00383;2023-11-25;Tienda física;T011;E0058;8015;C0530;2;4;143,47;139,9
V00384;2023-06-09;Online;ONLINE;ONLINE;50297;C0270;7;10;198,31;190,76
V00385;2023-05-18;Online;ONLINE;ONLINE;28079;C0005;2;2;101,53;101,53
V00386;2023-11-14;Online;ONLINE;ONLINE;46250;C0060;3;4;140,14;140,14
V00387;2022-06-01;Online;ONLINE;ONLINE;;SIN_REGISTRO;1;2;82,44;70,07
V00388;2023-01-14;Tienda física;T001;E0003;48020;C0343;4;8;279,65;273,7
V00389;2022-01-13;Online;ONLINE;ONLINE;41059;C0346;1;2;25,96;25,96
V00390;2022-12-26;Online;ONLINE;ONLINE;28115;C0047;1;1;19,42;19,42
V00391;2023-07-29;Tienda física;T006;E0034;47186;C0743;1;1;11,77;11,77
V00392;2023-03-31;Online;ONLINE;ONLINE;41059;C0795;5;7;122,21;120,15
V00393;2023-03-30;Online;ONLINE;ONLINE;;SIN_REGISTRO;3;3;47,23;46,64
V00394;2023-03-11;Online;ONLINE;ONLINE;50297;C0681;3;5;125,99;123,97
V00395;2022-05-23;Online;ONLINE;ONLINE;8015;C0528;2;4;82,23;76,84
V00396;2022-05-28;Tienda física;T008;E0045;28065;C0289;8;9;208,07;201,51
V00397;2023-05-02;Tienda física;T012;E0065;28074;C0625;1;1;11,66;10,49
V00398;2022-03-09;Tienda física;T002;E0011;46250;C0165;2;2;35,91;33,37
V00399;2022-04-01;Tienda física;T004;E0020;48020;C0131;1;3;127,17;127,17
V00400;2023-10-17;Online;ONLINE;ONLINE;50297;C0545;1;1;15,68;15,68
V00401;2022-06-29;Online;ONLINE;ONLINE;47186;C0023;1;2;18,9;17,01
V00402;2023-12-29;Tienda física;T003;E0015;28079;SIN_REGISTRO;4;5;150,51;146,43
V00403;2022-07-24;Tienda física;T002;E0013;48020;C0343;1;1;26,07;26,07
V00404;2022-10-24;Online;ONLINE;ONLINE;28065;C0289;2;2;66,38;59,75
V00405;2022-02-13;Online;ONLINE;ONLINE;48044;C0276;3;3;66,75;63,48
V00406;2023-05-21;Tienda física;T008;E0040;28115;C0701;2;3;38,5;36,48
V00407;2022-08-18;Online;ONLINE;ONLINE;47186;C0555;4;6;176,44;168,33
V00408;2022-06-07;Tienda física;T008;E0043;28079;C0597;3;5;141,42;141,42
V00409;2023-10-18;Online;ONLINE;ONLINE;;SIN_REGISTRO;2;5;84,25;74,06
V00410;2022-05-08;Tienda física;T012;E0064;48020;C0329;1;2;26,82;22,8
V00411;2023-03-04;Online;ONLINE;ONLINE;46250;C0434;1;1;11,52;11,52
V00412;2023-12-06;Tienda física;T010;E0051;48020;C0352;2;6;110,46;96,15
V00413;2022-01-30;Tienda física;T009;E0048;41091;C0692;2;5;103,67;101,04
V00414;2023-05-20;Tienda física;T006;E0033;41091;SIN_REGISTRO;5;6;112,28;109,63
V00415;2023-08-19;Tienda física;T007;E0037;28079;C0242;1;2;34,44;32,72
V00416;2022-09-22;Online;ONLINE;ONLINE;28065;C0289;2;3;48,53;43,12
V00417;2023-12-12;Tienda física;T012;E0062;8015;C0587;8;10;272,77;254,62
V00418;2023-06-09;Online;ONLINE;ONLINE;8019;C0318;2;4;135,5;117,59
V00419;2022-09-23;Tienda física;T002;E0008;8019;C0582;1;1;24,62;24,62
V00420;2022-05-30;Online;ONLINE;ONLINE;29067;C0267;1;2;45,16;45,16
V00421;2023-12-11;Tienda física;T004;E0021;28006;C0373;2;5;134,88;127,53
V00422;2022-06-17;Tienda física;T010;E0055;28115;C0427;1;2;65,96;65,96
V00423;2023-01-05;Online;ONLINE;ONLINE;8019;C0109;2;5;96,34;91,52
V00424;2022-02-19;Tienda física;T009;E0049;48020;C0333;1;1;25,64;25,64
V00425;2023-06-27;Online;ONLINE;ONLINE;50297;C0092;2;2;38,87;35,41
V00426;2023-06-11;Tienda física;T008;E0043;46192;C0715;2;2;53,41;53,41
V00427;2022-04-07;Online;ONLINE;ONLINE;29067;C0620;1;1;12,7;11,43
V00428;2023-07-11;Tienda física;T005;E0029;8019;SIN_REGISTRO;1;1;15,56;15,56
V00429;2023-12-03;Online;ONLINE;ONLINE;28074;C0389;4;7;169,41;169,41
V00430;2023-12-03;Online;ONLINE;ONLINE;47186;C0687;2;4;70,15;61,76
V00431;2022-04-09;Tienda física;T012;E0062;28006;SIN_REGISTRO;1;1;26,07;23,46
V00432;2022-05-28;Tienda física;T005;E0027;28006;C0558;3;3;41,96;41,96
V00433;2023-06-15;Tienda física;T005;E0027;41038;C0749;1;1;14,93;14,93
V00434;2023-05-12;Tienda física;T009;E0047;50297;C0566;2;3;59,71;56,73
V00435;2022-06-16;Tienda física;T001;E0003;46192;C0748;2;3;40,24;37,82
V00436;2022-06-08;Online;ONLINE;ONLINE;41038;C0250;3;4;69,82;65,86
V00437;2022-07-12;Tienda física;T007;E0038;8019;C0322;2;2;37,54;35,58
V00438;2023-03-04;Tienda física;T008;E0044;8019;C0473;1;1;16,34;15,52
V00439;2022-04-30;Online;ONLINE;ONLINE;28074;C0723;1;2;19,16;19,16
V00440;2023-05-07;Online;ONLINE;ONLINE;48044;C0765;1;1;18,24;18,24
V00441;2023-12-09;Tienda física;T004;E0024;8019;C0696;1;2;53,46;53,46
V00442;2023-03-29;Tienda física;T007;E0038;41059;C0091;3;5;126,11;120,15
V00443;2022-06-26;Tienda física;T003;E0015;50297;C0407;1;1;13,95;11,86
V00444;2022-01-30;Online;ONLINE;ONLINE;29067;C0267;1;1;17,21;14,63
V00445;2022-08-16;Online;ONLINE;ONLINE;29067;C0618;2;2;36,1;35
V00446;2023-12-06;Online;ONLINE;ONLINE;28115;C0500;10;12;349,38;333,36
V00447;2022-05-09;Online;ONLINE;ONLINE;28074;C0740;2;4;74,02;73,19
V00448;2022-03-22;Tienda física;T002;E0013;28074;C0389;1;1;22,87;21,73
V00449;2022-03-21;Tienda física;T009;E0049;28065;C0166;1;4;39,44;39,44
V00450;2023-03-18;Online;ONLINE;ONLINE;41091;C0439;3;3;88,31;88,31
V00451;2022-04-21;Online;ONLINE;ONLINE;8019;C0391;2;2;39,3;39,3
V00452;2023-04-26;Online;ONLINE;ONLINE;29067;C0034;1;2;42,6;42,6
V00453;2022-02-14;Tienda física;T002;E0011;28115;C0305;1;3;53,94;53,94
V00454;2023-11-15;Online;ONLINE;ONLINE;8019;C0719;1;2;81,28;81,28
V00455;2022-05-07;Tienda física;T011;E0059;46192;C0088;2;4;77,12;71,83
V00456;2023-08-25;Tienda física;T012;E0062;50297;C0080;4;5;89,63;86,13
V00457;2023-11-18;Online;ONLINE;ONLINE;28006;C0497;2;2;49,36;47,77
V00458;2022-04-03;Tienda física;T008;E0040;41091;C0302;5;7;115,02;112,64
V00459;2023-08-17;Tienda física;T010;E0054;29069;SIN_REGISTRO;1;1;10,88;10,88
V00460;2022-06-14;Tienda física;T007;E0036;28115;C0320;1;2;47,84;43,06
V00461;2023-06-02;Tienda física;T007;E0038;50297;C0334;1;2;44,58;40,12
V00462;2022-04-12;Tienda física;T007;E0039;46250;SIN_REGISTRO;1;3;36,21;32,59
V00463;2023-06-26;Online;ONLINE;ONLINE;41038;C0466;1;2;44,32;44,32
V00464;2022-10-16;Tienda física;T002;E0007;28115;C0675;2;2;61,91;61,91
V00465;2022-04-12;Tienda física;T002;E0007;50297;C0407;1;1;20,08;20,08
V00466;2023-01-11;Online;ONLINE;ONLINE;48044;C0314;1;4;63,48;53,96
V00467;2023-03-27;Online;ONLINE;ONLINE;;SIN_REGISTRO;1;1;11,16;9,49
V00468;2022-07-05;Online;ONLINE;ONLINE;50297;C0681;1;1;14,96;14,96
V00469;2023-03-11;Tienda física;T011;E0058;41091;C0125;4;5;79,12;77,11
V00470;2023-02-22;Online;ONLINE;ONLINE;28074;C0625;2;3;58,53;58,53
V00471;2022-05-07;Tienda física;T005;E0028;8019;C0335;2;3;88,18;84,57
V00472;2023-06-17;Online;ONLINE;ONLINE;8019;C0646;3;4;87,68;86,21
V00473;2023-01-05;Online;ONLINE;ONLINE;29067;C0267;1;1;13,64;11,59
V00474;2023-07-25;Online;ONLINE;ONLINE;28115;C0701;2;3;91,9;80,06
V00475;2022-03-26;Tienda física;T012;E0061;48044;C0158;2;4;73,94;72,68
V00476;2022-04-29;Online;ONLINE;ONLINE;;SIN_REGISTRO;2;5;103,02;99,91
V00477;2023-04-13;Tienda física;T009;E0048;29069;C0650;1;1;11,69;10,52
V00478;2023-12-05;Tienda física;T004;E0023;8019;C0174;1;1;18,73;17,79
V00479;2023-07-22;Online;ONLINE;ONLINE;48020;C0450;6;12;255,11;245,22
V00480;2023-03-15;Online;ONLINE;ONLINE;8015;C0668;1;4;48,48;48,48
V00481;2023-05-03;Tienda física;T001;E0006;8015;C0441;2;4;68,65;66,55
V00482;2022-07-03;Online;ONLINE;ONLINE;41059;C0108;1;4;81,52;81,52
V00483;2023-11-20;Tienda física;T005;E0025;8019;C0556;4;5;83,83;82,05
V00484;2023-03-25;Online;ONLINE;ONLINE;48044;C0718;2;2;51,26;48,83
V00485;2022-05-03;Tienda física;T010;E0054;48020;C0450;7;8;138,84;135,6
V00486;2023-02-15;Tienda física;T006;E0034;48044;C0798;2;4;70,46;64,78
V00487;2022-06-22;Tienda física;T008;E0042;48044;C0303;2;4;88,38;88,38
V00488;2022-07-23;Tienda física;T004;E0023;28006;C0558;3;5;71,72;70,73
V00489;2023-09-02;Tienda física;T010;E0050;28074;C0524;6;8;157,71;152,23
V00490;2022-08-27;Tienda física;T009;E0048;46250;C0165;2;6;110,28;104,77
V00491;2022-10-13;Online;ONLINE;ONLINE;41038;C0231;3;3;56,31;53,85
V00492;2023-10-22;Tienda física;T005;E0028;28079;C0002;2;2;56,93;56,02
V00493;2023-05-03;Online;ONLINE;ONLINE;48020;C0353;2;3;53,62;48,83
V00494;2023-05-12;Tienda física;T011;E0058;8019;C0428;2;2;41,59;38,24
V00495;2022-05-31;Tienda física;T011;E0057;28065;C0147;3;4;96,43;94,68
V00496;2022-05-06;Tienda física;T004;E0019;8019;SIN_REGISTRO;4;7;131,24;128,39
V00497;2023-05-25;Online;ONLINE;ONLINE;28065;C0179;2;3;100,62;97,49
V00498;2022-01-31;Online;ONLINE;ONLINE;41038;C0186;2;3;49,95;49,95
V00499;2022-03-11;Tienda física;T008;E0044;28074;C0731;2;2;36,66;33,86
V00500;2022-07-03;Tienda física;T009;E0046;41038;C0486;1;2;31,86;30,27
V00501;2022-06-06;Tienda física;T008;E0043;28074;C0731;1;1;17,62;17,62
V00502;2022-03-20;Tienda física;T005;E0025;41038;C0107;2;4;107,24;99,14
V00503;2023-04-23;Online;ONLINE;ONLINE;50297;C0330;1;1;12,87;12,87
V00504;2023-11-09;Online;ONLINE;ONLINE;46192;C0522;2;3;88,49;84,06
V00505;2023-06-01;Tienda física;T011;E0056;47186;C0308;2;5;82,27;82,27
V00506;2023-07-08;Online;ONLINE;ONLINE;8019;C0323;7;9;170,62;166
V00507;2022-02-02;Online;ONLINE;ONLINE;41059;C0417;1;1;22,32;21,2
V00508;2023-01-28;Tienda física;T006;E0032;50297;C0092;4;6;102,23;100,99
V00509;2023-01-21;Online;ONLINE;ONLINE;48044;C0503;2;2;58,84;56,78
V00510;2022-02-06;Online;ONLINE;ONLINE;;SIN_REGISTRO;1;2;28,1;28,1
V00511;2023-07-25;Tienda física;T007;E0039;48020;C0220;2;2;76,22;73,15
V00512;2023-12-25;Tienda física;T012;E0062;8019;C0016;2;4;93,29;93,29
V00513;2023-03-18;Tienda física;T003;E0016;41038;C0448;2;2;33,7;33,7
V00514;2023-02-03;Tienda física;T009;E0047;50297;C0030;1;1;11,42;10,85
V00515;2023-08-06;Online;ONLINE;ONLINE;46192;C0460;4;6;133,84;127,21
V00516;2023-11-07;Online;ONLINE;ONLINE;28115;C0240;1;1;26,56;23,9
V00517;2023-05-03;Tienda física;T002;E0013;28065;C0480;1;1;19,64;17,68
V00518;2023-06-03;Online;ONLINE;ONLINE;41091;C0467;1;1;25,72;25,72
V00519;2022-09-27;Tienda física;T011;E0059;8019;C0391;1;1;17,02;16,17
V00520;2023-09-24;Online;ONLINE;ONLINE;8019;C0164;3;4;122,85;115,98
V00521;2022-10-19;Tienda física;T010;E0050;46192;C0421;1;1;11,34;11,34
V00522;2022-01-29;Online;ONLINE;ONLINE;46250;C0547;1;4;60,8;54,72
V00523;2022-05-12;Online;ONLINE;ONLINE;41059;C0032;7;12;198,55;190,87
V00524;2023-08-21;Online;ONLINE;ONLINE;50297;C0198;2;2;48,91;48,91
V00525;2023-01-25;Tienda física;T007;E0038;41038;C0188;1;1;13,25;13,25
V00526;2022-12-20;Tienda física;T003;E0015;28115;C0499;1;3;56,7;56,7
V00527;2022-12-26;Online;ONLINE;ONLINE;46192;C0522;4;4;73,36;72,51
V00528;2022-09-11;Tienda física;T012;E0062;46192;C0200;3;4;97,18;92,8
V00529;2023-08-30;Online;ONLINE;ONLINE;48044;C0356;1;1;15,91;15,91
V00530;2022-11-09;Online;ONLINE;ONLINE;48020;C0629;1;1;23,81;23,81
V00531;2022-06-23;Tienda física;T010;E0050;50297;C0030;1;1;11,47;11,47
V00532;2022-02-08;Tienda física;T001;E0004;46192;C0088;1;2;50,1;47,59
V00533;2023-08-05;Tienda física;T005;E0026;28115;C0240;1;1;50,1;45,09
V00534;2022-10-01;Tienda física;T002;E0009;29067;C0562;2;2;39,85;39,85
V00535;2023-08-26;Tienda física;T001;E0003;29067;C0549;3;6;133,83;133,83
V00536;2023-01-22;Tienda física;T009;E0048;28115;C0345;2;6;85,26;79,46
V00537;2022-11-27;Online;ONLINE;ONLINE;8019;C0414;1;2;24,48;22,03
V00538;2023-05-16;Tienda física;T006;E0030;28115;C0794;2;3;65,21;65,21
V00539;2022-12-11;Tienda física;T004;E0022;28006;C0497;8;11;184,58;179,12
V00540;2022-06-20;Tienda física;T005;E0026;8019;C0479;5;10;245,24;227,32
V00541;2023-01-08;Tienda física;T011;E0060;41038;C0749;6;7;190,19;186,51
V00542;2023-05-24;Tienda física;T012;E0062;29069;C0239;2;4;95,47;82,75
V00543;2023-07-03;Online;ONLINE;ONLINE;28115;C0720;4;6;147,03;142,41
V00544;2022-09-29;Tienda física;T006;E0032;41091;C0001;2;2;78,01;78,01
V00545;2023-08-11;Online;ONLINE;ONLINE;28079;C0709;3;3;78,66;77,66
V00546;2023-10-02;Tienda física;T002;E0012;29069;C0420;2;4;101,1;95,05
V00547;2023-08-16;Online;ONLINE;ONLINE;8019;C0415;6;8;150,77;148,69
V00548;2022-10-07;Tienda física;T008;E0044;47186;C0151;1;1;33,08;33,08
V00549;2023-03-14;Tienda física;T010;E0050;41091;C0685;2;5;98,14;98,14
V00550;2022-03-20;Tienda física;T011;E0056;48020;C0671;1;2;35,56;30,23
V00551;2023-06-01;Online;ONLINE;ONLINE;48044;C0076;3;4;79,76;79,76
V00552;2023-11-11;Online;ONLINE;ONLINE;46192;C0754;3;5;83,48;82,36
V00553;2022-07-24;Online;ONLINE;ONLINE;8019;C0469;2;3;39,46;38,5
V00554;2022-09-15;Online;ONLINE;ONLINE;8015;C0534;5;7;157,79;147,63
V00555;2023-11-19;Tienda física;T004;E0023;48044;C0482;5;9;178,98;172,09
V00556;2022-01-20;Online;ONLINE;ONLINE;41038;C0044;3;3;59,02;56,83
V00557;2023-08-14;Tienda física;T009;E0047;48044;SIN_REGISTRO;3;4;75,99;74,54
V00558;2023-11-08;Tienda física;T001;E0002;28074;C0122;2;3;73,21;63,67
V00559;2022-10-02;Online;ONLINE;ONLINE;28074;C0570;6;8;228,79;222,99
V00560;2023-08-03;Online;ONLINE;ONLINE;46192;C0325;1;1;26,05;22,14
V00561;2023-06-19;Tienda física;T012;E0062;41059;C0346;2;3;63,1;63,1
V00562;2023-04-19;Tienda física;T012;E0065;48044;C0603;1;1;12,76;12,76
V00563;2022-06-04;Tienda física;T010;E0050;28115;C0782;2;4;57,86;50,26
V00564;2023-03-22;Tienda física;T012;E0061;41091;C0302;2;2;60,46;57,44
V00565;2022-03-07;Online;ONLINE;ONLINE;28074;C0753;2;2;32,51;29,05
V00566;2023-02-27;Tienda física;T008;E0044;41038;C0105;5;7;119,22;117,11
V00567;2023-10-24;Online;ONLINE;ONLINE;28006;C0396;1;1;16,98;16,98
V00568;2023-12-05;Online;ONLINE;ONLINE;41038;C0231;4;4;81,1;78,03
V00569;2023-02-20;Tienda física;T006;E0033;46250;C0735;2;4;86,86;86,86
V00570;2022-06-03;Online;ONLINE;ONLINE;41059;C0612;1;1;13,76;13,76
V00571;2022-09-09;Tienda física;T012;E0062;46250;C0291;1;2;38;38
V00572;2023-05-13;Tienda física;T011;E0058;50297;SIN_REGISTRO;2;2;40,28;37,49
V00573;2023-03-09;Tienda física;T009;E0047;48044;C0175;2;2;53,43;48,5
V00574;2022-07-26;Online;ONLINE;ONLINE;46250;C0793;2;3;44,04;42,49
V00575;2022-05-20;Online;ONLINE;ONLINE;50297;C0030;2;3;52,81;51,56
V00576;2022-10-12;Tienda física;T006;E0034;50297;C0756;1;1;24,12;20,5
V00577;2023-10-22;Tienda física;T003;E0015;41091;C0627;3;4;51,4;50,43
V00578;2022-01-21;Online;ONLINE;ONLINE;8019;C0062;2;3;86,7;86,7
V00579;2022-11-18;Tienda física;T001;E0003;8015;C0284;4;6;105,6;95,98
V00580;2022-03-07;Tienda física;T001;E0001;28079;SIN_REGISTRO;3;4;76,6;71,76
V00581;2023-11-19;Tienda física;T006;E0032;8019;C0391;1;1;18,12;15,4
V00582;2023-02-11;Tienda física;T009;E0049;50297;C0152;4;5;71,38;65,83
V00583;2022-08-30;Tienda física;T001;E0002;46250;C0609;4;6;172,57;172,57
V00584;2023-06-19;Tienda física;T006;E0032;28065;C0564;1;3;57,9;49,21
V00585;2023-05-24;Tienda física;T004;E0019;48020;C0127;1;1;16,61;16,61
V00586;2023-09-07;Online;ONLINE;ONLINE;8015;C0309;6;7;174,04;172,41
V00587;2022-12-04;Tienda física;T010;E0055;29069;SIN_REGISTRO;2;3;41,83;39,29
V00588;2022-08-30;Tienda física;T005;E0025;47186;C0542;2;4;59,07;58,52
V00589;2022-05-28;Online;ONLINE;ONLINE;;SIN_REGISTRO;1;1;33,08;33,08
V00590;2022-08-08;Tienda física;T008;E0041;41059;C0035;4;6;155,89;148,63
V00591;2023-02-23;Tienda física;T003;E0017;8019;C0469;2;2;26,72;26,19
V00592;2023-05-18;Online;ONLINE;ONLINE;28065;C0169;5;8;163,17;154,66
V00593;2023-12-18;Online;ONLINE;ONLINE;50297;C0402;1;1;22,94;22,94
V00594;2023-07-13;Tienda física;T008;E0045;28115;C0310;1;4;95,44;90,67
V00595;2023-12-01;Online;ONLINE;ONLINE;28079;C0742;1;2;31,76;31,76
V00596;2022-05-29;Tienda física;T005;E0029;29069;C0239;2;2;58,72;54,74
V00597;2023-01-12;Online;ONLINE;ONLINE;46192;C0249;1;1;13,27;13,27
V00598;2023-10-23;Tienda física;T004;E0023;48020;C0054;2;2;39,12;37,9
V00599;2023-11-10;Online;ONLINE;ONLINE;28006;C0113;2;2;55,44;55,44
V00600;2022-09-17;Tienda física;T004;E0018;48020;C0702;1;3;50,64;45,58
V00601;2022-11-13;Tienda física;T010;E0051;28074;C0328;1;1;28,16;23,94
V00602;2023-12-03;Tienda física;T006;E0033;41038;C0171;3;4;126,5;126,5
V00603;2023-03-30;Tienda física;T011;E0056;50297;C0756;3;3;44,28;43,4
V00604;2023-02-07;Online;ONLINE;ONLINE;29069;C0239;1;1;15,44;15,44
V00605;2022-04-03;Online;ONLINE;ONLINE;29069;C0239;1;4;79,2;79,2
V00606;2022-08-04;Online;ONLINE;ONLINE;41059;C0721;1;2;50,8;50,8
V00607;2023-10-09;Tienda física;T006;E0031;8019;C0468;3;5;112,86;111,77
V00608;2022-02-04;Online;ONLINE;ONLINE;8015;C0604;6;7;132,39;131,87
V00609;2023-05-19;Online;ONLINE;ONLINE;8019;C0571;4;4;97,8;92,91
V00610;2022-12-07;Tienda física;T011;E0060;41059;C0429;2;2;34,42;32,09
V00611;2022-04-13;Online;ONLINE;ONLINE;8019;C0790;1;1;17,78;17,78
V00612;2023-06-03;Online;ONLINE;ONLINE;28006;C0144;1;1;19,14;19,14
V00613;2023-03-07;Tienda física;T008;E0043;41091;C0317;3;3;72,34;70,95
V00614;2023-04-10;Tienda física;T012;E0065;46192;C0254;3;8;183,28;166,86
V00615;2022-02-23;Online;ONLINE;ONLINE;8015;C0476;2;4;69,66;61,23
V00616;2023-10-08;Tienda física;T012;E0061;28006;C0779;1;2;57,16;54,3
V00617;2022-01-04;Online;ONLINE;ONLINE;41091;C0001;1;3;59,37;56,4
V00618;2023-10-06;Tienda física;T003;E0015;8015;C0446;1;1;12,28;12,28
V00619;2023-08-13;Online;ONLINE;ONLINE;8019;C0189;1;1;18,59;18,59
V00620;2022-06-11;Tienda física;T007;E0036;28079;C0481;1;2;37,4;37,4
V00621;2023-09-01;Tienda física;T008;E0043;48044;C0158;1;1;16,44;13,97
V00622;2022-11-24;Tienda física;T002;E0009;28074;C0740;2;2;70,38;68,64
V00623;2022-05-17;Online;ONLINE;ONLINE;28115;C0477;1;3;101,49;101,49
V00624;2023-12-05;Tienda física;T002;E0009;41091;C0069;1;4;56,28;50,65
V00625;2022-10-16;Online;ONLINE;ONLINE;41059;C0018;1;2;35,32;35,32
V00626;2023-03-01;Online;ONLINE;ONLINE;;SIN_REGISTRO;2;4;147,28;140,5
V00627;2023-02-07;Online;ONLINE;ONLINE;;SIN_REGISTRO;4;5;100,67;97,98
V00628;2022-01-22;Tienda física;T006;E0032;48044;C0596;2;3;78,75;78,75
V00629;2022-04-02;Tienda física;T011;E0060;50297;SIN_REGISTRO;1;1;17,9;17
V00630;2022-09-26;Tienda física;T008;E0040;48020;SIN_REGISTRO;4;6;157,83;148,28
V00631;2022-02-20;Tienda física;T003;E0017;46192;C0249;1;1;17,93;17,03
V00632;2023-09-07;Online;ONLINE;ONLINE;46250;C0674;4;4;77,83;71,48
V00633;2022-04-02;Online;ONLINE;ONLINE;8019;C0400;5;6;161,29;158
V00634;2023-08-04;Tienda física;T002;E0007;50297;C0214;3;3;53,37;50,46
V00635;2023-06-23;Online;ONLINE;ONLINE;28006;C0444;1;1;16,3;15,48
V00636;2023-11-21;Tienda física;T003;E0016;41091;C0317;2;5;122,97;117,56
V00637;2022-08-18;Online;ONLINE;ONLINE;8019;C0764;6;7;137,84;134,06
V00638;2022-07-15;Tienda física;T005;E0026;47186;C0094;1;1;18,2;18,2
V00639;2023-05-22;Online;ONLINE;ONLINE;48020;C0160;1;2;34,8;33,06
V00640;2023-03-18;Online;ONLINE;ONLINE;47186;C0094;1;2;25,7;25,7
V00641;2022-10-17;Online;ONLINE;ONLINE;29069;C0639;1;3;40,17;34,14
V00642;2023-03-05;Tienda física;T005;E0026;46192;C0551;1;3;35,4;35,4
V00643;2022-05-30;Online;ONLINE;ONLINE;47186;C0605;2;2;32,43;31,8
V00644;2022-09-26;Online;ONLINE;ONLINE;8019;C0768;1;1;33,25;33,25
V00645;2022-09-12;Tienda física;T004;E0018;28115;C0224;5;6;165,19;161,57
V00646;2022-03-29;Tienda física;T010;E0052;29069;SIN_REGISTRO;8;12;181,76;179,06
V00647;2022-05-17;Tienda física;T005;E0029;8019;SIN_REGISTRO;2;2;47,11;45,38
V00648;2023-12-05;Online;ONLINE;ONLINE;48044;C0173;2;3;40,84;40,21
V00649;2023-12-27;Tienda física;T005;E0027;8019;C0479;1;1;17,91;17,01
V00650;2022-03-16;Tienda física;T010;E0052;29069;SIN_REGISTRO;4;4;72,75;68,9
V00651;2022-02-23;Online;ONLINE;ONLINE;41091;C0264;3;5;140,22;140,22
V00652;2023-04-28;Online;ONLINE;ONLINE;48020;C0505;2;2;52,55;52,55
V00653;2022-01-06;Online;ONLINE;ONLINE;41059;C0315;1;2;32,88;32,88
V00654;2022-11-06;Online;ONLINE;ONLINE;41059;C0590;2;2;48,37;45,95
V00655;2022-05-16;Tienda física;T010;E0050;41059;C0538;4;7;215,5;213,19
V00656;2023-08-18;Tienda física;T004;E0021;8019;C0400;6;7;206,14;199,02
V00657;2022-06-23;Tienda física;T010;E0053;28079;C0336;1;1;17,92;16,13
V00658;2022-12-14;Online;ONLINE;ONLINE;29067;C0217;2;3;49,77;48,19
V00659;2022-04-02;Online;ONLINE;ONLINE;8019;C0473;1;2;85,7;85,7
V00660;2022-05-26;Online;ONLINE;ONLINE;48020;C0272;1;1;20,04;20,04
V00661;2022-11-17;Tienda física;T011;E0056;41059;C0707;4;5;112,23;107,59
V00662;2023-05-27;Tienda física;T005;E0025;28079;C0649;1;1;23,41;23,41
V00663;2023-03-17;Tienda física;T003;E0016;8015;C0046;1;1;15,69;15,69
V00664;2023-09-20;Tienda física;T010;E0051;29069;SIN_REGISTRO;4;5;130,77;129,72
V00665;2023-03-23;Online;ONLINE;ONLINE;28079;C0410;1;1;16,35;16,35
V00666;2023-05-19;Online;ONLINE;ONLINE;41091;C0506;2;4;158,08;151,61
V00667;2022-02-24;Tienda física;T005;E0029;28079;C0008;1;1;10,67;10,67
V00668;2022-02-25;Tienda física;T003;E0016;8019;C0784;2;3;58,53;58,53
V00669;2022-02-06;Tienda física;T010;E0052;41091;C0439;1;1;11,25;10,69
V00670;2022-06-17;Tienda física;T002;E0012;41038;C0110;1;1;14,26;12,12
V00671;2023-03-23;Tienda física;T008;E0042;28115;C0047;2;3;68,52;64,91
V00672;2022-02-11;Tienda física;T008;E0040;28006;C0277;1;1;9,9;9,4
V00673;2023-12-28;Tienda física;T001;E0004;47186;C0743;2;2;29,25;27,91
V00674;2023-04-14;Tienda física;T005;E0027;8019;C0667;1;1;43,2;41,04
V00675;2022-06-01;Tienda física;T007;E0039;28115;C0701;3;5;134,49;134,49
V00676;2022-04-06;Tienda física;T008;E0041;28115;C0241;1;1;20,73;20,73
V00677;2022-07-04;Tienda física;T012;E0065;28074;C0245;1;1;17,24;17,24
V00678;2023-07-31;Tienda física;T011;E0057;8019;C0796;9;10;237,29;219,05
V00679;2023-08-21;Tienda física;T006;E0030;28074;C0122;1;2;38,44;38,44
V00680;2023-03-03;Online;ONLINE;ONLINE;41038;C0186;1;1;14,51;14,51
V00681;2023-05-26;Online;ONLINE;ONLINE;;SIN_REGISTRO;2;2;56,13;54,15
V00682;2022-12-03;Tienda física;T001;E0003;8019;C0670;1;1;28,5;28,5
V00683;2023-11-29;Tienda física;T001;E0006;48044;C0003;3;4;148,87;134,92
V00684;2023-02-08;Tienda física;T002;E0010;28065;C0780;1;2;37,36;37,36
V00685;2022-11-28;Tienda física;T006;E0033;41059;C0417;2;2;41,08;41,08
V00686;2022-03-25;Online;ONLINE;ONLINE;50297;C0711;1;1;9,41;8,94
V00687;2023-04-10;Online;ONLINE;ONLINE;28074;C0663;1;1;12,76;10,85
V00688;2023-09-01;Online;ONLINE;ONLINE;46250;C0445;2;2;39,08;34,1
V00689;2022-12-04;Online;ONLINE;ONLINE;48044;C0763;1;1;15,57;15,57
V00690;2022-11-29;Online;ONLINE;ONLINE;8019;C0099;2;2;40,78;37,93
V00691;2022-08-05;Tienda física;T005;E0029;48044;C0058;3;6;130,65;130,65
V00692;2022-11-27;Tienda física;T006;E0031;46192;C0233;3;4;85,87;79,92
V00693;2023-07-15;Tienda física;T012;E0062;29067;C0093;2;4;74,72;69,64
V00694;2022-04-05;Online;ONLINE;ONLINE;28115;C0310;1;1;32,08;30,48
V00695;2022-07-02;Tienda física;T007;E0039;29069;C0648;2;4;108,28;106,51
V00696;2022-04-02;Online;ONLINE;ONLINE;28065;C0147;2;2;30,76;30,76
V00697;2022-06-16;Tienda física;T012;E0064;28079;C0452;1;1;11,63;11,05
V00698;2022-10-19;Tienda física;T010;E0050;46250;C0447;4;4;90,15;86,65
V00699;2022-05-04;Tienda física;T004;E0019;28065;C0592;1;1;31,37;31,37
V00700;2023-03-19;Online;ONLINE;ONLINE;28079;C0154;1;1;15,4;13,09
V00701;2023-12-03;Tienda física;T001;E0002;41059;C0590;2;2;32;30,94
V00702;2023-01-03;Online;ONLINE;ONLINE;41091;C0139;1;1;26,67;22,67
V00703;2023-01-12;Online;ONLINE;ONLINE;29067;C0217;2;2;87,41;78,66
V00704;2023-05-17;Online;ONLINE;ONLINE;28079;C0709;2;3;61,18;59,88
V00705;2023-05-03;Tienda física;T001;E0006;28079;SIN_REGISTRO;1;1;25,13;25,13
V00706;2022-04-03;Tienda física;T008;E0042;48020;SIN_REGISTRO;1;1;16,31;15,49
V00707;2023-09-21;Tienda física;T004;E0019;50297;C0776;1;2;27,06;27,06
V00708;2023-10-08;Tienda física;T003;E0014;41091;C0022;2;2;27,07;25,72
V00709;2022-02-11;Tienda física;T008;E0043;48020;SIN_REGISTRO;3;4;80,96;78,02
V00710;2023-04-20;Tienda física;T011;E0056;50297;SIN_REGISTRO;2;3;76,51;66,39
V00711;2023-10-26;Tienda física;T011;E0060;29069;C0182;1;1;13,73;11,67
V00712;2023-05-23;Online;ONLINE;ONLINE;28079;C0161;1;1;16,59;14,93
V00713;2022-10-25;Tienda física;T005;E0025;46250;C0383;2;2;44,53;43,45
V00714;2022-03-23;Online;ONLINE;ONLINE;28115;C0047;1;2;76;72,2
V00715;2022-06-02;Tienda física;T001;E0002;28079;SIN_REGISTRO;2;5;115,57;113,73
V00716;2022-09-12;Online;ONLINE;ONLINE;48044;C0360;1;1;14,41;12,97
V00717;2022-10-30;Tienda física;T002;E0008;8019;C0335;3;7;222,11;207,05
V00718;2023-07-19;Tienda física;T011;E0057;28079;C0684;4;6;203,37;191,36
V00719;2023-06-10;Online;ONLINE;ONLINE;;SIN_REGISTRO;2;2;30,13;30,13
V00720;2023-02-27;Tienda física;T006;E0032;41091;SIN_REGISTRO;1;1;25,52;25,52
V00721;2023-11-08;Online;ONLINE;ONLINE;8019;C0196;1;2;35,74;30,38
V00722;2022-12-30;Tienda física;T005;E0025;28006;C0181;3;9;171,6;163,91
V00723;2023-05-31;Tienda física;T001;E0003;28079;SIN_REGISTRO;1;2;51,8;51,8
V00724;2023-11-09;Tienda física;T004;E0019;28079;C0344;2;3;50,53;48,01
V00725;2022-07-06;Tienda física;T004;E0022;29067;C0618;1;1;16,1;15,29
V00726;2022-03-27;Online;ONLINE;ONLINE;50297;C0594;6;10;374,45;357,94
V00727;2022-11-18;Online;ONLINE;ONLINE;48020;C0054;2;4;80,84;76,12
V00728;2023-11-18;Online;ONLINE;ONLINE;28115;C0345;3;3;55,42;51,86
V00729;2022-12-16;Tienda física;T004;E0024;48020;C0201;1;4;45,16;45,16
V00730;2022-07-09;Online;ONLINE;ONLINE;48020;C0738;2;5;85,82;85,82
V00731;2023-11-21;Tienda física;T009;E0049;50297;C0214;1;3;68,7;68,7
V00732;2023-07-02;Online;ONLINE;ONLINE;50297;C0167;1;1;22,52;22,52
V00733;2023-02-09;Tienda física;T007;E0036;28115;C0240;1;1;20,91;20,91
V00734;2022-06-25;Tienda física;T012;E0061;28074;C0697;2;3;53,12;46,37
V00735;2023-04-17;Tienda física;T002;E0012;41091;C0259;1;2;38,48;32,71
V00736;2023-11-05;Tienda física;T001;E0001;41059;C0114;4;4;118,72;115,11
V00737;2022-11-07;Tienda física;T009;E0049;48044;SIN_REGISTRO;1;3;76,74;69,07
V00738;2023-12-09;Tienda física;T002;E0010;8019;C0667;1;1;21,81;18,54
V00739;2022-11-06;Tienda física;T005;E0025;8019;C0155;2;3;54,97;51,72
V00740;2022-05-19;Tienda física;T011;E0057;8019;C0318;5;9;163,36;160,26
V00741;2022-04-25;Online;ONLINE;ONLINE;29069;C0040;1;2;29,78;29,78
V00742;2022-01-28;Tienda física;T005;E0029;46192;C0088;1;1;17,81;17,81
V00743;2023-10-27;Online;ONLINE;ONLINE;47186;C0050;4;5;83,22;82,64
V00744;2023-03-23;Tienda física;T008;E0041;48020;SIN_REGISTRO;2;2;36,62;31,87
V00745;2022-03-30;Tienda física;T008;E0042;8015;C0029;3;5;158,01;158,01
V00746;2022-06-01;Tienda física;T008;E0043;48020;SIN_REGISTRO;2;2;56,29;55,46
V00747;2022-01-23;Tienda física;T004;E0019;41038;C0231;5;7;182,12;182,12
V00748;2022-06-06;Online;ONLINE;ONLINE;8015;C0279;1;1;20,01;17,01
V00749;2023-05-12;Online;ONLINE;ONLINE;50297;C0306;2;2;52,02;50,67
V00750;2023-04-06;Tienda física;T003;E0017;28006;C0713;2;2;32,36;30,89
V00751;2022-07-26;Tienda física;T007;E0039;41091;C0317;2;5;122,22;119,24
V00752;2022-02-22;Tienda física;T004;E0018;47186;C0572;1;1;14,47;14,47
V00753;2022-04-16;Online;ONLINE;ONLINE;;SIN_REGISTRO;1;2;32,46;27,59
V00754;2023-03-02;Online;ONLINE;ONLINE;48020;C0232;2;4;49,8;48,52
V00755;2022-02-07;Tienda física;T005;E0027;46250;C0609;1;3;38,61;36,68
V00756;2023-05-13;Online;ONLINE;ONLINE;8019;C0355;1;1;15,81;14,23
V00757;2022-08-26;Online;ONLINE;ONLINE;47186;C0151;3;6;101,83;90,83
V00758;2023-06-25;Online;ONLINE;ONLINE;;SIN_REGISTRO;1;1;19,49;19,49
V00759;2023-08-14;Tienda física;T002;E0011;28079;C0647;1;1;17,09;17,09
V00760;2022-10-02;Tienda física;T008;E0041;47186;C0572;1;1;12,28;10,44
V00761;2023-04-30;Online;ONLINE;ONLINE;29067;C0487;1;2;22,02;22,02
V00762;2023-09-30;Online;ONLINE;ONLINE;28079;C0563;3;6;240,36;233,17
V00763;2023-04-05;Tienda física;T004;E0019;50297;C0006;2;2;37,83;34,56
V00764;2022-01-22;Tienda física;T001;E0006;28079;C0722;1;3;34,95;34,95
V00765;2022-07-16;Online;ONLINE;ONLINE;41059;C0315;1;1;19,08;18,13
V00766;2023-03-25;Online;ONLINE;ONLINE;47186;C0656;1;1;18,91;18,91
V00767;2023-08-25;Tienda física;T006;E0034;48044;C0064;2;3;87,97;77,73
V00768;2023-09-09;Tienda física;T003;E0017;50297;C0080;2;3;59,28;53,49
V00769;2022-05-15;Online;ONLINE;ONLINE;28079;C0257;3;6;206,87;200,76
V00770;2023-03-03;Tienda física;T009;E0047;28115;C0199;1;1;21,08;17,92
V00771;2023-04-29;Online;ONLINE;ONLINE;;SIN_REGISTRO;2;2;73,04;73,04
V00772;2022-10-17;Online;ONLINE;ONLINE;28074;C0512;2;2;24,93;23,12
V00773;2023-11-15;Tienda física;T006;E0030;28079;C0154;1;1;19,82;18,83
V00774;2022-06-27;Tienda física;T002;E0010;48020;C0513;1;2;47,14;47,14
V00775;2023-09-13;Online;ONLINE;ONLINE;48044;C0004;2;2;51,81;50,52
V00776;2023-03-02;Online;ONLINE;ONLINE;8019;C0180;5;5;133,14;126,43
V00777;2022-08-29;Online;ONLINE;ONLINE;28006;C0411;3;3;78,63;78,63
V00778;2022-01-19;Tienda física;T007;E0039;46250;SIN_REGISTRO;3;3;67,34;64,33
V00779;2023-01-01;Tienda física;T011;E0057;41038;C0231;2;5;146,27;127,46
V00780;2022-06-28;Online;ONLINE;ONLINE;;SIN_REGISTRO;3;5;135,37;126,83
V00781;2022-03-07;Online;ONLINE;ONLINE;8019;C0196;3;5;188,96;187,96
V00782;2022-04-27;Tienda física;T009;E0047;41059;C0405;2;3;58,35;56,17
V00783;2022-05-04;Tienda física;T006;E0031;8015;C0528;3;4;49,53;46,02
V00784;2023-05-14;Tienda física;T003;E0017;8019;C0189;2;2;36,11;36,11
V00785;2022-12-30;Tienda física;T001;E0006;48020;C0704;1;1;31,4;31,4
V00786;2022-06-04;Online;ONLINE;ONLINE;;SIN_REGISTRO;2;3;80,3;75,08
V00787;2023-12-25;Tienda física;T002;E0008;48020;C0451;2;3;56,49;56,49
V00788;2023-04-14;Tienda física;T003;E0015;28079;SIN_REGISTRO;1;3;44,22;44,22
V00789;2023-09-18;Tienda física;T005;E0027;50297;C0260;1;1;18,01;16,21
V00790;2023-07-30;Tienda física;T008;E0041;48020;SIN_REGISTRO;3;4;64,06;64,06
V00791;2022-06-21;Online;ONLINE;ONLINE;28079;C0410;2;3;36,38;33,32
V00792;2022-07-30;Tienda física;T001;E0006;28074;C0021;1;1;15,43;15,43
V00793;2022-10-27;Tienda física;T006;E0034;46250;C0445;1;1;13,58;11,54
V00794;2023-06-03;Tienda física;T011;E0060;28074;C0664;2;2;27,23;25,23
V00795;2022-06-07;Online;ONLINE;ONLINE;48044;C0172;1;1;29,16;24,79
V00796;2022-12-09;Tienda física;T007;E0039;48044;C0003;2;2;26,56;26,56
V00797;2022-07-26;Online;ONLINE;ONLINE;28074;C0457;2;2;49,6;47,12
V00798;2022-01-07;Online;ONLINE;ONLINE;47186;C0151;1;1;26,92;26,92
V00799;2022-12-16;Tienda física;T010;E0050;28115;C0614;2;4;131,32;131,32
V00800;2022-03-29;Online;ONLINE;ONLINE;8015;C0577;3;4;89,56;88,19
V00801;2023-03-01;Tienda física;T008;E0041;8019;C0741;1;1;17,98;17,98
V00802;2022-06-05;Tienda física;T011;E0057;29067;C0623;3;3;95,64;93,01
V00803;2022-08-22;Tienda física;T011;E0060;8019;C0425;1;1;33,54;33,54
V00804;2023-02-28;Tienda física;T008;E0041;47186;C0555;2;3;40,01;36,71
V00805;2023-06-13;Tienda física;T003;E0017;8019;C0192;2;2;51,3;45,39
V00806;2022-01-31;Online;ONLINE;ONLINE;8019;C0016;3;4;95,96;93,04
V00807;2022-01-11;Tienda física;T007;E0038;48044;C0280;2;3;53,2;47,84
V00808;2022-03-28;Online;ONLINE;ONLINE;47186;C0370;2;3;53,21;52,39
V00809;2023-02-16;Tienda física;T001;E0005;46250;C0527;4;5;112,89;106,38
V00810;2022-03-04;Online;ONLINE;ONLINE;41038;C0448;1;1;12,88;12,24
V00811;2023-11-08;Tienda física;T002;E0011;29069;C0459;1;1;16,46;13,99
V00812;2023-08-12;Online;ONLINE;ONLINE;28079;C0145;8;13;309,41;294,14
V00813;2023-03-06;Online;ONLINE;ONLINE;29067;C0626;2;2;40,97;38,92
V00814;2022-11-18;Tienda física;T011;E0056;41038;C0044;1;1;23,87;23,87
V00815;2022-10-14;Tienda física;T005;E0026;48020;C0333;2;3;66,01;62,69
V00816;2023-12-19;Online;ONLINE;ONLINE;41038;C0523;3;5;69,06;64,07
V00817;2023-10-22;Tienda física;T008;E0042;8019;C0236;6;9;204,14;190,91
V00818;2023-12-16;Online;ONLINE;ONLINE;;SIN_REGISTRO;1;3;73,17;73,17
V00819;2022-07-22;Tienda física;T008;E0042;48044;C0314;1;1;20,33;20,33
V00820;2022-02-07;Online;ONLINE;ONLINE;8019;C0425;1;1;14,71;13,24
V00821;2023-02-04;Tienda física;T012;E0065;29069;C0639;2;3;64,95;56,31
V00822;2023-06-17;Online;ONLINE;ONLINE;28006;C0688;1;3;47,13;42,42
V00823;2022-08-07;Tienda física;T001;E0003;41059;C0721;1;1;14,28;14,28
V00824;2023-06-18;Online;ONLINE;ONLINE;28006;C0063;1;1;20,22;20,22
V00825;2022-01-24;Online;ONLINE;ONLINE;28115;C0794;1;1;12,98;12,98
V00826;2022-09-05;Online;ONLINE;ONLINE;48020;C0220;2;2;46,32;46,32
V00827;2023-06-02;Tienda física;T003;E0017;28079;SIN_REGISTRO;3;3;83,12;83,12
V00828;2023-01-17;Online;ONLINE;ONLINE;8019;C0766;2;3;65,82;63,87
V00829;2022-05-07;Online;ONLINE;ONLINE;28079;C0453;3;6;85,9;83,73
V00830;2023-04-05;Tienda física;T002;E0008;46192;C0009;2;2;68,06;68,06
V00831;2023-04-10;Tienda física;T007;E0035;47186;C0095;1;2;31,9;31,9
V00832;2023-08-19;Tienda física;T005;E0025;28006;C0113;2;2;38,31;34,48
V00833;2022-12-25;Tienda física;T008;E0040;41038;C0188;1;2;27,62;27,62
V00834;2023-11-14;Tienda física;T004;E0021;28074;C0512;3;5;67,44;62,14
V00835;2023-01-22;Tienda física;T009;E0046;28079;C0104;3;5;104,29;102,73
V00836;2022-04-18;Online;ONLINE;ONLINE;46192;C0271;1;1;19,07;19,07
V00837;2023-01-05;Online;ONLINE;ONLINE;28006;C0256;1;2;48,54;46,11
V00838;2022-05-31;Online;ONLINE;ONLINE;;SIN_REGISTRO;1;2;47,84;40,66
V00839;2023-02-26;Tienda física;T011;E0058;28115;C0500;1;1;18,63;18,63
V00840;2022-03-05;Tienda física;T010;E0051;46250;C0331;1;1;19,64;18,66
V00841;2023-05-03;Tienda física;T004;E0018;8019;C0741;1;3;55,11;55,11
V00842;2022-03-21;Tienda física;T012;E0063;29069;C0128;4;5;122,66;121,98
V00843;2023-08-26;Tienda física;T012;E0062;50297;C0654;2;4;83,18;76,76
V00844;2022-09-28;Tienda física;T004;E0020;8019;C0556;2;3;71,63;64,47
V00845;2023-10-14;Tienda física;T010;E0055;29069;SIN_REGISTRO;2;4;51;48,45
V00846;2023-12-07;Tienda física;T001;E0003;48020;C0693;2;3;59,83;54,72
V00847;2022-06-16;Online;ONLINE;ONLINE;48044;C0596;2;4;109,86;109,86
V00848;2023-05-12;Online;ONLINE;ONLINE;50297;C0689;1;1;13,35;11,35
V00849;2022-05-13;Online;ONLINE;ONLINE;46192;C0460;1;1;16,2;13,77
V00850;2023-12-13;Tienda física;T009;E0046;46250;C0679;2;2;30,39;29,41
V00851;2023-04-30;Tienda física;T010;E0054;28074;C0361;2;2;47,21;47,21
V00852;2023-07-27;Tienda física;T006;E0034;47186;C0605;2;3;28,91;28,04
V00853;2023-09-09;Tienda física;T012;E0063;41038;C0110;5;6;126,55;119,97
V00854;2022-05-04;Tienda física;T004;E0019;28079;C0354;4;7;102,76;102,76
V00855;2022-02-11;Online;ONLINE;ONLINE;41038;C0638;2;3;44,91;41,72
V00856;2022-05-01;Tienda física;T003;E0016;28006;C0396;3;7;257,03;257,03
V00857;2023-01-19;Online;ONLINE;ONLINE;;SIN_REGISTRO;3;4;66,37;65,41
V00858;2023-05-13;Online;ONLINE;ONLINE;8019;C0296;1;1;21,76;21,76
V00859;2022-05-26;Tienda física;T010;E0050;41059;C0368;2;2;63,45;62
V00860;2022-02-19;Online;ONLINE;ONLINE;;SIN_REGISTRO;1;3;53,31;53,31
V00861;2022-08-09;Online;ONLINE;ONLINE;28079;C0597;1;3;49,41;49,41
V00862;2022-01-03;Online;ONLINE;ONLINE;8015;C0725;3;4;69,55;68,1
V00863;2022-03-11;Online;ONLINE;ONLINE;48020;C0478;1;1;12,26;12,26
V00864;2023-05-08;Tienda física;T011;E0057;47186;C0262;2;2;39,37;37,97
V00865;2023-08-03;Tienda física;T002;E0009;41038;C0237;1;1;27,18;25,82
V00866;2023-01-22;Online;ONLINE;ONLINE;28006;C0628;3;3;49,61;48,76
V00867;2022-05-22;Online;ONLINE;ONLINE;41038;C0250;1;2;29,82;26,84
V00868;2023-04-06;Online;ONLINE;ONLINE;8019;C0714;2;2;39,93;35,32
V00869;2022-06-02;Tienda física;T004;E0021;28006;C0366;1;2;74,26;63,12
V00870;2022-04-02;Tienda física;T009;E0047;48020;C0579;1;1;15,33;13,8
V00871;2023-02-01;Tienda física;T008;E0045;28079;C0242;1;1;29,17;29,17
V00872;2022-12-14;Online;ONLINE;ONLINE;29069;C0273;2;2;64,57;59,29
V00873;2023-11-18;Online;ONLINE;ONLINE;;SIN_REGISTRO;1;1;15,96;15,16
V00874;2023-10-24;Tienda física;T002;E0009;28115;C0499;1;3;58,23;58,23
V00875;2023-12-26;Online;ONLINE;ONLINE;50297;C0367;2;2;42,13;42,13
V00876;2023-07-29;Online;ONLINE;ONLINE;29069;C0393;2;2;40,53;37,39
V00877;2023-10-22;Online;ONLINE;ONLINE;;SIN_REGISTRO;2;5;110,19;103,58
V00878;2022-07-17;Online;ONLINE;ONLINE;;SIN_REGISTRO;2;5;62,58;57,38
V00879;2023-08-07;Online;ONLINE;ONLINE;8015;C0418;2;2;46,37;42,59
V00880;2023-05-03;Tienda física;T011;E0060;41091;C0685;6;8;144,51;135,45
V00881;2022-05-04;Online;ONLINE;ONLINE;29069;C0015;1;1;20,4;17,34
V00882;2022-01-20;Tienda física;T009;E0048;46192;C0271;1;1;15,79;15,79
V00883;2022-09-09;Tienda física;T011;E0057;28074;C0361;1;2;22,38;19,02
V00884;2022-03-28;Tienda física;T002;E0010;28079;C0375;1;3;53,85;48,47
V00885;2023-02-16;Online;ONLINE;ONLINE;47186;C0388;8;12;278,85;269,5
V00886;2023-05-19;Online;ONLINE;ONLINE;28074;C0357;2;3;56,65;56,65
V00887;2023-03-24;Online;ONLINE;ONLINE;48044;C0603;2;2;42,71;41,29
V00888;2022-01-25;Online;ONLINE;ONLINE;8015;C0029;1;1;19,07;17,16
V00889;2023-01-27;Tienda física;T008;E0040;48020;SIN_REGISTRO;2;3;54,68;52,72
V00890;2022-04-28;Tienda física;T007;E0035;41038;C0523;2;3;47,62;47,62
V00891;2022-10-20;Tienda física;T001;E0003;28115;C0138;1;2;31,96;31,96
V00892;2022-09-19;Tienda física;T002;E0008;8019;C0768;2;2;78,47;78,47
V00893;2022-11-11;Online;ONLINE;ONLINE;41038;C0186;1;1;10,3;9,79
V00894;2022-03-02;Tienda física;T011;E0057;28006;C0366;1;1;11,44;10,3
V00895;2022-07-05;Online;ONLINE;ONLINE;8015;C0281;1;4;48;48
V00896;2022-11-02;Tienda física;T001;E0005;28079;SIN_REGISTRO;1;2;64,26;61,05
V00897;2022-11-24;Tienda física;T006;E0030;28065;C0470;2;5;88,52;87,7
V00898;2022-11-28;Tienda física;T012;E0064;28006;SIN_REGISTRO;1;2;70,52;70,52
V00899;2022-05-04;Tienda física;T007;E0035;8015;C0717;4;11;213,43;210,43
V00900;2022-09-03;Online;ONLINE;ONLINE;28079;C0797;2;2;47,75;46,12
V00901;2023-05-20;Tienda física;T012;E0063;48044;C0718;1;3;64,53;58,08
V00902;2022-04-28;Tienda física;T006;E0032;41091;SIN_REGISTRO;4;6;107,96;106,74
V00903;2022-11-22;Online;ONLINE;ONLINE;8019;C0584;1;1;25,59;24,31
V00904;2022-03-09;Tienda física;T005;E0028;8015;C0662;2;2;72,73;69,09
V00905;2023-02-22;Tienda física;T003;E0015;8019;C0164;2;4;74,79;65,79
V00906;2022-01-20;Online;ONLINE;ONLINE;41091;C0734;2;2;31,45;30,47
V00907;2022-09-10;Tienda física;T010;E0054;50297;C0152;2;3;136,75;123,08
V00908;2022-11-08;Online;ONLINE;ONLINE;8019;C0414;3;5;100;96,41
V00909;2023-04-02;Online;ONLINE;ONLINE;8019;C0174;3;5;137,69;137,69
V00910;2022-05-26;Online;ONLINE;ONLINE;28006;C0181;1;1;10,07;10,07
V00911;2022-09-09;Online;ONLINE;ONLINE;46250;C0135;2;2;36,38;34,86
V00912;2023-07-23;Tienda física;T001;E0002;28065;C0087;3;4;78,63;77,55
V00913;2022-01-02;Tienda física;T007;E0035;28115;C0510;2;2;37,38;36,47
V00914;2023-10-31;Tienda física;T010;E0050;41059;C0576;4;10;240,1;240,1
V00915;2022-03-03;Tienda física;T008;E0040;41091;C0489;3;5;135,85;122,83
V00916;2023-09-05;Tienda física;T003;E0015;50297;C0545;2;5;155,92;155,92
V00917;2022-12-26;Online;ONLINE;ONLINE;8019;C0016;2;2;31,64;27,68
V00918;2023-08-23;Tienda física;T007;E0036;8019;C0714;4;6;144,78;132,8
V00919;2022-02-16;Online;ONLINE;ONLINE;29067;C0097;3;5;145,44;135,71
V00920;2022-11-04;Tienda física;T005;E0026;48020;C0333;2;3;47,47;47,47
V00921;2023-12-17;Tienda física;T009;E0048;41091;C0657;3;5;117,05;117,05
V00922;2023-07-24;Tienda física;T008;E0044;8019;C0582;5;7;197,5;191,61
V00923;2022-08-04;Tienda física;T001;E0003;50297;C0566;2;2;32,3;30,34
V00924;2023-11-30;Tienda física;T002;E0013;29069;C0265;1;1;16,11;16,11
V00925;2023-12-26;Online;ONLINE;ONLINE;28074;C0052;3;4;68,96;64,58
V00926;2022-09-09;Online;ONLINE;ONLINE;46192;C0520;2;4;71,26;67,31
V00927;2022-12-16;Tienda física;T003;E0014;48020;C0232;4;6;154,79;149,69
V00928;2023-09-06;Tienda física;T012;E0061;29067;C0283;2;2;44,75;44,75
V00929;2023-12-10;Online;ONLINE;ONLINE;28065;C0726;4;9;120,06;115,49
V00930;2023-09-16;Tienda física;T001;E0004;28079;SIN_REGISTRO;2;3;92,44;87,82
V00931;2022-01-10;Online;ONLINE;ONLINE;46192;C0384;2;2;55,32;53,51
V00932;2023-02-28;Online;ONLINE;ONLINE;48044;C0205;2;2;36,89;34,64
V00933;2023-02-07;Tienda física;T001;E0001;46192;C0195;1;1;12,69;11,42
V00934;2023-10-27;Online;ONLINE;ONLINE;46192;C0754;3;5;136,89;134,95
V00935;2023-07-06;Tienda física;T005;E0028;41059;C0430;1;4;104,04;104,04
V00936;2023-11-20;Tienda física;T010;E0050;8019;C0414;1;1;24,77;24,77
V00937;2023-01-21;Online;ONLINE;ONLINE;;SIN_REGISTRO;2;5;65,31;62,38
V00938;2023-02-01;Tienda física;T007;E0037;50297;C0141;2;2;66,05;63,32
V00939;2022-05-08;Tienda física;T001;E0004;28115;C0712;1;1;31,05;29,5
V00940;2022-07-17;Tienda física;T003;E0017;28079;SIN_REGISTRO;2;3;66,91;64,71
V00941;2022-08-15;Online;ONLINE;ONLINE;28074;C0731;2;3;45,7;42,89
V00942;2022-10-15;Online;ONLINE;ONLINE;47186;C0292;2;3;62,51;57,95
V00943;2022-07-16;Tienda física;T008;E0044;48020;SIN_REGISTRO;4;6;110,6;106,65
V00944;2022-08-15;Online;ONLINE;ONLINE;47186;C0574;3;3;59,61;59,61
V00945;2023-01-07;Online;ONLINE;ONLINE;41091;C0787;2;3;35,94;34,7
V00946;2023-05-20;Online;ONLINE;ONLINE;41091;C0031;1;1;19,46;16,54
V00947;2022-01-08;Online;ONLINE;ONLINE;46250;C0261;5;8;179,04;167,91
V00948;2022-04-24;Tienda física;T003;E0017;29067;C0549;1;1;13,61;13,61
V00949;2022-06-24;Tienda física;T003;E0016;48020;C0343;3;4;103,21;100,56
V00950;2023-11-07;Online;ONLINE;ONLINE;28079;C0452;1;1;12,79;10,87
V00951;2022-03-08;Tienda física;T010;E0052;8015;C0534;2;3;57,48;54,82
V00952;2022-03-08;Tienda física;T004;E0023;28079;C0709;2;2;46,71;46,71
V00953;2023-08-07;Tienda física;T004;E0020;28065;C0087;4;5;116,03;116,03
V00954;2022-07-16;Online;ONLINE;ONLINE;28074;C0580;1;1;18,64;15,84
V00955;2023-12-11;Tienda física;T001;E0001;48020;C0492;4;5;87,81;84,66
V00956;2023-11-29;Tienda física;T005;E0027;46192;C0433;2;3;57,57;56,59
V00957;2022-01-03;Tienda física;T009;E0047;48044;SIN_REGISTRO;2;3;81,32;77,25
V00958;2022-11-27;Tienda física;T001;E0001;29067;C0618;1;1;21,25;20,19
V00959;2022-10-08;Tienda física;T008;E0040;28074;C0389;2;4;64,3;60,11
V00960;2023-05-23;Tienda física;T006;E0031;8019;C0425;3;4;75,21;74,4
V00961;2022-08-18;Tienda física;T003;E0016;28079;SIN_REGISTRO;5;7;192,54;190,88
V00962;2023-03-07;Tienda física;T002;E0009;28079;C0649;3;4;86,09;84,21
V00963;2022-11-20;Online;ONLINE;ONLINE;29069;C0040;4;7;175,96;169,29
V00964;2022-07-19;Online;ONLINE;ONLINE;41059;C0707;1;1;12,62;12,62
V00965;2023-08-09;Tienda física;T002;E0011;41059;C0112;1;1;28,01;28,01
V00966;2023-12-08;Online;ONLINE;ONLINE;;SIN_REGISTRO;3;4;64,4;63,09
V00967;2022-09-13;Tienda física;T004;E0018;41091;C0259;5;7;136,57;134,61
V00968;2022-12-04;Online;ONLINE;ONLINE;46192;C0025;7;8;157,79;156,1
V00969;2023-10-04;Tienda física;T011;E0058;28115;C0484;1;1;26,41;22,45
V00970;2022-01-29;Tienda física;T010;E0052;48020;C0505;2;5;70,13;66,63
V00971;2022-01-25;Online;ONLINE;ONLINE;41038;C0525;5;8;188,09;185,77
V00972;2022-09-14;Tienda física;T003;E0015;46250;C0609;1;1;29,88;29,88
V00973;2023-04-30;Tienda física;T004;E0019;41091;C0438;4;7;284,53;272,71
V00974;2022-02-25;Online;ONLINE;ONLINE;29069;C0203;2;2;36,31;36,31
V00975;2022-03-16;Tienda física;T006;E0033;8019;C0246;1;1;23,49;21,14
V00976;2022-04-08;Tienda física;T011;E0059;8019;C0016;1;3;50,1;42,59
V00977;2023-08-16;Online;ONLINE;ONLINE;47186;C0151;1;1;11,58;11,58
V00978;2022-03-04;Tienda física;T007;E0039;28006;C0039;1;3;43,65;43,65
V00979;2022-11-17;Tienda física;T001;E0001;41059;C0126;1;3;34,02;28,92
V00980;2022-05-11;Online;ONLINE;ONLINE;50297;C0567;3;3;60,15;59,08
V00981;2022-02-26;Online;ONLINE;ONLINE;41059;C0770;2;2;75,35;75,35
V00982;2022-03-09;Tienda física;T001;E0005;28074;C0581;1;3;42,54;42,54
V00983;2023-07-27;Online;ONLINE;ONLINE;;SIN_REGISTRO;1;1;26,68;26,68
V00984;2023-01-26;Online;ONLINE;ONLINE;47186;C0642;1;1;13,4;12,73
V00985;2023-09-25;Online;ONLINE;ONLINE;46192;C0619;2;3;61,59;58,51
V00986;2023-09-06;Online;ONLINE;ONLINE;28115;C0199;3;3;122,75;117,77
V00987;2023-04-10;Tienda física;T003;E0016;8019;C0062;1;1;27,9;26,5
V00988;2023-03-15;Online;ONLINE;ONLINE;28079;C0170;1;1;11,69;10,52
V00989;2022-12-14;Tienda física;T006;E0030;29067;C0351;1;1;16,94;14,4
V00990;2023-04-10;Online;ONLINE;ONLINE;41059;C0429;3;4;94,42;89,57
V00991;2023-08-25;Tienda física;T012;E0064;47186;C0655;1;1;14,34;14,34
V00992;2022-04-16;Tienda física;T007;E0035;28079;C0453;1;1;21,59;21,59
V00993;2023-08-31;Tienda física;T007;E0035;28079;C0722;8;12;370,85;365,14
V00994;2023-10-15;Online;ONLINE;ONLINE;29067;C0351;4;7;147,28;136,76
V00995;2022-12-30;Tienda física;T005;E0027;8019;C0479;2;3;87,78;84,45
V00996;2023-09-28;Tienda física;T008;E0043;48020;SIN_REGISTRO;1;1;15,55;14,77
V00997;2022-09-06;Online;ONLINE;ONLINE;28079;C0304;2;2;20,45;19,97
V00998;2022-03-03;Online;ONLINE;ONLINE;48044;C0205;2;3;49,21;49,21
V00999;2023-08-22;Tienda física;T002;E0013;48044;C0003;2;2;61,83;60,64
V01000;2022-11-15;Tienda física;T008;E0045;8019;C0696;6;10;194,46;181,47
V01001;2022-05-31;Tienda física;T012;E0064;29067;C0230;1;2;34;32,3
V01002;2023-09-10;Online;ONLINE;ONLINE;41091;C0125;5;8;148,37;146
V01003;2023-01-13;Online;ONLINE;ONLINE;;SIN_REGISTRO;2;2;23,7;22,31
V01004;2022-02-28;Tienda física;T005;E0028;29069;C0235;1;1;30,01;30,01
V01005;2023-03-09;Tienda física;T011;E0058;48044;C0636;2;3;45,73;43,91
V01006;2022-07-25;Tienda física;T011;E0060;46250;C0674;5;6;122,14;115,51
V01007;2022-03-12;Online;ONLINE;ONLINE;28065;C0289;1;2;25,32;25,32
V01008;2023-11-15;Tienda física;T001;E0002;48020;C0220;2;3;73,4;72,82
V01009;2023-09-07;Tienda física;T008;E0044;48020;SIN_REGISTRO;2;2;51,11;47,91
V01010;2023-08-16;Tienda física;T008;E0045;28065;C0780;1;1;30,52;27,47
V01011;2023-09-23;Tienda física;T010;E0054;41091;C0489;1;1;15,14;15,14
V01012;2022-12-03;Tienda física;T004;E0024;8019;SIN_REGISTRO;1;1;21,31;21,31
V01013;2023-04-11;Online;ONLINE;ONLINE;28074;C0581;5;11;429,7;416,95
V01014;2022-08-13;Tienda física;T004;E0024;41059;C0795;2;4;75,72;75,72
V01015;2023-12-11;Online;ONLINE;ONLINE;8019;C0347;2;4;71,41;71,41
V01016;2023-10-01;Tienda física;T006;E0030;29069;C0650;1;1;26,16;26,16
V01017;2023-05-08;Online;ONLINE;ONLINE;48020;C0759;3;3;69,96;68,22
V01018;2023-01-20;Online;ONLINE;ONLINE;50297;C0120;3;5;61,57;61,57
V01019;2022-07-08;Tienda física;T007;E0037;48044;C0490;2;2;64,87;64,87
V01020;2022-01-11;Tienda física;T008;E0043;8015;C0441;1;1;18,92;18,92
V01021;2022-01-31;Tienda física;T011;E0057;41059;C0114;1;1;10,07;9,06
V01022;2022-05-26;Tienda física;T002;E0007;29067;C0293;1;1;17,63;17,63
V01023;2022-07-19;Tienda física;T011;E0060;28074;C0580;1;2;27,02;22,97
V01024;2022-02-14;Online;ONLINE;ONLINE;8015;C0316;2;5;149,76;149,76
V01025;2022-07-22;Online;ONLINE;ONLINE;8015;C0316;2;2;35,26;34,62
V01026;2022-08-13;Online;ONLINE;ONLINE;48044;C0185;1;1;25,07;25,07
V01027;2022-12-14;Tienda física;T003;E0016;48020;C0492;1;1;15,89;14,3
V01028;2022-07-02;Tienda física;T003;E0017;28115;C0406;3;5;95,63;95,63
V01029;2022-06-30;Online;ONLINE;ONLINE;28074;C0085;2;2;59,12;59,12
V01030;2022-01-22;Tienda física;T010;E0055;50297;C0776;2;3;67,17;59,96
V01031;2023-01-24;Tienda física;T009;E0049;28115;C0326;2;3;38,31;33,29
V01032;2022-12-13;Online;ONLINE;ONLINE;8019;C0764;2;4;102,25;102,25
V01033;2023-04-13;Tienda física;T004;E0020;50297;C0776;2;4;80,88;80,88
V01034;2023-01-17;Online;ONLINE;ONLINE;50297;C0017;1;2;32,94;28
V01035;2023-06-24;Tienda física;T011;E0060;47186;C0656;4;9;162,9;154,85
V01036;2023-12-30;Online;ONLINE;ONLINE;46192;C0733;2;4;75,67;75,67
V01037;2022-05-28;Online;ONLINE;ONLINE;28006;C0606;3;6;82,15;82,15
V01038;2022-07-16;Online;ONLINE;ONLINE;;SIN_REGISTRO;1;4;72,56;65,3
V01039;2023-12-13;Tienda física;T011;E0056;28065;C0683;1;3;31,05;31,05
V01040;2023-09-06;Online;ONLINE;ONLINE;48044;C0568;2;2;46,82;46,1
V01041;2022-02-17;Tienda física;T008;E0045;8019;C0323;4;8;201,64;183,05
V01042;2023-07-03;Online;ONLINE;ONLINE;8019;C0070;2;2;30,09;30,09
V01043;2022-12-02;Tienda física;T006;E0030;8015;C0725;2;2;42,63;42,63
V01044;2023-10-07;Tienda física;T009;E0046;48020;C0201;2;2;73,47;73,47
V01045;2023-06-05;Online;ONLINE;ONLINE;47186;C0463;2;5;61,57;58,64
V01046;2022-08-03;Tienda física;T004;E0022;28079;C0684;2;4;96,74;83,5
V01047;2023-04-27;Tienda física;T004;E0018;29069;C0024;2;5;73,38;64,64
V01048;2022-06-21;Tienda física;T007;E0036;46250;SIN_REGISTRO;4;5;122,64;116,12
V01049;2023-10-23;Tienda física;T003;E0017;41038;C0055;2;3;69,34;62,41
V01050;2023-05-26;Online;ONLINE;ONLINE;28074;C0580;4;5;146,32;131,69
V01051;2022-07-03;Tienda física;T008;E0041;41059;C0536;10;13;312,77;295,01
V01052;2023-06-23;Tienda física;T008;E0043;8019;C0010;2;2;35,42;32,98
V01053;2023-05-22;Online;ONLINE;ONLINE;8019;C0631;8;11;315,1;303,54
V01054;2023-08-19;Tienda física;T003;E0014;28079;C0453;5;7;264,51;263,43
V01055;2022-08-01;Tienda física;T008;E0040;41038;C0285;2;3;46,01;46,01
V01056;2023-04-08;Tienda física;T006;E0030;28006;C0665;1;3;34,02;34,02
V01057;2022-08-12;Online;ONLINE;ONLINE;46250;C0207;6;8;150,51;147,27
V01058;2023-01-22;Tienda física;T011;E0058;28079;C0684;2;3;75,17;67,65
V01059;2023-01-19;Tienda física;T007;E0036;46192;C0508;6;9;194,31;189,46
V01060;2022-05-18;Online;ONLINE;ONLINE;41059;C0430;2;2;35,81;35,81
V01061;2023-04-01;Online;ONLINE;ONLINE;;SIN_REGISTRO;1;2;43,14;38,83
V01062;2022-08-24;Online;ONLINE;ONLINE;29067;C0487;2;2;72,07;64,86
V01063;2023-04-22;Tienda física;T007;E0036;28079;C0162;3;3;73,42;68,88
V01064;2023-03-13;Online;ONLINE;ONLINE;47186;C0244;2;4;110,09;104,58
V01065;2023-03-19;Tienda física;T010;E0055;46250;C0331;2;2;37,36;36,45
V01066;2023-05-25;Tienda física;T006;E0030;28065;C0294;3;5;112,72;110,39
V01067;2023-01-27;Tienda física;T004;E0018;41038;C0044;3;6;163,69;163,69
V01068;2023-03-29;Tienda física;T012;E0064;48044;C0004;2;2;40,01;40,01
V01069;2023-10-23;Tienda física;T007;E0037;28006;C0736;2;3;64,89;64,89
V01070;2022-03-26;Online;ONLINE;ONLINE;28074;C0589;4;6;142,71;136,05
V01071;2022-10-11;Tienda física;T010;E0051;8019;C0766;3;5;144,86;141,77
V01072;2022-05-02;Online;ONLINE;ONLINE;8019;C0148;6;8;155,54;144,73
V01073;2022-02-09;Online;ONLINE;ONLINE;8019;C0212;1;1;15,23;13,71
V01074;2022-12-08;Tienda física;T010;E0051;46250;C0261;2;2;41,23;38,73
V01075;2022-09-14;Tienda física;T006;E0032;28065;C0564;1;2;28,46;28,46
V01076;2022-07-15;Online;ONLINE;ONLINE;48044;C0798;1;2;58,1;49,38
V01077;2023-07-11;Online;ONLINE;ONLINE;41059;C0610;2;2;36,27;36,27
V01078;2022-11-03;Tienda física;T005;E0026;28065;C0372;2;3;42,79;42,79
V01079;2023-02-18;Tienda física;T005;E0028;47186;C0223;1;1;18;17,1
V01080;2023-04-29;Tienda física;T010;E0050;29069;C0266;1;3;45,54;38,71
V01081;2023-02-12;Tienda física;T007;E0037;46192;C0522;4;8;173,54;171,98
V01082;2022-08-03;Tienda física;T009;E0047;41038;C0448;3;7;187,24;176,78
V01083;2023-06-13;Online;ONLINE;ONLINE;41059;C0643;2;6;125,04;118,5
V01084;2023-04-18;Online;ONLINE;ONLINE;28006;C0411;1;1;33,97;33,97
V01085;2022-11-17;Tienda física;T006;E0033;29067;C0129;4;6;150,65;150,65
V01086;2023-12-16;Online;ONLINE;ONLINE;28065;C0166;5;6;154,57;146,41
V01087;2023-03-26;Tienda física;T010;E0053;8019;C0778;5;8;192;188,74
V01088;2023-01-19;Tienda física;T002;E0012;48020;C0352;2;2;29,84;28,01
V01089;2022-11-09;Tienda física;T002;E0007;41038;C0761;1;2;22,08;18,77
V01090;2023-05-27;Tienda física;T007;E0035;46250;C0331;1;2;27,18;23,1
V01091;2022-12-14;Tienda física;T012;E0063;48020;C0329;1;2;35,14;35,14
V01092;2023-03-12;Tienda física;T006;E0034;28074;C0512;4;6;88,82;82,61
V01093;2023-12-09;Online;ONLINE;ONLINE;8019;C0318;1;1;19,32;17,39
V01094;2022-11-30;Tienda física;T008;E0042;48020;C0652;2;3;90,58;88,26
V01095;2023-08-05;Online;ONLINE;ONLINE;28115;C0406;2;2;36,13;36,13
V01096;2022-06-07;Tienda física;T009;E0048;28115;C0701;4;6;108,89;107,92
V01097;2023-01-26;Online;ONLINE;ONLINE;48044;C0729;1;1;27,24;27,24
V01098;2022-03-07;Tienda física;T010;E0055;28065;C0372;2;3;55,75;50,17
V01099;2022-07-12;Online;ONLINE;ONLINE;47186;C0542;3;4;79,14;76,27
V01100;2022-12-03;Tienda física;T001;E0002;29069;C0239;2;6;112,28;101,05
V01101;2023-10-17;Online;ONLINE;ONLINE;8019;C0323;1;1;17,29;17,29
V01102;2022-06-25;Tienda física;T001;E0003;28065;C0780;6;8;214,88;204,9
V01103;2022-02-02;Tienda física;T008;E0045;46192;C0195;3;5;179,7;168,52
V01104;2022-01-28;Online;ONLINE;ONLINE;48044;C0185;2;3;41,29;39,92
V01105;2022-03-13;Tienda física;T011;E0056;8015;C0528;2;4;81,58;77,5
V01106;2022-07-30;Online;ONLINE;ONLINE;28115;C0307;1;1;43,58;43,58
V01107;2023-11-07;Tienda física;T002;E0007;28079;C0170;2;3;89,39;84,02
V01108;2023-04-11;Online;ONLINE;ONLINE;48020;C0343;1;1;12,94;12,94
V01109;2023-06-15;Online;ONLINE;ONLINE;28074;C0663;1;2;41,66;41,66
V01110;2022-12-01;Tienda física;T008;E0045;28006;C0496;4;4;79,87;77,19
V01111;2022-06-10;Tienda física;T012;E0065;28006;SIN_REGISTRO;2;2;37,67;37,67
V01112;2023-07-04;Tienda física;T006;E0030;41091;SIN_REGISTRO;1;1;13,59;12,91
V01113;2022-03-12;Tienda física;T011;E0058;48044;C0190;3;3;55,31;52,57
V01114;2022-05-14;Online;ONLINE;ONLINE;28079;C0019;1;1;20,21;20,21
V01115;2023-03-19;Tienda física;T012;E0064;8015;C0662;3;4;121,6;115,78
V01116;2022-06-12;Online;ONLINE;ONLINE;28079;C0485;1;1;13,72;12,35
V01117;2023-08-25;Online;ONLINE;ONLINE;8019;C0180;1;1;49,22;49,22
V01118;2022-10-10;Tienda física;T009;E0049;48020;C0131;1;1;33,32;33,32
V01119;2022-05-27;Tienda física;T011;E0057;48020;C0436;3;3;40,8;39,96
V01120;2023-02-13;Online;ONLINE;ONLINE;29069;C0235;1;1;18,57;16,71
V01121;2023-06-23;Tienda física;T007;E0037;48020;C0629;3;5;115,99;112,5
V01122;2023-04-17;Online;ONLINE;ONLINE;;SIN_REGISTRO;2;2;36,56;35,35
V01123;2022-04-04;Online;ONLINE;ONLINE;47186;C0645;1;2;43,64;43,64
V01124;2022-12-22;Online;ONLINE;ONLINE;41091;C0644;4;7;175,76;168,71
V01125;2023-02-05;Tienda física;T011;E0060;8015;C0418;1;3;45,33;40,8
V01126;2023-03-02;Tienda física;T009;E0049;46250;C0757;1;1;13,21;13,21
V01127;2023-09-25;Online;ONLINE;ONLINE;;SIN_REGISTRO;3;7;154,62;145,65
V01128;2023-04-14;Tienda física;T008;E0041;48044;C0314;4;4;109,03;106,66
V01129;2023-12-17;Online;ONLINE;ONLINE;8019;C0469;1;1;15,2;13,68
V01130;2023-02-07;Tienda física;T007;E0039;8019;C0335;1;2;42,46;36,09
V01131;2022-09-03;Tienda física;T004;E0020;29067;C0267;2;5;145,35;145,35
V01132;2023-10-06;Tienda física;T011;E0059;28065;C0470;2;4;81,7;76,93
V01133;2023-11-14;Tienda física;T009;E0048;28079;C0440;4;7;121,28;121,28
V01134;2023-05-21;Tienda física;T004;E0022;8019;SIN_REGISTRO;1;1;26,83;25,49
V01135;2023-01-13;Tienda física;T006;E0032;47186;C0292;2;2;34,06;31,92
V01136;2023-06-01;Online;ONLINE;ONLINE;28079;C0083;2;5;123,33;123,33
V01137;2023-04-07;Tienda física;T006;E0031;48044;C0729;1;2;60,72;60,72
V01138;2022-08-01;Tienda física;T009;E0049;48044;C0503;2;3;51,44;49,83
V01139;2023-04-19;Online;ONLINE;ONLINE;8015;C0036;2;4;44,72;43,81
V01140;2023-10-17;Tienda física;T004;E0020;48044;C0596;2;2;52,68;46,18
V01141;2023-01-26;Online;ONLINE;ONLINE;48044;C0303;1;1;19,97;19,97
V01142;2022-07-19;Tienda física;T003;E0015;28074;C0580;3;7;94,72;88,93
V01143;2022-01-11;Tienda física;T008;E0041;8019;C0192;2;4;68,84;68,32
V01144;2023-12-28;Tienda física;T009;E0048;41059;C0018;1;1;13,15;13,15
V01145;2023-11-18;Tienda física;T008;E0044;29067;C0623;1;2;39,54;33,61
V01146;2023-05-12;Online;ONLINE;ONLINE;46192;C0325;1;1;12,2;11,59
V01147;2022-03-26;Tienda física;T006;E0031;8015;C0281;2;5;156,08;153,13
V01148;2024-01-01;Tienda física;T008;E0044;46192;C0462;1;1;10,95;10,4
V01149;2023-04-28;Tienda física;T011;E0057;29067;C0129;1;1;20,14;20,14
V01150;2022-06-24;Online;ONLINE;ONLINE;50297;C0198;2;2;39,23;36,89
V01151;2022-07-01;Tienda física;T003;E0016;28115;C0712;1;1;24,99;24,99
V01152;2023-07-02;Tienda física;T001;E0005;8019;C0062;1;1;12,75;10,84
V01153;2022-06-22;Online;ONLINE;ONLINE;8019;C0041;3;3;98,26;98,26
V01154;2023-11-25;Tienda física;T005;E0029;48044;C0075;2;4;73,08;73,08
V01155;2023-03-28;Online;ONLINE;ONLINE;48044;C0636;3;3;59;57,03
V01156;2022-08-10;Tienda física;T003;E0014;41091;C0787;3;5;74,36;70,71
V01157;2023-11-23;Tienda física;T007;E0036;29069;C0203;2;2;73,9;70,43
V01158;2023-03-29;Tienda física;T009;E0049;48044;SIN_REGISTRO;1;1;12,19;10,36
V01159;2023-10-13;Online;ONLINE;ONLINE;8019;C0062;1;1;12,27;11,04
V01160;2023-02-04;Online;ONLINE;ONLINE;48020;C0759;3;4;69,21;62,62
V01161;2023-03-31;Online;ONLINE;ONLINE;46192;C0509;2;3;40,36;39,06
V01162;2022-02-19;Tienda física;T012;E0062;28065;C0087;2;6;168,39;166,43
V01163;2022-09-13;Online;ONLINE;ONLINE;41038;C0523;2;3;69,54;69,54
V01164;2022-07-24;Tienda física;T009;E0046;8019;C0415;1;1;37,74;37,74
V01165;2023-03-08;Online;ONLINE;ONLINE;28115;C0047;1;1;20,06;20,06
V01166;2022-12-12;Online;ONLINE;ONLINE;28074;C0146;1;2;30,24;30,24
V01167;2022-08-14;Tienda física;T012;E0063;28065;C0169;4;6;107,75;104,65
V01168;2022-06-21;Tienda física;T008;E0045;8019;C0667;3;3;89,44;84,19
V01169;2023-06-09;Tienda física;T005;E0028;47186;C0542;4;5;151,19;149,21
V01170;2022-11-27;Tienda física;T002;E0011;48020;C0132;1;1;20,15;18,13
V01171;2023-10-02;Tienda física;T002;E0013;46250;C0165;2;3;94,91;94,91
V01172;2023-03-15;Tienda física;T010;E0050;29067;C0549;7;11;279,04;266,85
V01173;2022-08-07;Online;ONLINE;ONLINE;28079;C0633;5;6;97,41;95,97
V01174;2022-11-28;Tienda física;T011;E0056;41059;C0368;2;3;57,74;57
V01175;2023-02-16;Tienda física;T007;E0038;28115;C0300;1;3;67,05;56,99
V01176;2022-01-13;Online;ONLINE;ONLINE;41059;C0612;1;1;16,38;15,56
V01177;2023-04-15;Tienda física;T001;E0001;28006;C0063;1;2;30,9;30,9
V01178;2023-11-05;Online;ONLINE;ONLINE;;SIN_REGISTRO;5;9;227,52;223,73
V01179;2022-02-14;Tienda física;T009;E0049;41091;C0467;3;5;71,12;68,59
V01180;2023-02-25;Online;ONLINE;ONLINE;46192;C0488;3;4;54,17;53,37
V01181;2022-04-15;Online;ONLINE;ONLINE;28115;C0537;2;2;47,19;42,93
V01182;2022-09-15;Tienda física;T010;E0053;48044;C0058;2;5;100,79;100,79
V01183;2023-10-09;Tienda física;T009;E0046;29067;C0037;1;1;14,08;11,97
V01184;2023-11-26;Tienda física;T012;E0061;29069;C0650;1;1;15,7;13,34
V01185;2022-12-07;Tienda física;T009;E0046;46250;C0445;2;2;26,66;26,66
V01186;2023-11-14;Online;ONLINE;ONLINE;29067;C0626;2;2;73,49;72
V01187;2022-12-10;Tienda física;T012;E0062;46192;C0433;5;7;164,53;162,96
V01188;2023-01-27;Tienda física;T010;E0050;28006;C0779;1;4;78,24;70,42
V01189;2023-05-31;Online;ONLINE;ONLINE;;SIN_REGISTRO;2;2;33,73;32,6
V01190;2022-08-27;Online;ONLINE;ONLINE;47186;C0023;1;1;15,32;15,32
V01191;2022-11-13;Online;ONLINE;ONLINE;48044;C0412;4;5;109,75;106,89
V01192;2022-09-07;Online;ONLINE;ONLINE;;SIN_REGISTRO;1;1;18,91;17,02
V01193;2022-03-03;Tienda física;T005;E0026;8019;SIN_REGISTRO;1;1;19,95;19,95
V01194;2023-05-26;Online;ONLINE;ONLINE;48044;C0529;3;5;90,16;87,94
V01195;2022-06-05;Tienda física;T008;E0042;8019;C0123;2;3;58,16;57,31
V01196;2023-10-20;Tienda física;T002;E0008;29069;C0273;2;2;37,39;37,39
V01197;2023-09-05;Tienda física;T006;E0030;41038;C0110;4;4;110,49;109,79
V01198;2022-05-18;Tienda física;T004;E0019;8019;SIN_REGISTRO;5;11;253,71;243,36
V01199;2023-10-22;Tienda física;T002;E0012;48020;C0492;2;7;178,49;178,49
V01200;2023-10-26;Online;ONLINE;ONLINE;;SIN_REGISTRO;7;8;203,15;203,15
V01201;2022-08-23;Online;ONLINE;ONLINE;8015;C0441;3;3;70,58;67,4
V01202;2022-12-17;Online;ONLINE;ONLINE;46250;C0261;2;2;75,76;75,76
V01203;2023-07-07;Online;ONLINE;ONLINE;41059;C0332;2;5;70,36;70,36
V01204;2023-12-05;Online;ONLINE;ONLINE;28079;C0452;1;1;32,19;27,36
V01205;2023-09-15;Online;ONLINE;ONLINE;29067;C0275;3;4;49,3;46,87
V01206;2022-07-07;Tienda física;T004;E0020;41091;C0011;1;1;26,52;25,19
V01207;2022-03-08;Tienda física;T009;E0048;41038;C0523;4;6;131,61;126,97
V01208;2022-07-17;Tienda física;T005;E0026;8019;SIN_REGISTRO;4;5;88,83;87,72
V01209;2022-07-29;Online;ONLINE;ONLINE;48020;C0401;2;2;26,19;26,19
V01210;2022-06-27;Online;ONLINE;ONLINE;28006;C0532;1;3;55,8;50,22
V01211;2022-08-30;Tienda física;T005;E0029;47186;C0370;7;9;178,42;175,07
V01212;2023-03-13;Tienda física;T003;E0015;48044;C0356;4;6;180,96;169,82
V01213;2022-11-15;Online;ONLINE;ONLINE;28115;C0537;1;1;22,56;22,56
V01214;2022-09-08;Tienda física;T010;E0050;8019;C0409;1;2;27,78;26,39
V01215;2023-09-13;Online;ONLINE;ONLINE;28074;C0512;10;11;273,2;264,31
V01216;2022-10-20;Online;ONLINE;ONLINE;28006;C0779;4;7;118,38;111,01
V01217;2023-10-13;Online;ONLINE;ONLINE;41059;C0643;2;2;34,85;33,87
V01218;2023-05-08;Tienda física;T010;E0054;41059;C0032;2;3;51,19;48,94
V01219;2023-02-12;Online;ONLINE;ONLINE;28079;C0684;5;6;187,69;186,69
V01220;2023-04-28;Online;ONLINE;ONLINE;;SIN_REGISTRO;4;6;127,62;123,94
V01221;2023-06-02;Online;ONLINE;ONLINE;47186;C0394;1;3;29,31;26,38
V01222;2022-06-09;Online;ONLINE;ONLINE;;SIN_REGISTRO;2;2;61;59,97
V01223;2023-01-26;Tienda física;T001;E0001;47186;C0292;1;1;20,89;19,85
V01224;2022-11-04;Online;ONLINE;ONLINE;41038;C0327;5;5;169,8;166,4
V01225;2023-07-21;Online;ONLINE;ONLINE;29069;C0278;1;1;15,78;13,41
V01226;2022-09-21;Tienda física;T007;E0037;28079;C0336;4;5;137,8;136,86
V01227;2022-11-10;Online;ONLINE;ONLINE;46192;C0043;1;1;15,77;14,98
V01228;2023-01-20;Tienda física;T006;E0030;41091;C0001;1;2;25,6;23,04
V01229;2022-03-15;Tienda física;T004;E0024;28079;C0481;1;1;11,77;11,77
V01230;2023-04-26;Tienda física;T011;E0057;46192;C0088;1;1;14,39;14,39
V01231;2022-07-14;Tienda física;T006;E0032;28079;C0251;2;2;45,38;43,81
V01232;2023-05-28;Tienda física;T011;E0059;47186;C0710;4;5;95,02;90,64
V01233;2023-05-19;Online;ONLINE;ONLINE;47186;C0669;1;1;14,35;13,63
V01234;2023-02-09;Online;ONLINE;ONLINE;41038;C0761;1;2;28,14;23,92
V01235;2023-01-29;Tienda física;T012;E0063;28079;C0647;2;2;20,69;19,65
V01236;2023-10-19;Online;ONLINE;ONLINE;47186;C0358;3;3;61;57,8
V01237;2023-02-23;Tienda física;T012;E0065;48044;C0636;3;4;73,33;72,33
V01238;2023-01-30;Online;ONLINE;ONLINE;46192;C0498;2;4;87,9;80,56
V01239;2022-07-18;Tienda física;T012;E0061;41059;C0315;8;11;219,28;214,02
V01240;2022-12-23;Online;ONLINE;ONLINE;28079;C0083;4;4;79,33;72,74
V01241;2023-10-13;Tienda física;T001;E0004;48044;C0276;2;2;37,61;35,69
V01242;2023-12-15;Tienda física;T011;E0058;28074;C0052;4;4;106,92;103,82
V01243;2023-03-11;Online;ONLINE;ONLINE;;SIN_REGISTRO;2;2;47,22;41,01
V01244;2022-09-06;Tienda física;T004;E0021;46192;C0465;3;3;82,53;81,39
V01245;2023-01-06;Tienda física;T002;E0011;46192;C0754;2;4;73,8;63,77
V01246;2023-12-16;Tienda física;T006;E0034;28074;C0731;4;8;118,53;110,93
V01247;2022-09-25;Online;ONLINE;ONLINE;8019;C0123;2;4;79,78;73,24
V01248;2023-11-29;Tienda física;T008;E0042;41059;C0112;2;2;71,46;71,46
V01249;2022-09-11;Online;ONLINE;ONLINE;28074;C0517;1;1;12,09;10,88
V01250;2022-01-13;Online;ONLINE;ONLINE;8015;C0534;2;2;30,04;30,04
V01251;2023-10-22;Online;ONLINE;ONLINE;47186;C0390;2;5;129,02;110,34
V01252;2023-02-12;Tienda física;T004;E0019;28006;C0422;3;4;61;54,08
V01253;2023-06-15;Online;ONLINE;ONLINE;47186;C0642;1;1;23,82;23,82
V01254;2022-06-19;Tienda física;T011;E0058;48044;C0205;6;9;144,58;139,61
V01255;2023-12-10;Online;ONLINE;ONLINE;28079;C0145;1;1;15,8;15,8
V01256;2023-08-24;Online;ONLINE;ONLINE;28079;C0560;4;7;143,4;143,4
V01257;2022-04-02;Online;ONLINE;ONLINE;46192;C0561;1;2;43,08;43,08
V01258;2022-05-27;Tienda física;T010;E0051;8019;C0741;1;1;35,5;35,5
V01259;2023-02-12;Tienda física;T008;E0040;46192;C0748;1;1;20,92;17,78
V01260;2022-01-07;Tienda física;T006;E0032;46250;C0447;1;1;23,39;23,39
V01261;2022-01-02;Online;ONLINE;ONLINE;8019;C0074;3;3;52,58;51,21
V01262;2023-12-15;Tienda física;T003;E0015;50297;C0143;2;3;42,37;41,05
V01263;2023-11-02;Tienda física;T005;E0026;50297;C0367;2;3;56,12;54,18
V01264;2022-06-24;Tienda física;T011;E0060;47186;C0206;5;7;123,65;121,91
V01265;2022-07-10;Online;ONLINE;ONLINE;47186;C0653;2;2;48,6;43,9
V01266;2022-07-22;Online;ONLINE;ONLINE;46192;C0195;4;6;102,17;96,39
V01267;2023-05-30;Online;ONLINE;ONLINE;46250;C0674;1;1;16,02;16,02
V01268;2023-08-04;Tienda física;T005;E0029;28065;C0470;2;4;77,26;77,26
V01269;2022-07-25;Tienda física;T011;E0059;28079;C0690;1;2;26,72;26,72
V01270;2022-07-16;Tienda física;T010;E0055;46250;C0546;2;5;106,11;106,11
V01271;2023-03-28;Online;ONLINE;ONLINE;41091;C0342;2;4;102,3;95,46
V01272;2023-10-14;Online;ONLINE;ONLINE;28115;C0224;1;1;17,38;17,38
V01273;2022-10-28;Tienda física;T001;E0004;8019;C0318;2;3;59,61;59,61
V01274;2022-05-08;Tienda física;T007;E0036;41091;C0011;1;1;11,38;11,38
V01275;2022-12-17;Tienda física;T010;E0054;29069;C0216;1;2;43,5;43,5
V01276;2023-05-05;Tienda física;T009;E0048;8019;C0425;3;5;76,57;71,74
V01277;2022-01-10;Online;ONLINE;ONLINE;46192;C0233;2;4;57,76;57,76
V01278;2022-01-08;Tienda física;T011;E0060;50297;C0594;1;1;25,47;21,65
V01279;2022-04-10;Tienda física;T003;E0015;50297;C0776;6;7;124,74;117,54
V01280;2023-01-20;Tienda física;T007;E0039;41038;C0107;1;1;19,23;17,31
V01281;2023-05-13;Tienda física;T004;E0024;46192;C0520;2;2;51,57;47,14
V01282;2023-09-11;Online;ONLINE;ONLINE;29069;C0617;1;1;13,25;12,59
V01283;2023-01-15;Online;ONLINE;ONLINE;28079;C0083;3;7;207,68;192,36
V01284;2022-11-19;Tienda física;T012;E0065;48044;C0490;2;5;121,72;115,26
V01285;2023-11-13;Tienda física;T001;E0003;28074;C0625;1;1;36,08;34,28
V01286;2023-09-18;Tienda física;T011;E0056;28074;C0146;1;1;10,57;10,57
V01287;2022-12-05;Online;ONLINE;ONLINE;8015;C0706;1;3;45,03;45,03
V01288;2023-04-13;Tienda física;T008;E0040;41059;C0126;2;4;84,53;75,1
V01289;2022-05-23;Tienda física;T005;E0029;8019;C0454;2;3;30,27;30,27
V01290;2023-06-28;Tienda física;T012;E0065;8015;C0577;5;6;101,73;101,73
V01291;2023-01-13;Tienda física;T009;E0048;48020;C0333;2;3;154,39;146,67
V01292;2023-06-12;Tienda física;T006;E0031;50297;C0295;1;1;14,35;13,63
V01293;2022-01-04;Online;ONLINE;ONLINE;29069;C0266;1;1;18,11;15,39
V01294;2022-01-18;Tienda física;T011;E0057;28006;C0736;4;6;136,81;127,23
V01295;2022-02-16;Online;ONLINE;ONLINE;46192;C0227;7;10;197,94;187,95
V01296;2023-11-26;Tienda física;T011;E0059;50297;SIN_REGISTRO;1;1;21,39;20,32
V01297;2023-09-14;Tienda física;T005;E0025;28074;C0038;1;3;65,19;61,93
V01298;2023-09-20;Online;ONLINE;ONLINE;47186;C0669;6;13;327,86;327,86
V01299;2023-03-15;Tienda física;T010;E0050;29069;SIN_REGISTRO;1;1;28,7;27,26
V01300;2023-01-30;Tienda física;T012;E0065;8019;C0666;1;1;16,35;16,35
V01301;2023-12-31;Online;ONLINE;ONLINE;28006;C0752;2;3;140,88;140,88
V01302;2022-05-11;Tienda física;T007;E0037;46250;C0060;1;1;19,55;18,57
V01303;2022-11-05;Online;ONLINE;ONLINE;48020;C0068;4;7;121,35;111,32
V01304;2022-06-22;Online;ONLINE;ONLINE;48044;C0718;2;3;78,48;75,57
V01305;2023-05-09;Tienda física;T009;E0048;28115;C0345;1;1;21,4;18,19
V01306;2022-09-07;Online;ONLINE;ONLINE;41091;C0159;3;4;141,38;140,64
V01307;2023-11-07;Online;ONLINE;ONLINE;41091;C0342;3;3;51,84;49,79
V01308;2022-04-19;Online;ONLINE;ONLINE;28074;C0350;1;3;58,83;55,89
V01309;2022-06-14;Online;ONLINE;ONLINE;29069;C0216;1;1;15,56;15,56
V01310;2022-10-15;Tienda física;T008;E0042;48020;C0054;2;2;61,2;59,14
V01311;2023-11-13;Online;ONLINE;ONLINE;48044;C0258;1;2;24,9;23,65
V01312;2023-11-13;Online;ONLINE;ONLINE;28006;C0455;2;4;102,76;100,86
V01313;2022-04-03;Online;ONLINE;ONLINE;48020;C0365;2;3;89,48;76,98
V01314;2022-08-18;Tienda física;T001;E0002;28074;C0140;4;6;191,73;188,95
V01315;2023-10-22;Online;ONLINE;ONLINE;48044;C0276;2;3;60,63;60,63
V01316;2023-01-26;Tienda física;T006;E0034;28065;C0593;1;4;51,04;43,38
V01317;2022-08-27;Tienda física;T012;E0063;41059;C0332;2;5;108,49;104,28
V01318;2022-04-29;Tienda física;T011;E0056;41038;C0101;1;2;29,06;29,06
V01319;2022-04-25;Tienda física;T008;E0045;48020;SIN_REGISTRO;2;3;65,04;65,04
V01320;2023-08-30;Tienda física;T006;E0034;29069;C0015;2;4;238,54;238,54
V01321;2023-08-10;Tienda física;T010;E0052;46250;C0547;1;3;41,82;41,82
V01322;2022-11-17;Tienda física;T009;E0046;28006;C0396;1;2;30,04;28,54
V01323;2022-11-15;Tienda física;T012;E0063;50297;C0260;2;3;83,32;81,46
V01324;2023-02-02;Online;ONLINE;ONLINE;;SIN_REGISTRO;1;1;30,92;29,37
V01325;2023-01-09;Online;ONLINE;ONLINE;8015;C0281;3;5;119,9;115,28
V01326;2023-06-17;Online;ONLINE;ONLINE;8015;C0046;3;4;129,27;117,05
V01327;2022-04-20;Online;ONLINE;ONLINE;28079;C0563;1;1;14,14;13,43
V01328;2023-07-06;Tienda física;T005;E0028;8015;C0706;2;4;74,78;71,04
V01329;2022-05-29;Tienda física;T008;E0041;48044;C0173;4;6;112,46;110,85
V01330;2023-05-27;Tienda física;T005;E0026;48020;C0759;3;6;116,1;104,93
V01331;2022-05-31;Tienda física;T009;E0046;28065;C0593;4;5;156,62;153,14
V01332;2022-05-30;Online;ONLINE;ONLINE;29069;C0266;2;2;37,24;33,11
V01333;2023-09-06;Tienda física;T007;E0036;46192;C0227;2;4;184,42;184,42
V01334;2023-05-30;Tienda física;T007;E0035;8019;C0099;2;2;42,02;37,55
V01335;2022-10-08;Tienda física;T012;E0064;47186;C0151;2;2;30,9;26,84
V01336;2023-10-09;Tienda física;T002;E0010;28115;SIN_REGISTRO;1;1;32,49;32,49
V01337;2022-10-26;Tienda física;T010;E0053;29067;C0037;2;3;52,77;46,64
V01338;2022-03-02;Online;ONLINE;ONLINE;46250;C0119;3;5;100,27;95,88
V01339;2022-08-04;Tienda física;T012;E0065;46192;C0715;3;6;187,23;177,35
V01340;2023-12-19;Online;ONLINE;ONLINE;41038;C0700;2;3;74,59;66,93
V01341;2022-07-03;Tienda física;T001;E0005;46192;C0195;2;2;29,36;27,18
V01342;2022-11-03;Tienda física;T010;E0053;28065;C0169;2;2;27,26;23,78
V01343;2022-01-23;Online;ONLINE;ONLINE;8019;C0454;3;8;144,62;136,78
V01344;2022-12-12;Online;ONLINE;ONLINE;48044;C0190;1;2;39,2;37,24
V01345;2022-12-23;Tienda física;T008;E0042;28074;C0389;2;4;66,71;63,38
V01346;2022-03-15;Tienda física;T001;E0005;28079;SIN_REGISTRO;1;1;20,06;18,05
V01347;2022-10-17;Online;ONLINE;ONLINE;8019;C0714;4;7;111,13;99,73
V01348;2023-12-19;Tienda física;T007;E0038;28006;C0215;1;1;12,77;11,49
V01349;2022-04-10;Online;ONLINE;ONLINE;48020;C0702;1;1;18,83;18,83
V01350;2023-08-18;Tienda física;T003;E0016;29069;C0423;1;3;57,63;57,63
V01351;2023-04-14;Tienda física;T010;E0050;29069;SIN_REGISTRO;1;2;41,58;35,34
V01352;2023-08-15;Tienda física;T008;E0041;46250;C0060;1;4;82,36;82,36
V01353;2023-12-14;Tienda física;T003;E0016;28006;C0752;2;3;59,25;57,78
V01354;2022-05-29;Tienda física;T012;E0062;41091;C0692;3;3;131,12;128,06
V01355;2022-07-20;Tienda física;T009;E0046;48044;SIN_REGISTRO;2;3;79,98;72,05
V01356;2023-01-06;Online;ONLINE;ONLINE;;SIN_REGISTRO;1;1;24,61;20,92
V01357;2023-11-26;Online;ONLINE;ONLINE;41038;C0660;2;3;34,3;33,18
V01358;2023-03-14;Tienda física;T002;E0009;28079;C0442;2;2;43,5;39,8
V01359;2022-02-27;Tienda física;T011;E0056;48020;C0579;7;11;263,1;261,33
V01360;2023-05-01;Tienda física;T005;E0025;8019;C0741;1;2;40,42;40,42
V01361;2022-05-01;Online;ONLINE;ONLINE;47186;C0653;1;1;31,02;27,92
V01362;2023-08-31;Tienda física;T008;E0042;8019;C0428;2;2;95,3;94,06
V01363;2023-10-05;Online;ONLINE;ONLINE;46250;C0547;4;5;174,77;165,38
V01364;2022-09-08;Tienda física;T001;E0004;29067;C0661;1;1;25,76;25,76
V01365;2022-09-04;Online;ONLINE;ONLINE;8019;C0414;2;2;41,27;40,51
V01366;2022-11-06;Online;ONLINE;ONLINE;8019;C0571;1;1;24,47;20,8
V01367;2023-10-31;Tienda física;T009;E0048;41091;C0464;2;2;43,12;37,78
V01368;2023-12-10;Tienda física;T012;E0065;28115;C0406;2;3;37,32;33,75
V01369;2023-04-20;Online;ONLINE;ONLINE;46192;C0200;5;8;108,09;101,82
V01370;2022-10-09;Tienda física;T001;E0002;46250;C0680;4;6;246,28;241,65
V01371;2023-01-12;Online;ONLINE;ONLINE;8019;C0386;1;3;101,4;101,4
V01372;2022-04-30;Tienda física;T008;E0044;29067;C0293;4;9;164,85;164,85
V01373;2023-05-16;Online;ONLINE;ONLINE;41038;C0107;3;4;79,16;72,35
V01374;2022-01-24;Tienda física;T003;E0014;8019;C0469;2;3;75,44;69,58
V01375;2022-10-08;Online;ONLINE;ONLINE;28065;C0413;1;1;26,7;22,7
V01376;2023-08-31;Online;ONLINE;ONLINE;41091;C0319;3;3;99,74;96,58
V01377;2023-05-11;Online;ONLINE;ONLINE;;SIN_REGISTRO;3;4;93,35;85,22
V01378;2022-11-02;Tienda física;T002;E0011;46192;C0551;2;3;76,92;69,23
V01379;2022-04-12;Online;ONLINE;ONLINE;46192;C0195;6;7;231,23;216,35
V01380;2024-01-01;Tienda física;T006;E0032;41038;C0523;1;2;25,76;23,18
V01381;2023-02-20;Tienda física;T003;E0016;28074;C0731;4;4;84,05;81,04
V01382;2023-02-08;Online;ONLINE;ONLINE;8019;C0318;4;9;214,06;196,94
V01383;2022-03-07;Tienda física;T007;E0038;46250;C0331;4;5;88,63;84,02
V01384;2022-08-01;Online;ONLINE;ONLINE;46250;C0527;1;2;36,14;30,72
V01385;2022-07-05;Tienda física;T012;E0062;28065;C0413;1;2;42,66;38,39
V01386;2022-01-06;Online;ONLINE;ONLINE;28115;C0326;3;5;123,76;120,1
V01387;2022-11-18;Tienda física;T011;E0057;46192;C0051;2;3;53,2;50,95
V01388;2022-05-12;Online;ONLINE;ONLINE;8015;C0717;4;6;111,98;104,55
V01389;2023-10-31;Tienda física;T010;E0055;29069;SIN_REGISTRO;1;4;65,96;65,96
V01390;2023-07-30;Tienda física;T011;E0057;8019;C0371;1;1;48,38;48,38
V01391;2022-03-28;Tienda física;T005;E0027;47186;C0206;4;5;98,89;97,41
V01392;2023-01-08;Online;ONLINE;ONLINE;8019;C0053;1;1;20,09;18,08
V01393;2023-03-10;Tienda física;T004;E0023;8019;SIN_REGISTRO;3;5;102,58;98,84
V01394;2022-09-12;Online;ONLINE;ONLINE;46250;C0447;2;3;56,62;54,76
V01395;2023-06-16;Tienda física;T010;E0055;41059;C0417;1;4;80,64;80,64
V01396;2022-05-24;Online;ONLINE;ONLINE;48020;C0232;8;12;302,74;292,43
V01397;2023-12-13;Online;ONLINE;ONLINE;48020;C0012;1;3;42,21;42,21
V01398;2023-09-13;Tienda física;T009;E0046;46250;C0165;4;4;73,75;71,43
V01399;2023-12-06;Tienda física;T006;E0034;48020;C0131;3;6;175,54;172,44
V01400;2022-08-31;Tienda física;T009;E0048;50297;C0689;1;1;15,94;15,94
V01401;2022-05-26;Tienda física;T012;E0062;28006;C0277;2;2;35,84;33,76
V01402;2022-05-18;Online;ONLINE;ONLINE;28115;C0199;1;1;26,36;23,72
V01403;2023-08-29;Online;ONLINE;ONLINE;8019;C0472;4;4;137,43;133,02
V01404;2022-05-12;Online;ONLINE;ONLINE;28079;C0597;3;4;70,77;66,58
V01405;2022-03-18;Online;ONLINE;ONLINE;41038;C0098;2;3;95,15;93,92
V01406;2022-09-24;Tienda física;T011;E0057;28115;C0720;1;1;21,85;20,76
V01407;2023-02-14;Tienda física;T003;E0017;41091;C0125;2;3;41,22;38,34
V01408;2022-09-18;Online;ONLINE;ONLINE;28074;C0136;4;6;105,16;98,38
V01409;2023-12-13;Tienda física;T003;E0015;29069;C0575;2;4;82,54;79,08
V01410;2022-03-14;Online;ONLINE;ONLINE;47186;C0605;1;1;37,09;31,53
V01411;2023-10-11;Online;ONLINE;ONLINE;28074;C0632;3;3;48,74;44,74
V01412;2023-01-17;Online;ONLINE;ONLINE;28074;C0457;3;4;137,59;130,3
V01413;2023-03-06;Tienda física;T001;E0003;8019;C0778;4;5;110,54;107,55
V01414;2023-03-21;Online;ONLINE;ONLINE;47186;C0156;1;2;23,1;21,95
V01415;2023-09-11;Tienda física;T007;E0037;46250;SIN_REGISTRO;1;1;12,95;12,95
V01416;2022-10-04;Tienda física;T005;E0028;28006;C0144;4;10;309,47;303,27
V01417;2023-12-02;Tienda física;T012;E0064;46192;C0507;1;1;17,22;15,5
V01418;2022-03-09;Tienda física;T001;E0001;28079;SIN_REGISTRO;2;5;65,71;65,71
V01419;2023-01-07;Tienda física;T004;E0024;28006;C0641;2;2;63,14;61,44
V01420;2022-05-30;Online;ONLINE;ONLINE;8019;C0318;1;1;26,77;26,77
V01421;2022-01-11;Online;ONLINE;ONLINE;8019;C0324;1;2;63,38;63,38
V01422;2022-08-16;Tienda física;T003;E0016;48044;C0185;3;6;197,27;187,2
V01423;2022-05-07;Tienda física;T012;E0061;28115;C0537;4;4;84,63;82,71
V01424;2023-08-26;Tienda física;T003;E0017;28079;SIN_REGISTRO;1;1;17;16,15
V01425;2023-06-26;Tienda física;T006;E0031;46192;C0520;2;2;30,66;30,66
V01426;2023-07-19;Online;ONLINE;ONLINE;8019;C0155;2;5;123,9;123,9
V01427;2022-02-19;Tienda física;T010;E0053;29069;C0705;1;4;76,92;76,92
V01428;2023-02-03;Tienda física;T006;E0030;48020;C0191;1;1;17,74;17,74
V01429;2023-11-26;Tienda física;T004;E0021;46250;C0119;1;2;25,28;22,75
V01430;2023-05-04;Tienda física;T007;E0037;46250;SIN_REGISTRO;3;4;93,76;91,92
V01431;2022-09-23;Tienda física;T001;E0002;50297;C0681;1;3;39,09;39,09
V01432;2023-11-05;Tienda física;T009;E0046;28065;C0413;1;1;18,6;18,6
V01433;2023-01-23;Tienda física;T004;E0019;41091;C0066;2;2;30,65;28,52
V01434;2022-02-24;Online;ONLINE;ONLINE;41038;C0486;1;1;11,97;10,17
V01435;2023-12-26;Online;ONLINE;ONLINE;28074;C0630;1;1;11,54;11,54
V01436;2023-12-25;Online;ONLINE;ONLINE;41059;C0610;4;7;101,27;97,19
V01437;2023-03-26;Online;ONLINE;ONLINE;47186;C0669;5;9;247,82;239,47
V01438;2023-05-30;Tienda física;T005;E0028;46250;C0115;1;3;47,91;47,91
V01439;2023-03-15;Tienda física;T007;E0035;41091;C0744;2;3;50,9;46,82
V01440;2022-11-09;Tienda física;T008;E0042;41038;C0285;2;4;58,12;54,88
V01441;2022-11-09;Tienda física;T006;E0034;46250;C0445;3;4;70,34;64,22
V01442;2022-04-03;Tienda física;T007;E0036;41059;C0721;3;5;72,49;66,64
V01443;2022-03-20;Online;ONLINE;ONLINE;46192;C0051;1;1;21,34;18,14
V01444;2022-04-06;Tienda física;T011;E0058;8019;C0335;2;3;79,52;79,52
V01445;2022-03-28;Tienda física;T012;E0065;8019;C0041;2;3;57,16;53,36
V01446;2023-07-22;Tienda física;T011;E0056;41059;C0516;1;1;11,01;10,46
V01447;2023-03-11;Tienda física;T003;E0014;28074;C0634;1;2;67,24;57,15
V01448;2023-05-07;Online;ONLINE;ONLINE;29069;C0248;2;3;55,53;52,1
V01449;2023-02-20;Tienda física;T008;E0040;41091;C0467;3;3;66,28;64,47
V01450;2022-01-08;Online;ONLINE;ONLINE;8019;C0313;1;3;61,05;51,89
V01451;2023-12-21;Online;ONLINE;ONLINE;28006;C0111;1;3;83,67;75,3
V01452;2022-09-08;Online;ONLINE;ONLINE;46192;C0715;1;1;11,39;9,68
V01453;2023-09-14;Tienda física;T005;E0026;8019;C0312;1;1;26,15;24,84
V01454;2023-11-22;Online;ONLINE;ONLINE;28006;C0373;1;1;18,5;16,65
V01455;2022-06-29;Online;ONLINE;ONLINE;28079;C0647;7;11;345,87;342,91
V01456;2022-05-17;Online;ONLINE;ONLINE;41059;C0035;4;8;192,11;188,73
V01457;2022-02-22;Tienda física;T001;E0006;29069;C0639;2;3;40,77;39,27
V01458;2023-01-24;Online;ONLINE;ONLINE;28115;C0269;2;5;107,2;102,54
V01459;2022-04-26;Online;ONLINE;ONLINE;41091;C0502;1;2;24,84;24,84
V01460;2023-07-07;Tienda física;T002;E0012;8015;C0662;2;2;32,93;31,09
V01461;2022-11-03;Tienda física;T006;E0030;8019;C0274;3;5;66,94;64,82
V01462;2022-09-29;Tienda física;T007;E0038;46250;SIN_REGISTRO;1;1;20,57;20,57
V01463;2023-10-09;Online;ONLINE;ONLINE;28079;C0452;1;1;19,13;17,22
V01464;2022-08-11;Tienda física;T009;E0047;47186;C0710;2;3;76,2;76,2
V01465;2023-04-20;Tienda física;T011;E0060;48020;C0629;1;1;22,71;20,44
V01466;2022-02-28;Online;ONLINE;ONLINE;41059;C0430;1;1;20,2;20,2
V01467;2023-09-23;Tienda física;T006;E0033;41091;SIN_REGISTRO;7;12;234,79;232,55
V01468;2022-11-02;Online;ONLINE;ONLINE;48020;C0234;3;7;145,14;145,14
V01469;2022-01-06;Tienda física;T001;E0004;28065;C0592;1;3;45,12;45,12
V01470;2023-02-16;Tienda física;T011;E0056;28079;C0242;4;4;57,44;55,53
V01471;2022-04-14;Online;ONLINE;ONLINE;28006;C0215;1;4;79,76;75,77
V01472;2022-07-22;Tienda física;T011;E0057;8019;C0335;5;8;141,13;141,13
V01473;2023-02-25;Tienda física;T005;E0025;47186;C0151;2;2;46,81;46,81
V01474;2022-01-08;Tienda física;T009;E0047;28115;C0320;1;3;64,68;64,68
V01475;2022-08-20;Online;ONLINE;ONLINE;8015;C0662;1;2;22,56;21,43
V01476;2023-01-19;Online;ONLINE;ONLINE;28074;C0514;1;3;28,5;28,5
V01477;2023-03-15;Tienda física;T011;E0057;28074;C0731;2;3;54,85;54,85
V01478;2022-04-22;Online;ONLINE;ONLINE;47186;C0635;2;2;54,98;53,29
V01479;2022-06-15;Online;ONLINE;ONLINE;41038;C0186;1;1;27,17;27,17
V01480;2023-03-21;Tienda física;T001;E0006;8019;C0155;2;4;155,41;149,89
V01481;2023-12-28;Tienda física;T010;E0053;29069;SIN_REGISTRO;1;4;83,12;83,12
V01482;2022-07-14;Tienda física;T002;E0008;41038;C0448;1;2;23,84;23,84
V01483;2022-05-17;Online;ONLINE;ONLINE;48020;C0599;5;7;161,57;150,54
V01484;2022-12-06;Tienda física;T011;E0057;28079;C0354;1;1;13,26;13,26
V01485;2023-11-14;Tienda física;T006;E0034;41038;C0171;1;1;20,17;20,17
V01486;2023-11-13;Tienda física;T004;E0021;48020;C0131;2;2;77,6;77,6
V01487;2023-03-08;Online;ONLINE;ONLINE;41091;C0001;2;2;36,7;35,9
V01488;2023-11-30;Tienda física;T005;E0027;8019;C0312;1;2;23,36;19,86
V01489;2022-11-29;Online;ONLINE;ONLINE;28079;C0008;1;1;14,67;13,94
V01490;2022-05-15;Tienda física;T011;E0060;8015;C0029;2;5;104,32;104,32
V01491;2022-01-22;Tienda física;T011;E0056;50297;C0747;1;1;33,96;33,96
V01492;2022-12-19;Tienda física;T005;E0025;41091;C0787;3;3;67,98;66,76
V01493;2023-12-02;Tienda física;T010;E0052;28115;C0241;1;1;24,84;24,84
V01494;2023-11-26;Online;ONLINE;ONLINE;48044;C0076;2;2;58,58;56,84
V01495;2023-09-04;Tienda física;T002;E0007;41091;C0682;2;5;75,4;65,86
V01496;2023-03-21;Tienda física;T011;E0056;8015;C0604;1;3;36,81;34,97
V01497;2022-10-16;Tienda física;T003;E0015;28079;C0375;4;6;93,09;90,81
V01498;2023-03-16;Tienda física;T003;E0017;29067;C0351;3;4;139,21;130,08
V01499;2023-06-08;Online;ONLINE;ONLINE;;SIN_REGISTRO;1;2;68,06;68,06
V01500;2022-10-15;Tienda física;T008;E0042;8019;C0569;1;2;38,76;38,76
V01501;2023-12-19;Tienda física;T008;E0043;46192;C0233;4;4;58,66;58,66
V01502;2022-07-23;Tienda física;T006;E0031;41091;SIN_REGISTRO;2;3;50,44;48,92
V01503;2023-12-19;Tienda física;T001;E0003;50297;C0141;6;8;137,21;134,52
V01504;2022-07-13;Online;ONLINE;ONLINE;48044;C0090;4;6;82,88;79,22
V01505;2022-08-23;Tienda física;T011;E0060;41038;C0515;1;4;117,64;117,64
V01506;2023-02-15;Tienda física;T002;E0009;28074;C0122;6;8;163,68;160,73
V01507;2022-07-16;Tienda física;T003;E0015;41059;C0059;1;1;27,42;27,42
V01508;2022-01-19;Online;ONLINE;ONLINE;29069;C0128;2;2;40,67;36,6
V01509;2022-04-04;Online;ONLINE;ONLINE;41091;C0031;2;2;36,61;36,61
V01510;2023-02-22;Tienda física;T008;E0045;41059;C0315;7;10;243,45;226,16
V01511;2023-12-18;Online;ONLINE;ONLINE;8019;C0053;1;2;58,72;49,91
V01512;2022-08-16;Online;ONLINE;ONLINE;41059;C0126;1;4;73,24;73,24
V01513;2023-05-06;Tienda física;T010;E0050;48020;C0364;4;6;192,98;192,4
V01514;2023-10-22;Tienda física;T005;E0027;8019;C0323;8;10;153,52;152,69
V01515;2022-04-23;Online;ONLINE;ONLINE;28079;C0797;1;1;10,57;10,57
V01516;2022-10-15;Online;ONLINE;ONLINE;8019;C0268;5;6;112,08;108,47
V01517;2022-09-10;Tienda física;T005;E0029;46250;C0674;2;2;44,15;42,16
V01518;2022-07-06;Tienda física;T009;E0048;8019;C0573;2;5;84,13;84,13
V01519;2022-02-23;Tienda física;T011;E0060;48020;C0364;1;1;29,47;25,05
V01520;2022-08-06;Tienda física;T001;E0002;28079;C0344;1;1;16,37;16,37
V01521;2022-10-14;Tienda física;T009;E0049;29067;C0283;3;5;242,57;230,24
V01522;2023-03-18;Tienda física;T009;E0048;48020;C0616;1;2;63,46;63,46
V01523;2023-05-19;Tienda física;T009;E0047;41038;C0486;4;4;81,15;77,47
V01524;2022-11-08;Tienda física;T010;E0054;28079;C0647;3;3;56,92;55,45
V01525;2023-11-17;Online;ONLINE;ONLINE;8019;C0298;3;8;154,57;148,59
V01526;2022-12-06;Tienda física;T003;E0016;48020;C0702;7;7;170,04;168,82
V01527;2023-08-27;Tienda física;T005;E0028;8019;SIN_REGISTRO;2;3;66,59;61,38
V01528;2022-09-01;Tienda física;T010;E0050;28006;C0665;2;4;121,8;112,16
V01529;2022-08-04;Tienda física;T005;E0028;29067;C0230;1;1;15,02;13,52
V01530;2022-03-31;Tienda física;T001;E0006;41038;C0695;1;2;27,98;27,98
V01531;2023-10-07;Tienda física;T008;E0043;8015;C0534;1;1;11,05;9,39
V01532;2022-02-12;Tienda física;T003;E0016;48044;C0172;1;1;16,47;14,82
V01533;2022-07-17;Tienda física;T012;E0065;41091;C0031;3;4;90,44;86,51
V01534;2022-04-12;Tienda física;T004;E0020;8019;C0196;1;3;55,26;55,26
V01535;2022-11-05;Tienda física;T009;E0049;48044;SIN_REGISTRO;1;3;76,89;65,36
V01536;2022-07-26;Online;ONLINE;ONLINE;47186;C0308;2;2;38,83;36,02
V01537;2022-02-14;Tienda física;T005;E0025;50297;C0367;1;2;28,36;28,36
V01538;2023-03-05;Online;ONLINE;ONLINE;28006;C0558;1;1;11,09;9,98
V01539;2023-07-28;Tienda física;T003;E0015;29067;C0217;1;3;51,57;51,57
V01540;2023-04-05;Tienda física;T009;E0046;48044;C0158;2;5;239,3;221,79
V01541;2023-03-23;Online;ONLINE;ONLINE;28006;C0157;6;6;172,6;169,24
V01542;2023-03-06;Online;ONLINE;ONLINE;28079;C0121;2;3;67,35;62,71
V01543;2022-06-20;Tienda física;T008;E0045;41091;C0734;1;1;14,73;13,26
V01544;2023-12-15;Online;ONLINE;ONLINE;28115;C0788;1;1;23,98;23,98
V01545;2022-02-16;Online;ONLINE;ONLINE;;SIN_REGISTRO;1;1;25,33;22,8
V01546;2023-12-12;Tienda física;T008;E0042;8019;C0210;2;2;37,08;37,08
V01547;2023-05-22;Online;ONLINE;ONLINE;29067;C0458;1;1;16,5;14,03
V01548;2022-06-19;Online;ONLINE;ONLINE;29069;C0393;4;5;127,68;122,27
V01549;2023-07-30;Tienda física;T010;E0051;46192;C0421;1;1;15,7;14,91
V01550;2023-09-14;Online;ONLINE;ONLINE;;SIN_REGISTRO;2;3;89,55;89,55
V01551;2022-07-08;Tienda física;T012;E0062;41059;C0565;2;2;30,21;29,37
V01552;2023-08-09;Online;ONLINE;ONLINE;28079;C0559;2;2;53;53
V01553;2023-06-10;Tienda física;T011;E0056;28079;C0380;2;4;59,41;58,55
V01554;2022-11-07;Tienda física;T009;E0047;8019;C0425;1;2;40,38;40,38
V01555;2023-12-27;Tienda física;T004;E0022;41038;C0110;4;4;146,16;142,9
V01556;2022-06-25;Tienda física;T012;E0062;28006;SIN_REGISTRO;1;1;26,77;26,77
V01557;2023-07-01;Tienda física;T003;E0016;28074;C0773;5;7;181,35;173,77
V01558;2022-02-10;Online;ONLINE;ONLINE;28115;C0794;1;2;50,34;42,79
V01559;2022-10-12;Tienda física;T003;E0016;28079;C0162;1;1;13,06;13,06
V01560;2022-02-22;Tienda física;T004;E0020;41091;C0153;7;8;156,82;148,29
V01561;2022-08-04;Online;ONLINE;ONLINE;41059;C0048;1;1;29,01;26,11
V01562;2022-01-02;Online;ONLINE;ONLINE;41091;C0692;2;5;104,83;94,6
V01563;2023-10-10;Tienda física;T004;E0021;28065;C0372;2;5;177,49;162,15
V01564;2022-11-29;Tienda física;T010;E0052;41059;C0538;5;9;181,74;179,34
V01565;2022-05-17;Online;ONLINE;ONLINE;46192;C0384;2;2;58,34;57,49
V01566;2022-11-29;Online;ONLINE;ONLINE;29067;C0769;4;4;121,59;121,59
V01567;2022-12-31;Online;ONLINE;ONLINE;;SIN_REGISTRO;10;14;334,52;315,66
V01568;2022-06-30;Online;ONLINE;ONLINE;;SIN_REGISTRO;1;1;27,33;27,33
V01569;2023-07-05;Online;ONLINE;ONLINE;41091;C0438;1;2;36,26;30,82
V01570;2023-12-06;Tienda física;T006;E0033;28074;C0038;2;2;40,02;39,1
V01571;2023-10-04;Tienda física;T010;E0051;29069;SIN_REGISTRO;7;10;166,82;160,75
V01572;2023-03-29;Tienda física;T007;E0037;28115;C0614;2;2;34,95;34,06
V01573;2022-10-03;Online;ONLINE;ONLINE;41059;C0218;1;1;36,22;36,22
V01574;2022-06-09;Online;ONLINE;ONLINE;50297;C0006;1;1;11,39;10,82
V01575;2023-03-21;Tienda física;T011;E0058;28006;C0277;1;1;20,83;20,83
V01576;2023-05-06;Online;ONLINE;ONLINE;41091;C0022;2;4;92,77;92,77
V01577;2022-07-05;Tienda física;T011;E0057;29069;C0235;1;1;42,64;40,51
V01578;2022-06-30;Online;ONLINE;ONLINE;29069;C0128;1;1;23,19;23,19
V01579;2022-07-04;Tienda física;T004;E0018;8019;C0582;1;1;17,07;14,51
V01580;2022-01-22;Tienda física;T005;E0026;29067;C0487;7;12;342,62;332,54
V01581;2022-07-01;Online;ONLINE;ONLINE;46192;C0488;4;6;141,41;137,36
V01582;2022-03-13;Online;ONLINE;ONLINE;46250;C0800;1;2;23,66;23,66
V01583;2023-03-13;Online;ONLINE;ONLINE;;SIN_REGISTRO;2;5;68,66;67,24
V01584;2023-10-23;Online;ONLINE;ONLINE;48044;C0529;1;1;15,92;15,12
V01585;2023-06-24;Tienda física;T001;E0005;48020;C0220;2;6;148,5;148,5
V01586;2023-09-10;Online;ONLINE;ONLINE;29069;C0266;1;3;94,38;94,38
V01587;2023-01-29;Online;ONLINE;ONLINE;28115;C0269;1;2;25,44;25,44
V01588;2022-01-14;Online;ONLINE;ONLINE;;SIN_REGISTRO;2;2;37,6;35,41
V01589;2022-05-16;Tienda física;T004;E0021;28079;C0543;1;1;24,72;24,72
V01590;2022-10-02;Online;ONLINE;ONLINE;;SIN_REGISTRO;2;4;112,29;102,29
V01591;2022-01-10;Online;ONLINE;ONLINE;41038;C0301;1;1;11,42;11,42
V01592;2023-12-26;Online;ONLINE;ONLINE;50297;C0689;1;2;37,86;37,86
V01593;2022-05-23;Tienda física;T003;E0017;29067;C0591;2;5;97,24;91,66
V01594;2022-06-17;Tienda física;T002;E0009;28006;C0396;4;5;106,77;103,11
V01595;2023-05-06;Online;ONLINE;ONLINE;41091;C0502;2;2;62,91;60,74
V01596;2022-02-27;Tienda física;T008;E0045;8019;C0571;3;5;88,52;83,89
V01597;2023-10-05;Tienda física;T009;E0049;28079;C0380;8;10;255,18;250,96
V01598;2022-01-22;Tienda física;T004;E0023;28006;C0288;3;8;295,24;290,2
V01599;2023-07-12;Tienda física;T012;E0063;28079;C0481;2;2;60,18;55,99
V01600;2023-06-08;Online;ONLINE;ONLINE;8019;C0667;4;6;103,86;99,62
V01601;2022-01-02;Tienda física;T001;E0006;48044;C0280;1;1;47,19;47,19
V01602;2022-08-21;Online;ONLINE;ONLINE;28006;C0215;1;2;27,42;26,05
V01603;2022-05-31;Online;ONLINE;ONLINE;;SIN_REGISTRO;1;1;18,95;18,95
V01604;2022-08-20;Tienda física;T009;E0047;29067;C0487;1;1;13,24;11,25
V01605;2023-12-05;Tienda física;T002;E0009;29069;C0420;2;2;23,5;21,51
V01606;2023-05-19;Online;ONLINE;ONLINE;50297;C0681;6;9;184,69;176,31
V01607;2022-08-18;Online;ONLINE;ONLINE;41059;C0114;1;1;28,76;28,76
V01608;2023-01-01;Online;ONLINE;ONLINE;46250;C0659;1;2;30,78;30,78
V01609;2022-05-02;Online;ONLINE;ONLINE;47186;C0244;1;2;51,14;51,14
V01610;2022-02-14;Tienda física;T012;E0065;41038;C0525;2;3;73,76;69,49
V01611;2022-07-02;Online;ONLINE;ONLINE;48020;C0505;1;1;13,89;13,2
V01612;2023-09-07;Tienda física;T010;E0051;8019;C0475;2;2;46,71;46,71
V01613;2022-06-03;Online;ONLINE;ONLINE;46192;C0733;7;9;275,26;263,57
V01614;2023-10-02;Tienda física;T005;E0029;48044;C0185;1;1;25,29;25,29
V01615;2022-04-17;Tienda física;T003;E0014;41038;C0486;3;4;103,55;103,55
V01616;2023-11-09;Tienda física;T012;E0065;41091;C0022;2;5;177,98;176,86
V01617;2023-12-30;Tienda física;T006;E0033;41091;SIN_REGISTRO;4;6;107,75;107,75
V01618;2022-06-02;Online;ONLINE;ONLINE;8019;C0123;1;2;25,94;22,05
V01619;2022-11-24;Online;ONLINE;ONLINE;41059;C0672;1;1;18,63;18,63
V01620;2023-04-03;Online;ONLINE;ONLINE;41059;C0643;1;2;36,8;31,28
V01621;2022-03-10;Online;ONLINE;ONLINE;41059;C0417;2;2;37,44;37,05
V01622;2022-10-13;Online;ONLINE;ONLINE;46250;C0133;1;3;86,52;86,52
V01623;2022-11-27;Online;ONLINE;ONLINE;8015;C0446;2;5;78,47;78,47
V01624;2023-01-30;Tienda física;T003;E0015;28006;C0197;2;3;43,73;43,73
V01625;2023-05-22;Online;ONLINE;ONLINE;41091;C0259;1;1;13,19;12,53
V01626;2023-12-12;Online;ONLINE;ONLINE;46250;C0291;1;1;21,02;19,97
V01627;2022-05-22;Tienda física;T012;E0064;41091;C0657;4;6;231,27;225,03
V01628;2023-01-28;Tienda física;T010;E0051;48044;C0737;2;5;120,56;115,67
V01629;2023-07-06;Online;ONLINE;ONLINE;8019;C0155;1;2;42,82;38,54
V01630;2023-06-30;Online;ONLINE;ONLINE;47186;C0247;2;3;70,48;63,44
V01631;2023-01-29;Online;ONLINE;ONLINE;28079;C0242;2;2;27,7;27,7
V01632;2023-06-24;Tienda física;T003;E0014;28115;C0791;2;4;147,06;140,78
V01633;2023-12-21;Online;ONLINE;ONLINE;41091;C0001;2;2;49,83;49,83
V01634;2023-01-06;Tienda física;T011;E0059;28006;C0144;2;2;25,84;25,84
V01635;2022-01-18;Online;ONLINE;ONLINE;41038;C0327;1;2;33,42;33,42
V01636;2022-05-17;Online;ONLINE;ONLINE;28115;C0269;3;4;85,37;85,37
V01637;2022-12-24;Tienda física;T011;E0058;29067;C0103;3;7;129,09;125,71
V01638;2022-10-29;Tienda física;T011;E0059;28074;C0625;2;5;147,86;140,47
V01639;2023-07-19;Online;ONLINE;ONLINE;41091;C0392;6;9;178,28;173,97
V01640;2022-08-04;Online;ONLINE;ONLINE;;SIN_REGISTRO;1;2;29,84;29,84
V01641;2022-05-22;Online;ONLINE;ONLINE;41091;C0011;1;2;30;30
V01642;2023-01-22;Online;ONLINE;ONLINE;;SIN_REGISTRO;1;1;13,49;11,47
V01643;2023-12-14;Online;ONLINE;ONLINE;8019;C0102;1;1;31,12;29,56
V01644;2022-02-25;Tienda física;T012;E0065;46250;C0735;2;2;54,15;47,78
V01645;2023-11-10;Tienda física;T011;E0058;28074;C0517;1;3;52,5;47,25
V01646;2023-05-04;Tienda física;T002;E0009;8015;C0493;4;4;87,58;85,91
V01647;2022-01-31;Online;ONLINE;ONLINE;29067;C0549;3;5;130,88;130,88
V01648;2022-05-25;Online;ONLINE;ONLINE;8019;C0335;2;3;53,72;51,74
V01649;2022-03-20;Tienda física;T006;E0031;28115;C0510;2;3;85,95;82,06
V01650;2022-06-03;Tienda física;T004;E0023;48020;C0693;4;7;233,74;219,99
V01651;2022-05-24;Tienda física;T001;E0001;46192;C0748;3;3;37,99;36,32
V01652;2023-04-27;Tienda física;T008;E0040;28006;C0063;5;6;152,53;150,19
V01653;2023-03-31;Tienda física;T010;E0051;48044;C0763;1;2;29,82;25,35
V01654;2022-10-21;Online;ONLINE;ONLINE;29067;C0351;3;3;59,78;58,42
V01655;2022-03-03;Tienda física;T011;E0057;28006;C0181;3;5;216,38;203,8
V01656;2023-09-11;Online;ONLINE;ONLINE;41059;C0315;2;3;55,76;53,86
V01657;2022-01-12;Online;ONLINE;ONLINE;50297;C0143;2;2;51,96;50,57
V01658;2023-11-28;Online;ONLINE;ONLINE;41091;C0578;1;2;26,3;24,98
V01659;2023-08-09;Tienda física;T003;E0017;28079;C0145;1;1;24,15;21,73
V01660;2023-12-28;Online;ONLINE;ONLINE;28079;C0257;2;2;44,36;44,36
V01661;2022-06-10;Online;ONLINE;ONLINE;46250;C0471;3;4;72,17;70,44
V01662;2023-06-19;Online;ONLINE;ONLINE;46192;C0733;8;10;210,02;201,23
V01663;2022-08-05;Tienda física;T002;E0008;29067;C0487;2;2;57,37;52,87
V01664;2022-08-13;Tienda física;T011;E0057;41059;C0108;9;10;209,37;207,46
V01665;2023-07-27;Online;ONLINE;ONLINE;8019;C0323;4;6;132,97;122,7
V01666;2023-12-11;Tienda física;T002;E0012;28079;C0597;1;1;16,51;15,68
V01667;2022-11-17;Tienda física;T001;E0004;47186;C0206;4;7;248,43;243,93
V01668;2023-01-25;Tienda física;T001;E0002;46250;C0674;1;1;17,67;17,67
V01669;2023-01-16;Tienda física;T002;E0009;41091;C0243;1;1;14,12;12
V01670;2022-07-19;Online;ONLINE;ONLINE;28079;C0440;1;3;119,76;119,76
V01671;2022-04-17;Tienda física;T007;E0035;28065;C0564;1;1;17,21;17,21
V01672;2023-09-10;Online;ONLINE;ONLINE;;SIN_REGISTRO;4;4;83,54;81,29
V01673;2022-09-03;Online;ONLINE;ONLINE;8019;C0714;1;1;19,22;19,22
V01674;2023-07-09;Online;ONLINE;ONLINE;50297;C0222;6;8;271,84;268,1
V01675;2022-08-05;Online;ONLINE;ONLINE;41059;C0368;2;3;69,52;62,57
V01676;2022-11-13;Online;ONLINE;ONLINE;28074;C0608;6;7;138,86;138,86
V01677;2023-10-16;Tienda física;T005;E0026;48044;C0763;2;2;50,64;50,64
V01678;2022-10-03;Tienda física;T001;E0001;29067;C0562;1;1;11,89;11,89
V01679;2023-08-01;Online;ONLINE;ONLINE;28115;C0788;2;2;64,86;63,19
V01680;2022-02-19;Online;ONLINE;ONLINE;;SIN_REGISTRO;3;4;71,61;69,69
V01681;2022-11-13;Tienda física;T006;E0030;29067;C0691;3;3;85,75;79,32
V01682;2022-10-17;Online;ONLINE;ONLINE;50297;C0152;1;1;18,85;17,91
V01683;2022-11-19;Online;ONLINE;ONLINE;8019;C0062;2;2;62,58;59,45
V01684;2022-05-13;Tienda física;T010;E0050;28074;C0753;3;5;141,99;126,78
V01685;2022-12-06;Tienda física;T008;E0045;46250;C0115;2;2;81,96;77,87
V01686;2023-05-30;Tienda física;T011;E0059;46192;C0238;3;5;104,07;99,96
V01687;2023-08-25;Tienda física;T006;E0033;8019;C0298;4;6;234,27;215,61
V01688;2023-08-24;Online;ONLINE;ONLINE;;SIN_REGISTRO;2;3;65;65
V01689;2022-06-15;Online;ONLINE;ONLINE;28074;C0634;5;7;155,02;155,02
V01690;2022-03-22;Tienda física;T012;E0062;28074;C0136;1;1;13,66;11,61
V01691;2022-08-26;Tienda física;T007;E0037;28079;C0560;3;5;141,63;139,32
V01692;2022-06-14;Online;ONLINE;ONLINE;46192;C0456;1;1;28,42;25,58
V01693;2023-04-04;Online;ONLINE;ONLINE;8019;C0016;1;1;24,17;24,17
V01694;2022-10-25;Tienda física;T007;E0038;28115;C0782;3;6;172,03;170,33
V01695;2022-02-10;Online;ONLINE;ONLINE;50297;C0079;1;1;12,83;10,91
V01696;2022-09-02;Tienda física;T012;E0063;47186;C0262;1;3;59,1;59,1
V01697;2022-06-06;Tienda física;T005;E0029;48020;C0492;1;2;40,28;36,25
V01698;2022-04-10;Tienda física;T004;E0018;8019;C0164;4;6;136,72;129,99
V01699;2022-11-13;Tienda física;T004;E0019;46192;C0733;4;4;69,11;67,34
V01700;2023-05-26;Online;ONLINE;ONLINE;29069;C0266;3;6;207,21;204,85
V01701;2022-11-18;Online;ONLINE;ONLINE;41059;C0751;1;4;101,2;101,2
V01702;2022-06-15;Tienda física;T004;E0023;50297;C0092;1;1;19,74;19,74
V01703;2023-08-14;Tienda física;T006;E0034;28006;C0181;2;2;40,45;40,45
V01704;2022-04-02;Online;ONLINE;ONLINE;48044;C0004;2;2;33,35;32,78
V01705;2023-12-29;Online;ONLINE;ONLINE;41038;C0607;3;6;97,18;92,32
V01706;2023-04-30;Tienda física;T008;E0045;28006;C0396;5;10;186,31;182,33
V01707;2023-10-28;Tienda física;T004;E0021;28115;C0500;1;1;30,42;30,42
V01708;2023-08-06;Tienda física;T001;E0005;50297;C0594;2;3;42,27;41,5
V01709;2023-01-08;Online;ONLINE;ONLINE;50297;C0567;3;3;79,01;75,39
V01710;2023-02-23;Online;ONLINE;ONLINE;29067;C0431;3;6;189,63;188,55
V01711;2023-03-28;Tienda física;T012;E0064;8019;C0479;4;7;271,02;264,97
V01712;2023-01-18;Tienda física;T008;E0042;28065;C0294;4;5;196,9;181,6
V01713;2023-06-03;Tienda física;T003;E0016;41091;C0193;1;1;21,36;20,29
V01714;2023-11-30;Online;ONLINE;ONLINE;50297;C0120;2;6;155,28;143,93
V01715;2022-09-08;Tienda física;T002;E0012;48044;C0090;1;1;38,37;32,61
V01716;2022-06-08;Tienda física;T005;E0026;48020;C0352;3;4;94,45;90,18
V01717;2023-01-20;Tienda física;T001;E0005;48020;C0160;1;1;15,36;15,36
V01718;2022-03-16;Tienda física;T009;E0047;28115;C0269;1;1;17,16;17,16
V01719;2023-04-19;Tienda física;T011;E0059;41091;C0787;2;3;70,96;66,78
V01720;2022-12-24;Online;ONLINE;ONLINE;;SIN_REGISTRO;1;1;17,22;16,36
V01721;2023-10-20;Tienda física;T002;E0011;29069;C0203;1;2;29,68;26,71
V01722;2022-04-22;Tienda física;T007;E0037;48044;C0303;1;1;14,44;14,44
V01723;2022-04-21;Online;ONLINE;ONLINE;29067;C0591;3;7;215,61;208,8
V01724;2022-07-24;Tienda física;T007;E0036;41059;C0395;2;3;36,74;35,93
V01725;2022-03-08;Tienda física;T007;E0038;41091;C0438;4;7;225,6;221,5
V01726;2023-09-11;Online;ONLINE;ONLINE;48020;C0364;1;4;78,28;74,37
V01727;2023-12-21;Tienda física;T010;E0053;8019;C0155;3;5;181,33;169,13
V01728;2022-04-28;Tienda física;T009;E0049;47186;C0655;2;3;48,52;45,99
V01729;2022-02-09;Tienda física;T001;E0002;29067;C0338;2;2;31,72;29,12
V01730;2023-04-27;Tienda física;T009;E0049;41059;C0751;2;2;49,54;48,54
V01731;2022-11-24;Tienda física;T010;E0055;29069;SIN_REGISTRO;2;3;61,97;57,93
V01732;2023-09-08;Tienda física;T009;E0049;29067;C0293;3;4;67,9;63,6
V01733;2023-01-06;Tienda física;T009;E0048;8019;C0714;3;5;99,98;95,5
V01734;2022-08-07;Online;ONLINE;ONLINE;8019;C0274;5;9;290,75;290,2
V01735;2022-01-24;Tienda física;T011;E0060;50297;SIN_REGISTRO;1;1;16,78;14,26
V01736;2022-10-04;Tienda física;T008;E0043;28074;C0328;3;3;144,86;141,65
V01737;2022-03-27;Tienda física;T003;E0017;28065;C0780;1;1;16,61;16,61
V01738;2022-10-08;Tienda física;T003;E0014;28079;SIN_REGISTRO;3;5;220,15;214,06
V01739;2022-11-02;Tienda física;T012;E0064;28079;C0026;3;6;147,43;133,72
V01740;2023-03-06;Tienda física;T006;E0030;28079;C0750;3;5;106,78;98
V01741;2023-11-17;Tienda física;T004;E0023;41091;C0699;1;4;85,12;85,12
V01742;2022-02-25;Tienda física;T012;E0064;28079;C0535;1;3;88,11;88,11
V01743;2022-12-17;Tienda física;T011;E0057;41038;C0183;1;1;18,59;18,59
V01744;2022-07-23;Online;ONLINE;ONLINE;48020;C0495;2;6;105,7;105,7
V01745;2023-05-09;Online;ONLINE;ONLINE;;SIN_REGISTRO;1;1;17,23;16,37
V01746;2023-12-15;Tienda física;T012;E0061;29069;C0209;2;4;73,08;72,07
V01747;2023-12-11;Tienda física;T008;E0042;48020;SIN_REGISTRO;2;2;26,08;24,57
V01748;2022-01-11;Tienda física;T004;E0021;50297;C0168;3;6;201,76;184,46
V01749;2022-03-21;Online;ONLINE;ONLINE;46250;C0176;3;4;113,96;100,88
V01750;2022-11-28;Online;ONLINE;ONLINE;28006;C0113;1;1;24,86;21,13
V01751;2022-01-15;Online;ONLINE;ONLINE;28079;C0242;1;1;20,23;20,23
V01752;2022-06-01;Tienda física;T005;E0025;28074;C0728;2;2;58,45;54,14
V01753;2022-04-27;Online;ONLINE;ONLINE;46192;C0382;5;6;108,29;100,66
V01754;2022-09-27;Tienda física;T002;E0010;28065;C0480;2;3;84,41;81,71
V01755;2023-04-07;Tienda física;T009;E0049;28006;C0519;2;5;138,47;138,47
V01756;2023-10-17;Tienda física;T004;E0020;48044;C0482;2;4;131,7;128,42
V01757;2022-02-07;Online;ONLINE;ONLINE;28079;C0067;1;1;13,62;13,62
V01758;2023-03-07;Tienda física;T001;E0001;41091;C0302;1;2;59,28;50,39
V01759;2023-09-08;Online;ONLINE;ONLINE;41059;C0583;1;1;13,89;13,2
V01760;2022-12-23;Tienda física;T009;E0047;28079;C0452;3;5;98,03;97,18
V01761;2023-11-27;Tienda física;T009;E0047;29067;C0549;3;4;116,52;114,43
V01762;2023-01-15;Tienda física;T001;E0001;28074;C0020;3;4;96,91;95,5
V01763;2022-11-06;Online;ONLINE;ONLINE;41059;C0112;2;2;40,67;40,67
V01764;2023-12-18;Tienda física;T009;E0049;41091;C0001;2;3;41,54;38,67
V01765;2023-02-28;Online;ONLINE;ONLINE;41091;C0193;7;9;218,34;210,97
V01766;2022-12-27;Tienda física;T004;E0022;41059;C0770;2;3;90,3;81,27
V01767;2023-06-20;Tienda física;T012;E0061;41059;C0799;6;10;199,33;194,4
V01768;2022-06-30;Online;ONLINE;ONLINE;8019;C0475;1;1;25,1;23,84
V01769;2023-01-18;Tienda física;T005;E0025;8019;C0099;2;4;58,5;58,5
V01770;2023-07-10;Tienda física;T008;E0041;41091;C0243;2;4;109,9;104,4
V01771;2022-10-19;Tienda física;T006;E0034;28006;C0215;2;3;35,16;32,24
V01772;2023-10-12;Tienda física;T012;E0062;41059;C0112;3;3;67,89;66,14
V01773;2022-03-31;Tienda física;T002;E0008;46192;C0508;7;11;208,77;199,09
V01774;2023-10-28;Tienda física;T007;E0036;48020;C0495;4;6;87,27;84,58
V01775;2022-04-17;Tienda física;T006;E0032;28006;C0157;4;6;144,27;143,44
V01776;2023-10-11;Tienda física;T008;E0040;29069;C0202;2;5;138,08;135,63
V01777;2023-11-15;Online;ONLINE;ONLINE;28115;C0307;2;2;50,1;49,14
V01778;2022-08-05;Tienda física;T001;E0003;8019;C0196;2;3;62,41;62,41
V01779;2023-07-19;Online;ONLINE;ONLINE;29069;C0541;5;8;168,21;166,18
V01780;2022-07-20;Online;ONLINE;ONLINE;28115;C0307;1;1;19,84;18,85
V01781;2022-12-26;Tienda física;T012;E0061;8019;C0741;9;12;263,17;256,55
V01782;2023-10-23;Online;ONLINE;ONLINE;28074;C0187;2;5;142,65;127,08
V01783;2022-01-08;Online;ONLINE;ONLINE;48020;C0492;2;4;94,08;94,08
V01784;2023-06-04;Tienda física;T005;E0025;50297;C0198;7;8;148,46;144,9
V01785;2023-11-06;Online;ONLINE;ONLINE;28065;C0470;2;2;51,09;47,74
V01786;2023-03-01;Tienda física;T003;E0015;48020;C0671;2;3;54,41;47,56
V01787;2022-01-05;Tienda física;T008;E0040;8019;C0323;2;3;48,09;45,68
V01788;2022-01-16;Tienda física;T006;E0031;47186;C0595;1;1;39,78;39,78
V01789;2023-01-19;Online;ONLINE;ONLINE;;SIN_REGISTRO;1;1;21,11;19
V01790;2022-12-10;Tienda física;T001;E0002;8019;C0163;2;4;59,21;56,93
V01791;2022-09-05;Online;ONLINE;ONLINE;8019;C0584;2;2;31,4;29,74
V01792;2022-07-17;Tienda física;T001;E0005;29069;C0541;1;1;21,6;19,44
V01793;2022-02-22;Tienda física;T007;E0036;46250;C0732;2;4;93,78;89,36
V01794;2022-05-12;Tienda física;T005;E0026;8019;C0210;2;3;89,74;77,7
V01795;2022-06-27;Tienda física;T011;E0060;28065;C0147;10;12;299,24;289,56
V01796;2023-06-14;Online;ONLINE;ONLINE;;SIN_REGISTRO;2;3;82,2;75,63
V01797;2022-08-25;Online;ONLINE;ONLINE;41091;C0438;1;1;14,84;14,84
V01798;2023-06-01;Tienda física;T005;E0025;50297;C0168;4;6;77,73;76,42
V01799;2023-10-05;Tienda física;T003;E0015;8019;C0719;2;2;33,62;33,62
V01800;2022-11-27;Tienda física;T001;E0004;29067;C0618;5;8;233,14;227,88
V01801;2022-04-06;Tienda física;T005;E0027;28079;C0154;1;2;22,86;22,86
V01802;2022-01-12;Online;ONLINE;ONLINE;8019;C0062;1;1;16,25;13,81
V01803;2022-01-29;Tienda física;T005;E0028;28074;C0625;2;5;117,45;105,71
V01804;2023-08-09;Tienda física;T006;E0032;46192;C0227;2;5;87,19;84,84
V01805;2022-05-14;Tienda física;T007;E0037;8019;C0714;5;10;281,44;275,99
V01806;2022-07-11;Online;ONLINE;ONLINE;46250;C0679;1;2;25,66;25,66
V01807;2022-11-01;Online;ONLINE;ONLINE;41091;C0125;6;8;180,82;173,1
V01808;2023-01-23;Tienda física;T001;E0003;48044;C0064;2;3;55,03;52,33
V01809;2022-10-09;Online;ONLINE;ONLINE;41059;C0417;2;3;74,47;71,45
V01810;2023-10-05;Online;ONLINE;ONLINE;29067;C0658;2;3;47,77;46,04
V01811;2022-04-24;Tienda física;T002;E0009;8019;C0268;2;4;81,08;77,78
V01812;2022-04-20;Online;ONLINE;ONLINE;8019;C0378;1;2;47,28;47,28
V01813;2022-09-26;Tienda física;T001;E0002;28074;C0723;3;5;137,44;133,07
V01814;2022-03-21;Online;ONLINE;ONLINE;28074;C0740;1;2;38,64;36,71
V01815;2022-08-01;Online;ONLINE;ONLINE;47186;C0572;2;3;57,28;55,4
V01816;2023-05-18;Tienda física;T007;E0037;29067;C0034;5;6;125,61;121,49
V01817;2022-03-17;Online;ONLINE;ONLINE;46250;C0081;3;4;50,48;49,3
V01818;2022-08-04;Tienda física;T008;E0040;29069;C0575;3;5;71,3;69,42
V01819;2023-01-20;Online;ONLINE;ONLINE;28079;C0597;4;5;102,76;102,76
V01820;2022-06-14;Online;ONLINE;ONLINE;46192;C0501;5;7;233,41;230,45
V01821;2022-01-11;Tienda física;T004;E0023;29069;C0209;3;5;86,43;86,43
V01822;2022-05-01;Online;ONLINE;ONLINE;28006;C0779;1;1;18,92;18,92
V01823;2023-05-11;Online;ONLINE;ONLINE;46192;C0238;4;7;123,67;119,29
V01824;2022-06-12;Online;ONLINE;ONLINE;8019;C0221;2;2;60,29;56,28
V01825;2022-05-05;Tienda física;T003;E0017;28065;C0087;3;4;53,24;53,24
V01826;2023-07-03;Tienda física;T002;E0007;28115;SIN_REGISTRO;2;4;48,16;48,16
V01827;2022-08-10;Tienda física;T010;E0051;41038;C0186;1;1;25,85;25,85
V01828;2022-08-11;Tienda física;T001;E0005;46250;C0331;2;2;57,96;53,11
V01829;2022-05-22;Tienda física;T004;E0018;46192;C0730;3;4;85,81;81,43
V01830;2023-12-10;Tienda física;T002;E0013;29067;C0034;1;1;21,4;21,4
V01831;2022-10-08;Tienda física;T012;E0062;8019;C0196;2;3;119,81;117,08
V01832;2022-04-05;Tienda física;T002;E0013;48020;C0234;1;1;14,01;14,01
V01833;2023-04-24;Tienda física;T005;E0028;41038;C0110;2;2;65,39;58,83
V01834;2023-03-23;Tienda física;T002;E0013;28079;C0116;3;3;64,69;62,94
V01835;2022-07-17;Online;ONLINE;ONLINE;47186;C0390;1;1;13,45;13,45
V01836;2022-07-22;Tienda física;T007;E0037;8019;C0479;10;15;314,15;296,27
V01837;2023-02-07;Tienda física;T005;E0027;46192;C0715;2;2;38,75;38,75
V01838;2022-06-19;Online;ONLINE;ONLINE;46192;C0007;2;3;68,5;66,71
V01839;2023-03-20;Online;ONLINE;ONLINE;41059;C0430;2;2;38,46;37,3
V01840;2023-09-03;Online;ONLINE;ONLINE;46192;C0520;3;3;62,69;57,03
V01841;2022-11-23;Online;ONLINE;ONLINE;8019;C0764;1;1;33,4;30,06
V01842;2023-09-14;Tienda física;T006;E0032;47186;C0572;4;4;66,55;64,64
V01843;2022-07-24;Online;ONLINE;ONLINE;46192;C0676;2;2;60,19;59,19
V01844;2023-01-18;Tienda física;T004;E0019;28006;C0373;4;6;113,15;106,96
V01845;2023-04-06;Tienda física;T005;E0028;8019;C0727;1;2;49,2;49,2
V01846;2023-06-08;Tienda física;T002;E0009;28065;C0166;2;2;55,51;53,74
V01847;2022-10-28;Tienda física;T003;E0016;48020;C0353;1;1;16,24;14,62
V01848;2023-02-12;Tienda física;T012;E0064;8019;C0425;1;1;14,34;14,34
V01849;2022-07-04;Tienda física;T008;E0045;48020;SIN_REGISTRO;1;1;16,12;16,12
V01850;2022-07-10;Tienda física;T001;E0004;28079;SIN_REGISTRO;4;4;139,43;138,56
V01851;2022-03-16;Tienda física;T012;E0061;28079;C0684;8;11;233,49;231,29
V01852;2023-01-16;Tienda física;T004;E0021;29069;C0622;2;2;44,26;44,26
V01853;2022-05-06;Online;ONLINE;ONLINE;41038;C0231;1;2;57,58;57,58
V01854;2023-12-06;Tienda física;T009;E0046;41091;C0302;1;1;12,4;12,4
V01855;2022-08-07;Tienda física;T008;E0042;29067;C0093;2;2;36,02;35,49
V01856;2022-08-27;Online;ONLINE;ONLINE;46192;C0508;4;4;137,97;132,75
V01857;2023-01-30;Tienda física;T010;E0054;41091;C0022;2;3;80;75,63
V01858;2023-06-24;Online;ONLINE;ONLINE;28074;C0608;2;6;95,56;95,56
V01859;2023-07-29;Online;ONLINE;ONLINE;28065;C0166;4;4;92,49;91,99
V01860;2023-08-11;Online;ONLINE;ONLINE;8019;C0631;4;6;159,53;143,83
V01861;2023-11-30;Tienda física;T010;E0054;29067;C0351;1;2;40,12;38,11
V01862;2022-11-24;Online;ONLINE;ONLINE;47186;C0094;1;1;16,18;16,18
V01863;2022-02-20;Tienda física;T002;E0007;46192;C0382;2;2;44,48;43,36
V01864;2022-02-17;Tienda física;T003;E0016;29069;C0209;2;2;40,14;39,42
V01865;2022-05-03;Online;ONLINE;ONLINE;28065;C0480;7;7;170,68;161,54
V01866;2022-06-25;Tienda física;T006;E0030;48020;C0738;5;7;210,64;200,23
V01867;2023-08-29;Tienda física;T007;E0035;47186;C0023;2;2;44,29;42,08
V01868;2023-08-14;Tienda física;T010;E0053;41059;C0672;6;8;137,17;136,17
V01869;2022-01-19;Online;ONLINE;ONLINE;;SIN_REGISTRO;1;1;30,52;25,94
V01870;2023-04-18;Online;ONLINE;ONLINE;29069;C0459;4;5;188,16;180,49
V01871;2023-02-17;Tienda física;T012;E0063;29067;C0661;2;4;104,14;104,14
V01872;2022-12-12;Online;ONLINE;ONLINE;28079;C0442;6;8;200,84;180,43
V01873;2022-03-13;Online;ONLINE;ONLINE;8015;C0725;1;1;27,03;25,68
V01874;2023-03-02;Online;ONLINE;ONLINE;28074;C0608;2;5;109,86;94,35
V01875;2022-10-09;Online;ONLINE;ONLINE;28079;C0089;2;2;53,95;50,14
V01876;2023-02-14;Tienda física;T007;E0035;50297;C0152;6;8;214,03;211,78
V01877;2023-05-21;Tienda física;T011;E0057;50297;SIN_REGISTRO;1;1;14,08;12,67
V01878;2023-02-07;Online;ONLINE;ONLINE;48020;C0451;2;3;38,7;38,7
V01879;2023-05-21;Online;ONLINE;ONLINE;41059;C0112;1;3;60,12;51,1
V01880;2023-01-18;Tienda física;T012;E0063;28115;C0775;1;1;26,73;24,06
V01881;2022-01-30;Tienda física;T001;E0003;8019;C0409;4;6;103,12;100,54
V01882;2022-01-11;Tienda física;T006;E0032;41091;SIN_REGISTRO;3;4;68,31;65,15
V01883;2022-11-27;Tienda física;T005;E0029;48020;C0495;1;2;45,98;39,08
V01884;2022-08-20;Tienda física;T012;E0063;48020;C0702;1;4;62,4;62,4
V01885;2022-07-15;Online;ONLINE;ONLINE;50297;C0407;2;6;119,3;104,93
V01886;2023-07-05;Online;ONLINE;ONLINE;46250;C0165;1;1;13,86;13,86
V01887;2022-09-23;Tienda física;T008;E0045;50297;C0334;2;2;33,66;31,4
V01888;2022-02-19;Online;ONLINE;ONLINE;29067;C0403;1;1;9,56;9,56
V01889;2022-09-28;Online;ONLINE;ONLINE;48020;C0364;2;2;44,12;44,12
V01890;2022-10-04;Tienda física;T003;E0016;28079;SIN_REGISTRO;5;6;87,65;82,65
V01891;2022-05-22;Online;ONLINE;ONLINE;8019;C0573;2;3;109,61;108,3
V01892;2022-05-03;Tienda física;T001;E0003;8019;C0070;1;1;20,41;20,41
V01893;2022-06-01;Tienda física;T004;E0023;28115;C0307;1;2;44,18;39,76
V01894;2023-10-15;Tienda física;T005;E0027;28079;C0049;2;4;73,76;70,07
V01895;2023-06-19;Online;ONLINE;ONLINE;28074;C0570;2;5;74,07;68,12
V01896;2023-08-15;Tienda física;T006;E0033;8019;C0408;1;1;31,1;29,55
V01897;2022-10-15;Online;ONLINE;ONLINE;46192;C0009;1;1;14,8;14,8
V01898;2022-08-20;Tienda física;T011;E0057;50297;SIN_REGISTRO;1;3;47,97;47,97
V01899;2022-10-31;Tienda física;T008;E0044;50297;C0776;4;5;128,51;117,56
V01900;2022-12-28;Tienda física;T010;E0051;50297;C0437;2;3;75,09;73,24
V01901;2023-11-07;Tienda física;T003;E0016;48020;C0012;2;2;49,83;46,65
V01902;2023-12-13;Tienda física;T006;E0034;47186;C0656;1;1;12,52;12,52
V01903;2023-05-22;Online;ONLINE;ONLINE;28115;C0406;1;1;14,01;14,01
V01904;2022-01-14;Online;ONLINE;ONLINE;28079;C0597;7;11;244,24;229,44
V01905;2023-04-25;Online;ONLINE;ONLINE;28074;C0570;2;6;88,98;83,6
V01906;2023-05-15;Online;ONLINE;ONLINE;28065;C0084;4;9;351,18;351,18
V01907;2022-08-02;Tienda física;T005;E0025;41059;C0315;1;1;13,37;12,03
V01908;2022-11-16;Tienda física;T010;E0050;41038;C0186;4;7;103,27;96,7
V01909;2023-11-03;Tienda física;T009;E0049;41059;C0228;1;1;18,03;18,03
V01910;2022-05-14;Online;ONLINE;ONLINE;8019;C0163;2;4;96,55;96,55
V01911;2023-01-30;Online;ONLINE;ONLINE;50297;C0120;1;1;22,29;21,18
V01912;2023-02-14;Online;ONLINE;ONLINE;;SIN_REGISTRO;3;6;122,36;114,93
V01913;2022-10-12;Online;ONLINE;ONLINE;46192;C0025;4;4;90,08;85,31
V01914;2023-12-04;Tienda física;T003;E0014;28079;SIN_REGISTRO;1;1;15,95;15,95
V01915;2022-05-31;Online;ONLINE;ONLINE;28115;C0775;3;4;112,44;109,48
V01916;2022-04-23;Online;ONLINE;ONLINE;28074;C0570;6;8;183,95;183,49
V01917;2023-04-17;Online;ONLINE;ONLINE;8019;C0221;2;2;83,91;77
V01918;2022-01-30;Tienda física;T012;E0061;41091;C0651;2;3;67,78;62,02
V01919;2022-12-27;Tienda física;T002;E0012;46250;C0135;2;3;58,7;56,93
V01920;2023-07-18;Online;ONLINE;ONLINE;28074;C0740;1;1;15,16;15,16
V01921;2023-03-18;Tienda física;T006;E0031;8019;C0062;1;1;15,95;15,95
V01922;2023-02-11;Tienda física;T010;E0050;28065;C0416;1;3;61,08;54,97
V01923;2023-06-05;Tienda física;T003;E0016;28006;C0736;1;4;61,08;61,08
V01924;2023-03-28;Tienda física;T006;E0033;41038;C0327;1;1;19,56;19,56
V01925;2022-04-11;Tienda física;T001;E0003;50297;C0152;2;5;62,49;62,49
V01926;2023-03-09;Tienda física;T008;E0041;28079;C0481;2;2;26,23;26,23
V01927;2022-07-13;Online;ONLINE;ONLINE;28079;C0002;1;1;25,82;24,53
V01928;2023-09-01;Tienda física;T006;E0031;46250;C0547;4;4;134,79;128,27
V01929;2023-06-16;Tienda física;T004;E0018;28074;C0225;3;3;84,97;82,18
V01930;2023-11-29;Online;ONLINE;ONLINE;;SIN_REGISTRO;2;6;148,89;148,89
V01931;2022-04-24;Online;ONLINE;ONLINE;28006;C0496;2;3;49,19;49,19
V01932;2022-02-24;Tienda física;T011;E0057;8019;C0174;3;5;71,42;68,63
V01933;2022-09-02;Online;ONLINE;ONLINE;28006;C0526;1;2;24,78;24,78
V01934;2022-10-10;Tienda física;T006;E0034;41038;C0448;2;2;48,22;47,09
V01935;2023-02-06;Tienda física;T010;E0052;28115;C0286;1;2;60,12;57,11
V01936;2022-08-14;Online;ONLINE;ONLINE;8015;C0284;8;9;288,84;271,73
V01937;2023-05-23;Tienda física;T004;E0024;28115;C0537;9;15;318,35;310,59
V01938;2022-07-28;Tienda física;T001;E0005;46192;C0561;1;4;54,08;54,08
V01939;2023-12-24;Tienda física;T012;E0064;28065;C0147;4;6;111,79;106,26
V01940;2022-01-04;Tienda física;T006;E0031;29067;C0097;1;2;33,9;33,9
V01941;2023-05-31;Online;ONLINE;ONLINE;41038;C0749;1;1;21,62;18,38
V01942;2022-11-09;Tienda física;T006;E0030;47186;C0645;2;3;79,38;68,68
V01943;2022-06-24;Tienda física;T005;E0027;41038;C0073;2;3;61,87;61,87
V01944;2022-06-20;Tienda física;T012;E0063;8019;C0041;1;1;28,03;28,03
V01945;2023-04-12;Online;ONLINE;ONLINE;29069;C0202;1;1;17,96;17,96
V01946;2023-11-14;Online;ONLINE;ONLINE;50297;C0334;2;4;57,55;55,78
V01947;2022-12-09;Tienda física;T001;E0002;8019;C0164;4;6;153,88;152,99
V01948;2022-09-28;Online;ONLINE;ONLINE;41091;C0531;3;4;100,34;99,25
V01949;2023-11-27;Tienda física;T011;E0059;50297;SIN_REGISTRO;2;4;85,87;85,87
V01950;2023-05-01;Tienda física;T011;E0058;48044;C0718;2;3;57,25;52,82
V01951;2023-05-16;Online;ONLINE;ONLINE;41091;C0125;1;1;16,34;16,34
V01952;2022-04-23;Online;ONLINE;ONLINE;28006;C0641;1;1;32,42;32,42
V01953;2023-08-04;Tienda física;T001;E0004;46192;C0238;3;5;135,12;122,92
V01954;2022-08-22;Tienda física;T004;E0023;46250;C0207;3;3;43,89;41,69
V01955;2022-05-31;Tienda física;T006;E0031;46192;C0551;2;2;40,18;40,18
V01956;2022-11-08;Tienda física;T008;E0041;28006;C0181;1;1;22,96;19,52
V01957;2023-04-09;Online;ONLINE;ONLINE;41038;C0518;1;1;11,23;10,67
V01958;2023-07-13;Online;ONLINE;ONLINE;28079;C0385;1;3;55,47;55,47
V01959;2022-09-17;Tienda física;T007;E0039;29067;C0691;1;1;26,5;26,5
V01960;2022-01-14;Tienda física;T003;E0014;46250;C0445;3;4;69,63;68,65
V01961;2023-12-29;Tienda física;T004;E0023;8019;SIN_REGISTRO;1;1;13,57;13,57
V01962;2022-04-26;Online;ONLINE;ONLINE;28074;C0389;2;2;37,9;37,9
V01963;2022-06-01;Tienda física;T003;E0014;28074;C0589;2;2;27,1;25,01
V01964;2023-11-07;Online;ONLINE;ONLINE;48044;C0772;1;1;15,85;15,85
V01965;2023-05-25;Tienda física;T008;E0041;41091;C0264;2;3;41;39,57
V01966;2023-08-15;Online;ONLINE;ONLINE;;SIN_REGISTRO;1;1;19,7;16,74
V01967;2023-01-04;Online;ONLINE;ONLINE;46192;C0754;1;1;15,83;15,83
V01968;2022-07-18;Online;ONLINE;ONLINE;8019;C0212;4;6;135,57;134,13
V01969;2022-10-08;Online;ONLINE;ONLINE;50297;C0437;3;6;114,84;100,48
V01970;2023-06-24;Online;ONLINE;ONLINE;28065;C0372;3;5;95,43;92,62
V01971;2023-11-27;Online;ONLINE;ONLINE;;SIN_REGISTRO;2;2;30,58;30,58
V01972;2023-02-05;Tienda física;T006;E0030;8019;C0584;1;1;21,23;19,11
V01973;2022-10-10;Online;ONLINE;ONLINE;28074;C0245;2;4;76,61;73,37
V01974;2022-02-12;Tienda física;T008;E0042;8019;C0771;2;3;43,38;39,04
V01975;2023-09-20;Tienda física;T012;E0063;8019;C0074;1;1;25,69;25,69
V01976;2023-04-11;Online;ONLINE;ONLINE;47186;C0762;1;2;41,98;37,78
V01977;2022-10-23;Online;ONLINE;ONLINE;28079;C0633;2;2;33,61;33,61
V01978;2023-05-26;Online;ONLINE;ONLINE;47186;C0095;1;1;13,13;11,16
V01979;2023-04-23;Tienda física;T011;E0059;29069;C0117;1;1;12,29;10,45
V01980;2023-06-20;Tienda física;T010;E0051;28006;C0411;2;5;131,14;131,14
V01981;2022-11-07;Tienda física;T003;E0014;41059;C0218;2;2;26,1;25,25
V01982;2022-03-08;Online;ONLINE;ONLINE;28006;C0526;4;7;137,56;133,7
V01983;2023-04-10;Tienda física;T007;E0036;46192;C0200;1;3;59,64;59,64
V01984;2022-10-17;Tienda física;T001;E0003;46192;C0733;1;1;13,46;12,11
V01985;2022-02-24;Tienda física;T008;E0045;28006;C0444;2;2;46,04;45,34
V01986;2022-01-06;Tienda física;T011;E0058;46250;C0546;3;3;141,53;137,19
V01987;2023-11-08;Tienda física;T003;E0016;41091;C0022;1;1;19,8;19,8
V01988;2022-09-15;Tienda física;T001;E0002;28115;C0305;4;9;149,05;147,89
V01989;2022-10-18;Tienda física;T010;E0052;28065;C0550;1;2;36,54;32,89
V01990;2022-03-30;Online;ONLINE;ONLINE;47186;C0572;3;4;77,48;73,77
V01991;2022-05-27;Tienda física;T005;E0026;8019;C0282;2;2;49,56;43,96
V01992;2023-03-19;Online;ONLINE;ONLINE;28006;C0526;2;2;44,54;42,4
V01993;2022-10-25;Tienda física;T002;E0007;41091;C0066;1;1;31,35;31,35
V01994;2023-04-30;Tienda física;T006;E0031;41038;C0301;2;2;44,19;44,19
V01995;2023-11-26;Online;ONLINE;ONLINE;28074;C0136;2;3;62,14;56,41
V01996;2023-03-09;Tienda física;T005;E0027;28115;C0510;2;2;23,96;23,2
V01997;2022-09-25;Online;ONLINE;ONLINE;48020;C0160;3;4;74,78;71,63
V01998;2022-06-27;Tienda física;T009;E0049;48020;C0492;2;4;74,88;70,17
V01999;2023-11-27;Tienda física;T002;E0007;50297;C0567;2;3;43,49;43,49
V02000;2023-12-01;Tienda física;T002;E0013;8015;C0717;2;5;175,83;175,83
V02001;2022-05-19;Tienda física;T004;E0022;41038;C0486;1;2;37,18;35,32
V02002;2022-11-05;Tienda física;T004;E0018;48020;C0450;8;11;277,52;272,23
V02003;2022-11-01;Online;ONLINE;ONLINE;46192;C0088;3;4;44,53;42,17
V02004;2023-07-13;Tienda física;T007;E0039;41059;C0368;2;5;67,17;67,17
V02005;2023-03-24;Tienda física;T008;E0041;8015;C0284;1;1;17,31;17,31
V02006;2023-06-24;Online;ONLINE;ONLINE;46250;C0331;1;1;27,12;25,76
V02007;2023-05-31;Tienda física;T006;E0030;41059;C0059;1;2;28,04;23,83
V02008;2023-04-25;Online;ONLINE;ONLINE;28006;C0373;1;2;34,44;34,44
V02009;2023-04-23;Tienda física;T009;E0047;48044;SIN_REGISTRO;1;1;16,78;15,94
V02010;2023-04-18;Online;ONLINE;ONLINE;47186;C0574;2;2;63,9;61,39
V02011;2023-03-08;Online;ONLINE;ONLINE;28074;C0580;1;2;33,44;33,44
V02012;2023-09-22;Tienda física;T006;E0032;28079;C0375;2;2;32,59;31,75
V02013;2023-08-18;Online;ONLINE;ONLINE;8015;C0530;1;3;41,1;36,99
V02014;2022-05-11;Online;ONLINE;ONLINE;28079;C0056;4;6;129,46;122,92
V02015;2022-02-24;Online;ONLINE;ONLINE;50297;C0017;2;3;81,55;79,18
V02016;2023-02-17;Tienda física;T009;E0049;41059;C0018;2;3;65,11;58,07
V02017;2023-04-19;Online;ONLINE;ONLINE;28074;C0424;1;1;21,29;19,16
V02018;2022-02-25;Online;ONLINE;ONLINE;48044;C0172;2;3;51,48;51,48
V02019;2022-10-04;Tienda física;T005;E0028;48020;C0132;1;1;22,64;19,24
V02020;2022-12-08;Tienda física;T008;E0042;41059;C0112;1;1;10,8;9,72
V02021;2022-10-25;Online;ONLINE;ONLINE;28074;C0630;3;4;64,06;62,17
V02022;2023-12-09;Tienda física;T010;E0051;28065;C0745;1;2;32,74;32,74
V02023;2022-05-05;Online;ONLINE;ONLINE;;SIN_REGISTRO;2;3;35,14;33,2
V02024;2023-12-20;Tienda física;T003;E0015;46250;C0757;1;2;45,96;45,96
V02025;2023-07-30;Tienda física;T003;E0015;28079;SIN_REGISTRO;2;2;27,22;24,92
V02026;2022-05-20;Online;ONLINE;ONLINE;48044;C0314;1;2;68,62;68,62
V02027;2022-11-05;Online;ONLINE;ONLINE;41091;C0685;4;8;137,85;128,72
V02028;2022-01-07;Tienda física;T003;E0017;28006;C0688;1;1;18,97;18,02
V02029;2022-04-28;Tienda física;T011;E0060;46192;C0200;1;4;54,92;54,92
V02030;2022-06-06;Online;ONLINE;ONLINE;50297;C0213;2;2;28,01;26,64
V02031;2023-06-17;Tienda física;T004;E0021;8019;SIN_REGISTRO;2;2;34,15;34,15
V02032;2022-07-29;Tienda física;T007;E0037;8019;C0070;4;8;133,63;131,06
V02033;2022-01-26;Online;ONLINE;ONLINE;28006;C0113;2;5;106,93;102,52
V02034;2023-02-05;Tienda física;T005;E0028;8019;C0016;1;3;58,17;58,17
V02035;2022-11-04;Tienda física;T012;E0062;28115;C0326;2;3;44,06;42,54
V02036;2022-07-08;Online;ONLINE;ONLINE;8019;C0768;1;1;33,15;33,15
V02037;2023-09-20;Online;ONLINE;ONLINE;28074;C0728;4;5;115,95;107,6
V02038;2023-11-05;Tienda física;T010;E0053;41059;C0014;1;3;60,78;54,7
V02039;2023-03-19;Tienda física;T006;E0031;28115;C0614;2;2;51,6;49,76
V02040;2022-07-09;Tienda física;T006;E0032;46250;C0150;1;1;11,45;11,45
V02041;2022-06-24;Online;ONLINE;ONLINE;8015;C0418;1;2;25,16;22,64
V02042;2023-05-03;Tienda física;T003;E0014;8015;C0284;1;1;17,47;16,6
V02043;2022-10-24;Tienda física;T012;E0062;28006;C0606;3;3;36,12;34,16
V02044;2023-08-26;Tienda física;T003;E0016;8019;C0428;2;4;73,83;72,89
V02045;2023-11-15;Online;ONLINE;ONLINE;41038;C0660;1;1;20,21;20,21
V02046;2023-01-31;Tienda física;T002;E0010;41059;C0721;3;3;82,12;80,15
V02047;2023-04-21;Tienda física;T006;E0031;41091;SIN_REGISTRO;2;3;50,76;49,22
V02048;2022-06-01;Tienda física;T005;E0025;41059;C0072;2;5;84,99;84,99
V02049;2023-04-14;Tienda física;T007;E0039;29067;C0129;3;6;75,24;75,24
V02050;2022-01-12;Online;ONLINE;ONLINE;28074;C0052;6;10;232,24;226,48
V02051;2022-02-04;Online;ONLINE;ONLINE;28074;C0608;7;9;144,24;134,74
V02052;2022-02-13;Tienda física;T006;E0030;29069;C0639;2;2;61,76;61,76
V02053;2023-04-25;Online;ONLINE;ONLINE;28079;C0086;3;5;93,02;87,27
V02054;2022-10-11;Tienda física;T006;E0031;48020;C0602;3;5;128,55;128,55
V02055;2023-01-02;Online;ONLINE;ONLINE;47186;C0388;6;6;114;110,57
V02056;2022-12-24;Online;ONLINE;ONLINE;29069;C0613;1;2;34,52;29,34
V02057;2023-06-10;Tienda física;T003;E0014;28079;SIN_REGISTRO;2;4;95,75;95,75
V02058;2023-11-03;Online;ONLINE;ONLINE;28115;C0712;4;7;221,8;221,8
V02059;2023-11-03;Tienda física;T007;E0036;46192;C0676;3;9;142,76;129,07
V02060;2023-04-16;Online;ONLINE;ONLINE;29067;C0623;1;2;43,76;37,2
V02061;2022-10-13;Tienda física;T001;E0003;41091;C0438;7;7;157,05;150,28
V02062;2023-02-08;Tienda física;T002;E0013;46250;C0527;1;2;46,5;46,5
V02063;2023-01-21;Tienda física;T009;E0049;41038;C0186;2;3;63,11;57,9
V02064;2023-08-13;Online;ONLINE;ONLINE;8019;C0719;2;4;76,22;70,75
V02065;2022-05-13;Tienda física;T006;E0030;48020;C0759;1;1;17,51;14,88
V02066;2023-08-26;Tienda física;T001;E0001;41038;C0660;1;1;9,21;8,29
V02067;2023-08-22;Online;ONLINE;ONLINE;28006;C0532;1;2;52,84;47,56
V02068;2022-03-11;Tienda física;T001;E0001;8015;C0309;1;2;52,42;52,42
V02069;2022-06-12;Tienda física;T002;E0008;8019;C0074;1;1;22,32;22,32
V02070;2023-11-13;Tienda física;T004;E0018;28074;C0122;3;4;101,06;98,87
V02071;2023-11-27;Online;ONLINE;ONLINE;;SIN_REGISTRO;2;3;60,6;58,71
V02072;2022-08-26;Tienda física;T006;E0031;41091;C0031;3;3;46,96;44,27
V02073;2022-04-18;Tienda física;T007;E0035;47186;C0542;2;2;32,1;32,1
V02074;2023-03-07;Tienda física;T012;E0061;41059;C0048;2;2;59,54;59,54
V02075;2023-09-19;Tienda física;T008;E0040;28079;C0686;1;2;43,2;43,2
V02076;2022-02-08;Tienda física;T003;E0014;47186;C0156;1;2;28,32;24,07
V02077;2023-03-29;Online;ONLINE;ONLINE;;SIN_REGISTRO;2;3;65,29;63,77
V02078;2022-06-28;Tienda física;T009;E0046;28006;C0277;1;2;20,08;20,08
V02079;2023-12-17;Online;ONLINE;ONLINE;8019;C0391;1;1;14,07;13,37
V02080;2022-05-17;Tienda física;T003;E0014;41038;C0073;1;1;9,14;7,77
V02081;2022-07-20;Tienda física;T011;E0058;28065;C0294;1;3;46,71;46,71
V02082;2023-03-25;Tienda física;T010;E0052;8019;C0371;2;3;61,7;54,55
V02083;2022-08-19;Tienda física;T009;E0048;48044;SIN_REGISTRO;1;3;40,59;40,59
V02084;2023-03-21;Online;ONLINE;ONLINE;28115;C0477;2;2;59,32;55,4
V02085;2022-03-30;Tienda física;T012;E0062;29069;C0399;1;1;17,02;15,32
V02086;2023-10-07;Online;ONLINE;ONLINE;48020;C0693;1;1;13,44;11,42
V02087;2022-07-28;Tienda física;T008;E0043;48020;SIN_REGISTRO;2;2;27,08;27,08
V02088;2022-01-06;Online;ONLINE;ONLINE;47186;C0483;1;1;16,07;16,07
V02089;2023-08-05;Tienda física;T011;E0059;50297;SIN_REGISTRO;2;3;75,69;68,12
V02090;2022-12-15;Tienda física;T009;E0046;48044;SIN_REGISTRO;1;2;49;49
V02091;2022-07-14;Tienda física;T002;E0010;41038;C0700;1;1;14,42;14,42
V02092;2023-05-28;Online;ONLINE;ONLINE;8019;C0696;3;7;121,2;121,2
V02093;2023-09-26;Online;ONLINE;ONLINE;28079;C0684;4;5;109,77;101,3
V02094;2022-03-10;Online;ONLINE;ONLINE;28079;C0404;1;1;9,04;8,59
V02095;2023-10-03;Tienda física;T006;E0031;29069;C0209;4;4;84,17;81,78
V02096;2023-08-06;Tienda física;T002;E0010;48044;C0568;2;2;44,49;44,49
V02097;2023-06-14;Online;ONLINE;ONLINE;;SIN_REGISTRO;5;7;136,63;135,6
V02098;2022-05-01;Online;ONLINE;ONLINE;;SIN_REGISTRO;2;2;23,17;22,6
V02099;2022-02-22;Tienda física;T009;E0047;46250;C0115;2;3;61,93;55,74
V02100;2022-01-24;Online;ONLINE;ONLINE;48044;C0482;1;2;33,18;33,18
V02101;2022-09-15;Tienda física;T006;E0034;48044;C0737;2;2;53,64;52,98
V02102;2022-03-11;Online;ONLINE;ONLINE;8019;C0790;1;2;47,9;47,9
V02103;2022-03-18;Online;ONLINE;ONLINE;8019;C0573;2;2;67,73;63,43
V02104;2023-06-15;Tienda física;T006;E0033;8015;C0668;1;3;106,26;95,63
V02105;2023-02-13;Tienda física;T011;E0058;41091;C0744;1;1;14,8;13,32
V02106;2023-07-14;Tienda física;T008;E0040;48044;C0792;1;2;37;31,45
V02107;2023-08-20;Tienda física;T011;E0058;48044;C0226;2;5;204,05;187,67
V02108;2023-10-31;Tienda física;T005;E0026;8019;C0212;2;2;57,22;57,22
V02109;2022-12-13;Tienda física;T010;E0055;8019;C0189;6;11;253,02;238,65
V02110;2022-07-25;Tienda física;T011;E0058;50297;SIN_REGISTRO;3;3;73,39;71,85
V02111;2022-05-23;Tienda física;T011;E0058;46250;C0547;1;1;19,53;19,53
V02112;2023-11-11;Tienda física;T004;E0022;8019;C0631;1;3;59,22;59,22
V02113;2023-05-21;Tienda física;T010;E0050;28074;C0100;1;3;53,31;53,31
V02114;2022-12-21;Tienda física;T008;E0045;29069;C0648;2;4;39,96;39,96
V02115;2023-09-05;Tienda física;T003;E0015;8019;C0696;2;3;84,97;76,13
V02116;2023-07-19;Tienda física;T007;E0036;50297;C0120;2;3;37,22;36,53
V02117;2022-10-05;Online;ONLINE;ONLINE;46250;C0176;3;4;76,84;68,58
V02118;2022-04-17;Tienda física;T004;E0018;8019;C0667;2;4;115,75;110,65
V02119;2023-06-04;Tienda física;T010;E0054;47186;C0635;4;7;84,29;83,81
V02120;2023-03-18;Tienda física;T011;E0060;48020;C0759;1;2;22,64;21,51
V02121;2022-08-22;Tienda física;T005;E0027;47186;C0687;2;3;167,68;167,68
V02122;2022-01-27;Tienda física;T007;E0036;28079;C0082;1;2;25,36;25,36
V02123;2023-11-30;Tienda física;T009;E0049;28115;C0345;2;4;114,48;106,02
V02124;2023-07-20;Online;ONLINE;ONLINE;41059;C0395;1;1;16,9;16,05
V02125;2023-02-01;Tienda física;T004;E0018;28079;C0684;1;2;23,88;22,69
V02126;2023-03-17;Online;ONLINE;ONLINE;29067;C0487;1;1;18,29;15,55
V02127;2023-07-17;Tienda física;T010;E0052;48020;C0652;1;1;26,37;26,37
V02128;2023-03-25;Tienda física;T010;E0054;29067;C0293;3;3;60,81;60,81
V02129;2022-12-27;Tienda física;T006;E0033;29067;C0620;1;1;19,28;19,28
V02130;2023-03-24;Tienda física;T002;E0012;46192;C0507;2;2;41,25;41,25
V02131;2022-08-26;Tienda física;T005;E0026;48020;C0671;2;4;167,82;167,82
V02132;2022-08-21;Tienda física;T008;E0040;28006;C0256;2;2;49,94;48,58
V02133;2022-01-16;Online;ONLINE;ONLINE;;SIN_REGISTRO;2;4;92,35;81,43
V02134;2022-02-28;Tienda física;T001;E0001;48044;C0412;3;5;70,49;69,47
V02135;2022-05-10;Tienda física;T010;E0051;28074;C0517;1;1;12,2;11,59
V02136;2022-10-17;Tienda física;T010;E0053;41091;C0734;2;4;94,05;93,34
V02137;2022-12-25;Tienda física;T008;E0040;8019;C0163;1;2;42,66;38,39
V02138;2022-10-27;Tienda física;T012;E0062;8015;C0337;8;9;200,98;194,69
V02139;2023-05-06;Online;ONLINE;ONLINE;41059;C0565;1;1;27,65;23,5
V02140;2023-11-04;Online;ONLINE;ONLINE;;SIN_REGISTRO;2;3;48,68;48,68
V02141;2022-09-14;Online;ONLINE;ONLINE;47186;C0743;1;1;20,43;18,39
V02142;2023-05-22;Tienda física;T005;E0026;28079;C0145;1;3;60,87;51,74
V02143;2022-08-14;Online;ONLINE;ONLINE;;SIN_REGISTRO;4;7;162,01;160,3
V02144;2023-01-11;Tienda física;T006;E0031;41091;SIN_REGISTRO;2;2;31,59;29,9
V02145;2023-11-01;Online;ONLINE;ONLINE;48020;C0234;2;4;47,7;46,86
V02146;2022-11-23;Online;ONLINE;ONLINE;41059;C0770;5;6;154,7;142,95
V02147;2022-02-25;Tienda física;T007;E0036;47186;C0262;3;3;103,88;95,32
V02148;2023-12-24;Online;ONLINE;ONLINE;8019;C0178;6;9;229,22;217,45
V02149;2022-10-14;Online;ONLINE;ONLINE;48020;C0513;1;1;14,22;14,22
V02150;2022-05-21;Tienda física;T001;E0006;28006;C0752;1;2;24,22;21,8
V02151;2022-11-09;Tienda física;T005;E0028;41059;C0516;2;4;71,43;69,25
V02152;2022-05-06;Tienda física;T008;E0040;29067;C0562;3;4;67,7;66,72
V02153;2022-02-06;Online;ONLINE;ONLINE;41059;C0395;1;1;29,14;29,14
V02154;2023-10-28;Tienda física;T005;E0029;46192;C0433;1;2;28,26;26,85
V02155;2022-01-22;Online;ONLINE;ONLINE;28115;C0320;1;2;47,8;45,41
V02156;2022-10-04;Tienda física;T011;E0058;8019;C0475;2;4;182,95;180,25
V02157;2022-11-04;Tienda física;T009;E0046;46192;C0252;1;1;15,26;15,26
V02158;2022-10-13;Online;ONLINE;ONLINE;;SIN_REGISTRO;5;7;138,99;130,73
V02159;2023-05-23;Tienda física;T004;E0024;29067;C0658;1;4;109,64;109,64
V02160;2023-01-29;Online;ONLINE;ONLINE;48044;C0190;4;5;102,33;98,26
V02161;2022-08-18;Online;ONLINE;ONLINE;28006;C0111;2;3;65,68;62,28
V02162;2022-07-08;Online;ONLINE;ONLINE;47186;C0292;4;8;249,74;232,69
V02163;2023-06-30;Online;ONLINE;ONLINE;48020;C0513;3;4;156,15;150,59
V02164;2022-02-02;Tienda física;T009;E0047;28079;C0184;4;4;100,5;98,32
V02165;2022-01-27;Tienda física;T005;E0026;41038;C0327;1;2;26,42;23,78
V02166;2022-09-26;Online;ONLINE;ONLINE;48044;C0226;1;1;33,82;30,44
V02167;2022-01-29;Online;ONLINE;ONLINE;50297;C0270;1;3;33,99;33,99
V02168;2023-03-14;Online;ONLINE;ONLINE;41059;C0417;7;13;314,86;304,16
V02169;2022-04-22;Online;ONLINE;ONLINE;28006;C0526;3;3;67,65;66,14
V02170;2023-11-26;Tienda física;T010;E0054;41059;C0114;2;3;45,92;45,92
V02171;2023-03-11;Online;ONLINE;ONLINE;;SIN_REGISTRO;1;1;19,96;17,96
V02172;2022-06-16;Tienda física;T009;E0046;48020;C0702;2;3;40,48;39,94
V02173;2022-09-01;Online;ONLINE;ONLINE;29069;C0209;3;3;54,74;52,89
V02174;2022-10-15;Tienda física;T001;E0006;47186;C0645;1;1;21,07;17,91
V02175;2022-03-29;Tienda física;T012;E0065;47186;C0095;2;2;25,83;25,83
V02176;2022-12-12;Tienda física;T011;E0059;41038;C0110;2;5;94,02;86,29
V02177;2022-02-09;Tienda física;T005;E0029;48020;C0629;2;3;72,67;65,41
V02178;2023-01-06;Tienda física;T010;E0053;29069;SIN_REGISTRO;1;1;27,75;27,75
V02179;2023-10-31;Tienda física;T012;E0065;28006;C0181;2;2;52,67;49,76
V02180;2022-05-08;Online;ONLINE;ONLINE;46192;C0051;2;2;29,87;29,07
V02181;2022-09-28;Tienda física;T011;E0058;28079;C0404;1;2;28,56;28,56
V02182;2023-04-19;Online;ONLINE;ONLINE;28074;C0580;1;1;23,25;23,25
V02183;2022-01-10;Online;ONLINE;ONLINE;41091;C0193;5;7;127,45;126,11
V02184;2023-01-03;Online;ONLINE;ONLINE;46192;C0462;3;3;58,84;57,09
V02185;2023-02-23;Online;ONLINE;ONLINE;28079;C0722;4;6;134,02;134,02
V02186;2022-10-11;Tienda física;T009;E0048;50297;C0092;2;2;49,84;46,19
V02187;2022-03-07;Online;ONLINE;ONLINE;41091;C0774;1;1;14,24;13,53
V02188;2022-09-22;Tienda física;T010;E0054;48044;C0552;1;1;30,25;30,25
V02189;2023-05-22;Online;ONLINE;ONLINE;29067;C0037;4;7;89,54;87,25
V02190;2023-10-08;Tienda física;T006;E0033;8019;C0696;3;4;77,96;77,96
V02191;2023-09-25;Tienda física;T005;E0026;28006;C0444;1;1;15,48;13,16
V02192;2022-08-27;Tienda física;T005;E0029;29069;C0182;3;4;123,75;118,04
V02193;2022-07-08;Tienda física;T002;E0013;48044;C0765;3;4;59,46;55,79
V02194;2023-08-17;Online;ONLINE;ONLINE;;SIN_REGISTRO;3;4;109,98;105,27
V02195;2023-07-21;Tienda física;T010;E0055;48020;C0702;2;4;125,99;124,21
V02196;2022-03-04;Tienda física;T001;E0004;46192;C0088;2;2;28,24;25,58
V02197;2022-09-21;Tienda física;T001;E0005;48020;C0343;1;2;51,2;51,2
V02198;2023-07-08;Online;ONLINE;ONLINE;46192;C0507;2;4;43,53;38,13
V02199;2023-09-07;Tienda física;T012;E0063;48044;C0763;2;2;60,38;58,46
V02200;2022-04-22;Tienda física;T009;E0049;28079;C0404;1;1;19,24;19,24
V02201;2022-04-26;Online;ONLINE;ONLINE;46250;C0679;2;3;58,42;55,74
V02202;2022-08-31;Tienda física;T004;E0024;8019;C0313;2;3;48,11;47,31
V02203;2023-08-08;Tienda física;T010;E0051;28006;C0373;7;10;188,29;187,86
V02204;2022-03-15;Tienda física;T005;E0029;28079;C0544;4;6;86,21;78,69
V02205;2022-10-17;Online;ONLINE;ONLINE;47186;C0653;1;1;24,6;24,6
V02206;2022-12-01;Online;ONLINE;ONLINE;48020;C0362;2;2;41,7;39,88
V02207;2022-12-10;Tienda física;T008;E0044;48020;SIN_REGISTRO;2;4;108,16;105,57
V02208;2023-04-27;Online;ONLINE;ONLINE;;SIN_REGISTRO;2;4;108,03;108,03
V02209;2022-06-14;Online;ONLINE;ONLINE;41038;C0700;7;9;211,18;210,05
V02210;2022-10-25;Online;ONLINE;ONLINE;48044;C0603;2;2;37,62;37,62
V02211;2022-04-19;Tienda física;T010;E0050;46250;C0732;2;2;52,37;48,97
V02212;2022-11-17;Online;ONLINE;ONLINE;46250;C0150;2;2;31,04;29,69
V02213;2022-08-09;Tienda física;T006;E0031;8019;C0148;2;2;47,98;45,58
V02214;2023-11-04;Tienda física;T010;E0050;8015;C0309;7;11;232,18;223,39
V02215;2023-01-26;Online;ONLINE;ONLINE;50297;C0080;3;3;82,16;75,93
V02216;2022-03-21;Online;ONLINE;ONLINE;28079;C0354;1;2;43,92;43,92
V02217;2023-07-06;Online;ONLINE;ONLINE;29067;C0708;3;4;77,82;75,51
V02218;2023-06-25;Tienda física;T010;E0055;29069;C0024;2;3;100,8;97,98
V02219;2023-11-07;Tienda física;T008;E0040;41038;C0186;2;2;52,77;47,49
V02220;2022-11-21;Tienda física;T004;E0019;8019;SIN_REGISTRO;4;6;166,13;160,36
V02221;2023-08-13;Online;ONLINE;ONLINE;28079;C0742;1;2;38,8;38,8
V02222;2022-12-03;Online;ONLINE;ONLINE;41038;C0237;3;7;124,76;120,62
V02223;2022-08-25;Tienda física;T004;E0022;41038;C0638;2;5;95,59;89,45
V02224;2022-04-29;Tienda física;T008;E0041;29069;C0648;2;2;30,39;27,26
V02225;2023-04-01;Online;ONLINE;ONLINE;8019;C0778;2;3;60,73;53,64
V02226;2023-01-06;Online;ONLINE;ONLINE;48044;C0552;1;2;31,04;31,04
V02227;2023-07-28;Tienda física;T008;E0044;28079;C0597;3;5;73,22;70,64
V02228;2023-01-06;Tienda física;T006;E0031;41091;SIN_REGISTRO;1;1;17,62;14,98
V02229;2023-09-12;Online;ONLINE;ONLINE;;SIN_REGISTRO;4;6;120,57;120,06
V02230;2023-03-05;Tienda física;T010;E0054;8015;C0717;1;1;14,49;14,49
V02231;2023-07-05;Tienda física;T010;E0054;48044;C0636;2;3;148,4;148,4
V02232;2023-11-22;Online;ONLINE;ONLINE;41059;C0576;1;1;14,72;13,25
V02233;2023-09-13;Online;ONLINE;ONLINE;28115;C0269;1;1;20,52;20,52
V02234;2022-12-16;Tienda física;T005;E0028;28079;C0481;1;1;12,15;12,15
V02235;2022-03-25;Tienda física;T004;E0024;8015;C0418;3;5;145,98;145,12
V02236;2023-06-02;Tienda física;T001;E0006;8015;C0287;2;2;48,31;48,31
V02237;2023-10-10;Online;ONLINE;ONLINE;41038;C0466;2;2;28,39;28,39
V02238;2023-04-10;Online;ONLINE;ONLINE;28074;C0517;1;1;11,03;11,03
V02239;2022-05-04;Online;ONLINE;ONLINE;41091;C0467;2;4;165,58;157,3
V02240;2023-07-22;Tienda física;T010;E0052;47186;C0388;2;3;95,84;93,03
V02241;2022-04-14;Online;ONLINE;ONLINE;46192;C0561;2;5;93,76;90,58
V02242;2023-03-18;Tienda física;T006;E0030;41038;C0044;2;2;38,6;38,6
V02243;2022-03-16;Tienda física;T012;E0063;8019;C0378;1;2;70,8;70,8
V02244;2023-03-09;Tienda física;T005;E0028;28074;C0697;2;2;47,74;45,85
V02245;2023-02-16;Online;ONLINE;ONLINE;29067;C0785;1;1;18,6;15,81
V02246;2023-12-31;Tienda física;T011;E0057;41091;C0489;2;2;39,1;37,66
V02247;2022-12-11;Online;ONLINE;ONLINE;;SIN_REGISTRO;3;8;134,69;134,69
V02248;2022-02-16;Tienda física;T003;E0016;28115;C0675;1;1;19,04;19,04
V02249;2023-04-05;Tienda física;T004;E0022;8019;C0667;3;6;97,91;96,47
V02250;2023-03-23;Online;ONLINE;ONLINE;41038;C0359;2;3;58,51;58,51
V02251;2023-12-18;Tienda física;T008;E0040;28006;C0256;1;2;30,78;30,78
V02252;2023-08-27;Tienda física;T007;E0035;28079;C0544;1;2;43,42;39,08
V02253;2022-06-05;Tienda física;T009;E0047;8019;C0473;2;2;25,68;25,68
V02254;2023-11-22;Tienda física;T008;E0044;28079;C0008;2;3;79,4;75,23
V02255;2023-01-24;Tienda física;T012;E0063;41038;C0301;2;4;155,49;155,49
V02256;2022-06-30;Tienda física;T009;E0048;8019;C0739;2;3;72,57;69
V02257;2022-04-10;Tienda física;T009;E0047;41038;C0183;4;7;158,13;158,13
V02258;2023-05-21;Tienda física;T005;E0026;28079;C0722;1;1;12,54;12,54
V02259;2023-08-01;Online;ONLINE;ONLINE;8015;C0284;1;1;9,48;8,53
V02260;2022-10-20;Online;ONLINE;ONLINE;28074;C0361;7;14;270,79;265,61
V02261;2022-11-23;Online;ONLINE;ONLINE;48044;C0490;3;4;75,59;71,42
V02262;2022-02-12;Tienda física;T012;E0064;46192;C0421;1;1;14,23;12,1
V02263;2023-03-17;Online;ONLINE;ONLINE;8019;C0646;1;1;33,74;30,37
V02264;2023-08-12;Tienda física;T006;E0032;41091;SIN_REGISTRO;1;1;16,66;14,99
V02265;2022-04-12;Online;ONLINE;ONLINE;50297;C0152;3;4;121,8;121,8
V02266;2022-06-19;Online;ONLINE;ONLINE;48044;C0314;5;10;399,8;379,43
V02267;2022-10-08;Tienda física;T001;E0005;29069;C0553;4;6;209,08;205,18
V02268;2022-08-18;Tienda física;T012;E0064;8019;C0408;1;2;24,52;24,52
V02269;2022-09-23;Tienda física;T008;E0041;8019;C0386;2;2;49,72;47,87
V02270;2022-08-26;Tienda física;T010;E0052;8019;C0454;2;2;41,08;37,56
V02271;2022-05-25;Online;ONLINE;ONLINE;28079;C0056;1;2;43,24;43,24
V02272;2023-07-20;Online;ONLINE;ONLINE;41091;C0317;1;2;32,06;28,85
V02273;2022-01-29;Tienda física;T006;E0032;41091;SIN_REGISTRO;4;6;113,16;108,34
V02274;2023-07-07;Tienda física;T002;E0012;28115;C0614;1;2;28,14;25,33
V02275;2022-01-07;Online;ONLINE;ONLINE;46250;C0133;3;3;71,9;71,29
V02276;2023-01-14;Online;ONLINE;ONLINE;50297;C0152;6;6;141,97;136,69
V02277;2023-08-08;Online;ONLINE;ONLINE;;SIN_REGISTRO;2;2;39,43;36,8
V02278;2023-06-18;Tienda física;T008;E0041;28074;C0512;4;5;114,61;114,61
V02279;2022-10-30;Online;ONLINE;ONLINE;28065;C0564;4;5;98,29;94,99
V02280;2023-04-01;Tienda física;T010;E0051;41091;C0651;2;2;22,4;20,8
V02281;2022-09-27;Tienda física;T011;E0058;8019;C0211;4;6;127,8;126,51
V02282;2022-10-13;Online;ONLINE;ONLINE;8015;C0397;1;2;37,96;32,27
V02283;2022-12-29;Tienda física;T008;E0042;28079;C0485;2;2;50,09;48,64
V02284;2022-03-18;Online;ONLINE;ONLINE;28065;C0470;1;1;21,95;21,95
V02285;2023-06-04;Tienda física;T002;E0008;50297;C0330;4;5;139,47;139,47
V02286;2023-04-10;Tienda física;T012;E0065;28065;C0780;3;5;75,22;69,31
V02287;2023-12-25;Online;ONLINE;ONLINE;;SIN_REGISTRO;4;6;116,05;107,68
V02288;2022-02-09;Online;ONLINE;ONLINE;8019;C0428;4;5;131,96;129,69
V02289;2023-12-24;Tienda física;T004;E0022;28079;C0385;2;2;67,62;65,29
V02290;2022-07-14;Tienda física;T011;E0060;28079;C0057;1;2;42,54;38,29
V02291;2023-10-12;Tienda física;T011;E0056;41059;C0643;2;3;58,2;52,77
V02292;2022-09-09;Online;ONLINE;ONLINE;28074;C0753;1;1;18,83;18,83
V02293;2022-08-14;Online;ONLINE;ONLINE;;SIN_REGISTRO;2;2;30,65;28,85
V02294;2022-09-29;Online;ONLINE;ONLINE;;SIN_REGISTRO;1;1;17,1;16,25
V02295;2023-05-12;Online;ONLINE;ONLINE;41038;C0598;6;9;194,76;188,95
V02296;2022-10-17;Tienda física;T007;E0038;46192;C0233;5;6;113,73;109,88
V02297;2023-10-13;Tienda física;T009;E0047;50297;C0222;3;5;143,71;142,29
V02298;2022-01-04;Tienda física;T012;E0064;41091;C0317;4;4;109,08;104,15
V02299;2023-05-18;Tienda física;T010;E0052;50297;C0711;2;4;59,51;53,56
V02300;2023-12-29;Tienda física;T008;E0045;46192;C0051;2;4;102,75;102,75
V02301;2023-03-05;Tienda física;T011;E0058;28115;C0477;2;4;87,92;79,08
V02302;2023-09-21;Tienda física;T006;E0033;50297;C0006;2;3;56,13;55,58
V02303;2023-10-16;Tienda física;T011;E0057;50297;SIN_REGISTRO;2;2;89,12;84,05
V02304;2023-06-28;Online;ONLINE;ONLINE;46192;C0462;2;3;64,47;59,65
V02305;2022-11-04;Online;ONLINE;ONLINE;41091;C0506;1;4;155,12;155,12
V02306;2023-11-16;Tienda física;T009;E0047;8019;C0189;2;6;175,08;166,33
V02307;2023-10-08;Tienda física;T010;E0054;28006;C0496;3;3;66,28;65,52
V02308;2023-07-11;Tienda física;T010;E0052;29069;C0639;3;3;53,36;49,87
V02309;2022-04-09;Tienda física;T012;E0061;28074;C0187;1;1;14,08;14,08
V02310;2022-10-22;Online;ONLINE;ONLINE;28079;C0104;3;5;67,86;66,38
V02311;2022-11-30;Tienda física;T001;E0005;29067;C0338;9;16;450,58;427,85
V02312;2022-04-29;Tienda física;T012;E0064;8019;C0102;1;1;17,6;17,6
V02313;2022-11-23;Tienda física;T005;E0027;8019;C0741;4;8;146,83;132,83
V02314;2022-12-22;Online;ONLINE;ONLINE;41059;C0583;3;5;108,33;96,37
V02315;2023-12-23;Tienda física;T002;E0007;8015;C0309;2;3;46,97;43,68
V02316;2023-05-16;Tienda física;T012;E0063;50297;C0776;2;3;59,22;53,3
V02317;2023-12-05;Online;ONLINE;ONLINE;28079;C0443;1;1;11,81;11,81
V02318;2022-10-25;Tienda física;T004;E0018;28079;C0089;2;3;35,28;34,38
V02319;2023-02-23;Tienda física;T002;E0013;28074;C0570;2;2;36,07;36,07
V02320;2022-09-25;Tienda física;T009;E0049;50297;C0042;2;2;56,13;51,37
V02321;2023-02-26;Online;ONLINE;ONLINE;28074;C0677;3;4;119,17;114,47
V02322;2023-03-12;Tienda física;T008;E0041;29067;C0626;1;4;82,28;78,17
V02323;2022-02-25;Online;ONLINE;ONLINE;;SIN_REGISTRO;3;5;77,64;77,64
V02324;2022-08-13;Tienda física;T008;E0044;50297;C0402;1;1;17,39;17,39
V02325;2022-11-12;Tienda física;T005;E0029;8019;SIN_REGISTRO;1;1;13,15;12,49
V02326;2022-08-15;Online;ONLINE;ONLINE;;SIN_REGISTRO;1;1;22,99;20,69
V02327;2023-07-03;Online;ONLINE;ONLINE;28079;C0673;1;1;26,53;26,53
V02328;2023-09-21;Online;ONLINE;ONLINE;28074;C0517;2;2;28,05;25,86
V02329;2022-05-13;Tienda física;T001;E0003;28079;SIN_REGISTRO;2;2;36,97;35,03
V02330;2022-01-22;Tienda física;T007;E0039;28074;C0038;2;2;35,77;34,86
V02331;2023-12-23;Tienda física;T012;E0061;28115;C0406;1;2;36,06;36,06
V02332;2023-07-21;Online;ONLINE;ONLINE;8019;C0371;2;4;128,6;124,16
V02333;2023-06-16;Online;ONLINE;ONLINE;8019;C0010;2;2;36,52;36,52
V02334;2023-07-03;Tienda física;T004;E0019;41091;C0464;1;3;56,37;56,37
V02335;2023-07-03;Tienda física;T004;E0021;41059;C0672;2;2;40,94;38,89
V02336;2022-10-25;Online;ONLINE;ONLINE;47186;C0308;2;2;24,96;24,96
V02337;2022-12-06;Online;ONLINE;ONLINE;8015;C0281;1;1;16,75;15,91
V02338;2023-07-21;Tienda física;T005;E0029;28079;C0344;1;1;26,63;22,64
V02339;2022-01-14;Tienda física;T010;E0054;28079;C0673;3;3;64,69;62,1
V02340;2023-06-24;Online;ONLINE;ONLINE;41059;C0405;2;2;54,79;54,79
V02341;2023-05-12;Online;ONLINE;ONLINE;41059;C0035;3;3;62,82;61,97
V02342;2022-10-17;Tienda física;T005;E0029;41038;C0466;1;1;19,33;19,33
V02343;2022-08-24;Online;ONLINE;ONLINE;50297;C0079;5;6;156,96;152,4
V02344;2022-02-04;Online;ONLINE;ONLINE;41059;C0112;1;2;45,3;45,3
V02345;2023-01-22;Online;ONLINE;ONLINE;8019;C0631;4;7;128,32;122,3
V02346;2022-05-15;Tienda física;T004;E0019;28006;C0532;3;4;100,46;91,91
V02347;2022-03-28;Tienda física;T002;E0011;8019;C0386;1;1;19,94;19,94
V02348;2023-06-01;Online;ONLINE;ONLINE;47186;C0645;2;5;118,22;102,44
V02349;2022-01-21;Tienda física;T012;E0063;48020;C0759;1;1;16,01;16,01
V02350;2022-04-08;Online;ONLINE;ONLINE;28115;C0047;3;5;89,58;85,56
V02351;2022-07-18;Tienda física;T001;E0002;28079;C0797;1;1;10,53;9,48
V02352;2022-11-28;Online;ONLINE;ONLINE;48020;C0362;4;6;111,41;106,34
V02353;2022-11-06;Tienda física;T007;E0036;29069;C0015;2;3;65,45;63,43
V02354;2022-07-27;Tienda física;T004;E0024;47186;C0635;6;7;150,32;142,61
V02355;2023-11-03;Online;ONLINE;ONLINE;41059;C0045;3;4;128,41;116,68
V02356;2023-01-21;Online;ONLINE;ONLINE;29067;C0267;3;4;49,55;47,42
V02357;2022-04-06;Tienda física;T005;E0025;8019;SIN_REGISTRO;1;1;16,52;16,52
V02358;2023-07-29;Online;ONLINE;ONLINE;41038;C0107;9;11;237,64;235,76
V02359;2022-10-19;Online;ONLINE;ONLINE;46250;C0135;7;10;176,89;172,9
V02360;2023-01-27;Online;ONLINE;ONLINE;8019;C0766;4;5;102,63;100,9
V02361;2023-02-08;Tienda física;T009;E0046;29067;C0293;1;2;24,5;24,5
V02362;2023-04-09;Tienda física;T005;E0028;48020;C0492;2;3;94,18;94,18
V02363;2023-02-11;Tienda física;T003;E0014;28074;C0789;1;1;23,2;23,2
V02364;2023-01-14;Tienda física;T009;E0049;28006;C0455;1;3;42,96;40,81
V02365;2023-10-21;Online;ONLINE;ONLINE;46250;C0383;1;4;40,2;40,2
V02366;2022-05-28;Online;ONLINE;ONLINE;8019;C0741;2;3;60,96;56,24
V02367;2022-04-08;Tienda física;T010;E0052;50297;C0222;1;1;22,71;20,44
V02368;2022-08-01;Tienda física;T009;E0049;29067;C0678;2;2;60,08;58,21
V02369;2022-03-27;Tienda física;T006;E0034;48044;C0636;1;1;17,02;17,02
V02370;2023-09-24;Online;ONLINE;ONLINE;;SIN_REGISTRO;3;4;40,95;40,34
V02371;2022-03-02;Tienda física;T001;E0005;8015;C0724;6;7;183,19;178,45
V02372;2023-02-26;Tienda física;T007;E0038;28074;C0753;2;3;54,08;54,08
V02373;2022-06-04;Online;ONLINE;ONLINE;28006;C0455;1;1;12,55;12,55
V02374;2023-12-07;Online;ONLINE;ONLINE;46192;C0488;2;7;164,34;147,9
V02375;2022-01-06;Tienda física;T005;E0025;48044;C0765;2;4;102,32;99,88
V02376;2023-07-30;Online;ONLINE;ONLINE;48020;C0352;1;1;15,62;14,84
V02377;2022-11-17;Online;ONLINE;ONLINE;;SIN_REGISTRO;2;2;59,82;55,23
V02378;2022-11-26;Tienda física;T012;E0065;46192;C0522;1;3;33,03;31,38
V02379;2023-06-11;Tienda física;T007;E0035;28074;C0789;3;5;86,95;84,27
V02380;2022-04-18;Tienda física;T007;E0038;46192;C0227;2;2;60,25;57,24
V02381;2023-01-20;Online;ONLINE;ONLINE;41091;C0125;4;6;141,56;140,37
V02382;2022-06-15;Online;ONLINE;ONLINE;8019;C0255;2;3;46,99;44,13
V02383;2022-06-20;Tienda física;T002;E0011;46250;C0445;2;2;30,7;30,7
V02384;2022-04-27;Tienda física;T010;E0054;29069;C0265;1;2;48,64;48,64
V02385;2023-05-23;Online;ONLINE;ONLINE;29067;C0562;1;1;10,69;10,69
V02386;2022-05-24;Online;ONLINE;ONLINE;29069;C0588;2;2;26,07;24,08
V02387;2023-02-13;Tienda física;T004;E0022;47186;C0743;1;2;44,1;44,1
V02388;2022-05-01;Tienda física;T002;E0009;8019;C0074;1;1;16,29;15,48
V02389;2023-11-24;Tienda física;T009;E0047;41038;C0183;2;2;85,11;85,11
V02390;2023-09-22;Tienda física;T002;E0009;8019;C0408;1;3;89,34;89,34
V02391;2022-05-25;Online;ONLINE;ONLINE;28079;C0082;2;6;128,46;128,46
V02392;2023-09-21;Online;ONLINE;ONLINE;28079;C0056;1;2;38,46;32,69
V02393;2023-06-16;Tienda física;T010;E0052;8019;C0670;1;1;17,73;15,96
V02394;2023-04-29;Tienda física;T006;E0030;47186;C0094;2;5;82,2;79,97
V02395;2022-12-05;Tienda física;T003;E0014;28079;SIN_REGISTRO;3;3;105,35;100,65
V02396;2022-06-18;Tienda física;T001;E0006;28079;SIN_REGISTRO;1;1;25,63;23,07
V02397;2022-01-11;Tienda física;T004;E0018;41059;C0430;1;2;42,74;42,74
V02398;2022-07-03;Online;ONLINE;ONLINE;50297;C0367;4;5;134,04;132,99
V02399;2022-03-10;Tienda física;T010;E0051;8019;C0796;3;5;86,81;84
V02400;2023-12-20;Tienda física;T009;E0047;41059;C0112;1;1;19,9;19,9
V02401;2023-12-12;Tienda física;T011;E0058;48020;C0451;3;5;141,34;141,34
V02402;2022-12-05;Tienda física;T006;E0034;48044;C0482;1;2;32,74;32,74
V02403;2023-10-02;Tienda física;T005;E0026;41059;C0405;2;3;102,63;94,85
V02404;2022-03-10;Tienda física;T002;E0013;28065;C0169;8;10;204,23;201,64
V02405;2022-12-20;Online;ONLINE;ONLINE;48020;C0012;1;1;19,67;16,72
V02406;2022-07-17;Online;ONLINE;ONLINE;29067;C0028;2;4;84,6;77,3
V02407;2023-03-13;Online;ONLINE;ONLINE;28065;C0166;8;13;290,53;278,91
V02408;2023-01-12;Tienda física;T010;E0051;50297;C0214;1;1;17,44;15,7
V02409;2022-09-18;Tienda física;T005;E0029;8019;SIN_REGISTRO;3;4;78,23;74,29
V02410;2022-03-21;Tienda física;T006;E0033;28079;C0452;2;2;68,27;66,04
V02411;2022-04-16;Tienda física;T008;E0040;8019;C0347;4;6;208,54;201,11
V02412;2022-10-14;Tienda física;T006;E0032;41091;C0531;1;1;18,58;18,58
V02413;2023-08-01;Online;ONLINE;ONLINE;28115;C0310;5;6;158,26;151,56
V02414;2023-06-19;Tienda física;T009;E0047;29069;C0586;2;3;62,17;60,24
V02415;2022-12-05;Tienda física;T003;E0017;28074;C0085;2;4;113,5;106,54
V02416;2023-09-23;Online;ONLINE;ONLINE;28006;C0665;1;1;22,91;19,47
V02417;2022-08-03;Online;ONLINE;ONLINE;;SIN_REGISTRO;4;8;157,95;155,36
V02418;2022-08-26;Tienda física;T011;E0059;48020;C0759;2;2;32,57;32,57
V02419;2023-09-22;Tienda física;T012;E0063;50297;C0594;1;1;20,93;20,93
V02420;2022-06-18;Tienda física;T002;E0013;47186;C0095;1;2;52,18;49,57
V02421;2022-11-28;Online;ONLINE;ONLINE;28115;C0484;2;3;113,57;113,57
V02422;2022-05-21;Tienda física;T009;E0046;28065;C0564;1;3;55,26;49,73
V02423;2023-03-12;Online;ONLINE;ONLINE;47186;C0370;2;4;165,02;155,27
V02424;2022-12-01;Tienda física;T010;E0051;29069;SIN_REGISTRO;2;2;37,01;34,25
V02425;2022-09-04;Tienda física;T010;E0051;8019;C0790;2;2;44,06;41,09
V02426;2023-01-22;Online;ONLINE;ONLINE;28074;C0328;1;1;19,1;18,14
V02427;2022-12-30;Tienda física;T008;E0044;41059;C0368;4;5;70,73;69,2
V02428;2023-06-28;Online;ONLINE;ONLINE;48044;C0078;3;4;76,69;73,03
V02429;2022-06-20;Online;ONLINE;ONLINE;;SIN_REGISTRO;1;4;51,56;43,83
V02430;2023-12-30;Tienda física;T001;E0001;48044;C0205;1;4;136,48;136,48
V02431;2023-07-28;Online;ONLINE;ONLINE;28065;C0564;1;3;48,12;45,71
V02432;2023-12-13;Online;ONLINE;ONLINE;8019;C0469;2;4;89,96;82,91
V02433;2023-07-26;Tienda física;T007;E0035;28079;C0684;4;7;122,82;117,93
V02434;2022-07-02;Online;ONLINE;ONLINE;8019;C0556;2;4;92,2;91,43
V02435;2023-04-23;Tienda física;T005;E0028;28065;C0432;2;3;67,16;64,18
V02436;2023-03-11;Tienda física;T003;E0015;8015;C0281;1;1;17,32;17,32
V02437;2023-01-27;Tienda física;T005;E0029;46250;C0060;1;1;14,44;14,44
V02438;2022-01-11;Online;ONLINE;ONLINE;50297;C0566;1;1;15,19;15,19
V02439;2023-01-05;Online;ONLINE;ONLINE;28074;C0580;1;3;56,82;51,14
V02440;2022-01-06;Tienda física;T004;E0021;50297;C0334;2;4;59,08;55,37
V02441;2022-12-03;Online;ONLINE;ONLINE;28115;C0240;4;5;113,92;110,21
V02442;2022-09-17;Tienda física;T006;E0034;29067;C0065;6;8;216,72;197,93
V02443;2023-09-14;Tienda física;T003;E0015;28074;C0245;1;3;57,3;57,3
V02444;2023-10-25;Tienda física;T008;E0041;48020;SIN_REGISTRO;6;8;289,68;286,1
V02445;2023-02-12;Tienda física;T012;E0065;8019;C0428;1;1;18,16;18,16
V02446;2022-10-08;Tienda física;T001;E0004;47186;C0358;1;1;22,38;19,02
V02447;2023-08-09;Tienda física;T002;E0009;28074;C0524;1;1;23,02;23,02
V02448;2023-09-15;Tienda física;T004;E0024;28074;C0514;2;2;31,39;28,89
V02449;2023-05-18;Tienda física;T007;E0035;28065;C0413;1;2;30,22;30,22
V02450;2023-10-26;Online;ONLINE;ONLINE;41038;C0359;2;2;22,1;19,89
V02451;2022-02-09;Online;ONLINE;ONLINE;46250;C0119;1;1;24,96;24,96
V02452;2023-09-20;Tienda física;T005;E0025;41059;C0672;1;2;48,02;40,82
V02453;2023-12-24;Online;ONLINE;ONLINE;29069;C0235;4;6;121,33;116,54
V02454;2022-05-15;Online;ONLINE;ONLINE;8019;C0212;1;4;62,32;62,32
V02455;2022-05-03;Tienda física;T012;E0061;46192;C0435;1;1;12,47;12,47
V02456;2023-10-15;Online;ONLINE;ONLINE;8019;C0409;2;4;80,68;70,99
V02457;2022-11-18;Online;ONLINE;ONLINE;41059;C0672;2;3;155,63;143,94
V02458;2022-07-18;Online;ONLINE;ONLINE;50297;C0756;2;5;101,81;91,09
V02459;2022-12-07;Online;ONLINE;ONLINE;41059;C0091;1;2;38,88;33,05
V02460;2023-12-28;Online;ONLINE;ONLINE;28006;C0558;2;4;77,58;74,96
V02461;2023-06-13;Tienda física;T009;E0048;29067;C0661;2;5;105,68;105,68
V02462;2023-03-03;Tienda física;T002;E0013;28115;SIN_REGISTRO;4;4;82,4;77,49
V02463;2022-03-08;Online;ONLINE;ONLINE;8019;C0631;1;2;23,6;23,6
V02464;2022-10-01;Tienda física;T003;E0017;28006;C0387;5;5;102,05;99,39
V02465;2023-03-31;Tienda física;T004;E0019;47186;C0358;2;4;126,42;126,42
V02466;2023-09-16;Online;ONLINE;ONLINE;41038;C0285;1;1;18,4;18,4
V02467;2022-06-27;Tienda física;T006;E0031;28006;C0144;3;3;39,83;36,78
V02468;2022-11-15;Online;ONLINE;ONLINE;41038;C0073;1;3;34,35;34,35
V02469;2022-05-01;Online;ONLINE;ONLINE;29067;C0403;1;1;33,34;33,34
V02470;2023-08-05;Online;ONLINE;ONLINE;48044;C0205;6;9;235,27;217,68
V02471;2023-08-03;Online;ONLINE;ONLINE;8019;C0053;1;3;69,93;66,43
V02472;2022-04-30;Tienda física;T005;E0029;41038;C0077;3;3;51,69;51,69
V02473;2022-03-30;Tienda física;T004;E0018;41038;C0177;1;1;18,79;18,79
V02474;2023-08-29;Tienda física;T011;E0056;46192;C0730;1;1;13,25;11,26
V02475;2022-06-23;Online;ONLINE;ONLINE;8019;C0428;1;1;29,58;29,58
V02476;2023-10-16;Online;ONLINE;ONLINE;50297;C0017;2;3;122,53;122,53
V02477;2022-03-25;Tienda física;T005;E0028;8019;C0312;1;1;14,4;12,24
V02478;2022-11-12;Tienda física;T003;E0015;28079;SIN_REGISTRO;2;6;138,82;120,09
V02479;2022-05-16;Online;ONLINE;ONLINE;28074;C0514;1;1;11,69;11,69
V02480;2023-01-24;Online;ONLINE;ONLINE;28079;C0170;1;1;10,14;8,62
V02481;2022-07-02;Online;ONLINE;ONLINE;41038;C0177;4;7;120,29;120,29
V02482;2023-08-02;Tienda física;T005;E0029;41059;C0339;4;7;126,83;125,99
V02483;2022-08-20;Tienda física;T011;E0058;46250;C0757;1;1;24,24;24,24
V02484;2022-07-24;Tienda física;T007;E0038;28115;C0449;3;3;53,03;53,03
V02485;2022-09-23;Tienda física;T007;E0036;8019;C0196;5;5;83,68;79,67
V02486;2022-09-28;Tienda física;T012;E0065;46192;C0619;1;2;62,96;62,96
V02487;2022-12-30;Online;ONLINE;ONLINE;28079;C0375;1;2;38,3;34,47
V02488;2022-12-24;Tienda física;T006;E0032;41059;C0799;1;1;24,05;20,44
V02489;2023-10-09;Online;ONLINE;ONLINE;29067;C0293;4;4;140,94;137,21
V02490;2022-02-07;Tienda física;T008;E0044;41091;C0319;2;5;64,02;57,62
V02491;2022-06-09;Tienda física;T009;E0049;46192;C0715;2;2;51,86;48,32
V02492;2023-12-21;Online;ONLINE;ONLINE;47186;C0572;3;4;103,49;101,39
V02493;2023-10-24;Tienda física;T011;E0060;48020;C0495;1;2;50,92;43,28
V02494;2022-08-01;Tienda física;T007;E0039;46250;SIN_REGISTRO;2;2;54,09;54,09
V02495;2022-04-03;Tienda física;T006;E0032;28074;C0589;5;7;202,91;186,3
V02496;2022-09-22;Online;ONLINE;ONLINE;8015;C0418;5;8;157,77;156,15
V02497;2022-09-25;Online;ONLINE;ONLINE;41091;C0506;3;3;50,34;48,47
V02498;2023-06-14;Online;ONLINE;ONLINE;;SIN_REGISTRO;2;3;49,69;45,85
V02499;2023-05-02;Tienda física;T003;E0015;8019;C0164;5;8;168,63;166,79
V02500;2023-08-24;Online;ONLINE;ONLINE;;SIN_REGISTRO;1;1;16,74;16,74
V02501;2023-08-01;Tienda física;T007;E0038;48020;C0492;1;2;32,32;30,7
V02502;2022-11-27;Online;ONLINE;ONLINE;41059;C0032;2;3;42,55;38,72
V02503;2023-10-07;Tienda física;T011;E0057;28079;C0453;1;3;34,26;34,26
V02504;2022-06-12;Tienda física;T006;E0031;8019;C0573;1;1;13,38;12,71
V02505;2022-12-09;Online;ONLINE;ONLINE;8019;C0400;1;2;29,3;29,3
V02506;2022-07-11;Tienda física;T001;E0002;28079;C0750;2;2;32,58;32,05
V02507;2022-06-16;Tienda física;T012;E0064;48044;C0314;6;11;295,46;283,81
V02508;2022-01-23;Online;ONLINE;ONLINE;46250;C0115;1;1;14,33;13,61
V02509;2023-08-31;Online;ONLINE;ONLINE;50297;C0334;2;2;31,97;28,77
V02510;2023-02-13;Tienda física;T008;E0043;48020;C0704;1;1;33,29;31,63
V02511;2022-09-16;Tienda física;T003;E0017;46192;C0460;2;3;59,64;56,83
V02512;2023-09-08;Tienda física;T008;E0042;8019;C0741;1;4;79,96;79,96
V02513;2023-11-26;Online;ONLINE;ONLINE;;SIN_REGISTRO;1;1;27,83;26,44
V02514;2022-02-11;Tienda física;T001;E0003;28065;C0294;1;2;37,82;37,82
V02515;2023-03-08;Online;ONLINE;ONLINE;41091;C0685;1;1;15,31;14,54
V02516;2023-08-15;Tienda física;T009;E0049;8019;C0425;7;10;184,51;177,31
V02517;2022-06-17;Tienda física;T004;E0020;41091;C0734;5;6;142,19;139,85
V02518;2022-11-04;Online;ONLINE;ONLINE;8019;C0469;2;4;105,13;97,73
V02519;2023-08-05;Tienda física;T007;E0035;41059;C0565;2;2;31,09;31,09
V02520;2023-11-11;Tienda física;T008;E0044;28065;C0416;7;9;329,9;320,93
V02521;2022-04-03;Online;ONLINE;ONLINE;8015;C0725;3;3;70,85;70,85
V02522;2022-12-21;Online;ONLINE;ONLINE;29067;C0093;1;4;48;45,6
V02523;2022-06-19;Tienda física;T011;E0060;41038;C0188;2;2;46,5;45,26
V02524;2023-11-06;Tienda física;T003;E0014;48044;C0297;1;1;35,82;35,82
V02525;2022-06-26;Online;ONLINE;ONLINE;48044;C0511;5;7;113,28;110,59
V02526;2022-03-24;Tienda física;T004;E0019;8019;C0479;2;2;71,11;68,97
V02527;2022-07-28;Tienda física;T011;E0059;29069;C0705;2;2;21,85;20,76
V02528;2022-09-08;Online;ONLINE;ONLINE;28006;C0387;6;10;154,48;148,43
V02529;2022-01-06;Tienda física;T008;E0044;47186;C0655;1;1;14,2;13,49
V02530;2022-12-19;Tienda física;T003;E0014;46192;C0007;4;6;135,54;131,86
V02531;2023-07-18;Tienda física;T008;E0043;46192;C0421;1;1;12,58;10,69
V02532;2023-12-17;Online;ONLINE;ONLINE;;SIN_REGISTRO;2;3;43,71;42,97
V02533;2023-11-16;Tienda física;T002;E0012;28115;SIN_REGISTRO;3;4;92,37;91,25
V02534;2023-12-25;Tienda física;T005;E0028;28079;C0121;2;3;51,77;50,55
V02535;2023-02-01;Online;ONLINE;ONLINE;;SIN_REGISTRO;1;1;14,97;14,97
V02536;2022-05-17;Online;ONLINE;ONLINE;46192;C0009;2;2;55,2;54,36
V02537;2022-10-17;Online;ONLINE;ONLINE;8019;C0494;1;1;17,62;14,98
V02538;2023-09-04;Tienda física;T007;E0039;8019;C0155;1;2;63,06;59,91
V02539;2022-12-22;Tienda física;T010;E0050;48044;C0360;4;4;72,97;70,6
V02540;2022-08-16;Tienda física;T003;E0015;28074;C0245;4;7;138,68;132,59
V02541;2022-08-29;Online;ONLINE;ONLINE;50297;C0776;1;4;89,8;89,8
V02542;2022-12-15;Online;ONLINE;ONLINE;29069;C0393;1;1;19;17,1
V02543;2023-09-18;Online;ONLINE;ONLINE;29069;C0209;3;5;179,36;177,85
V02544;2022-03-21;Online;ONLINE;ONLINE;47186;C0398;5;7;181,49;173,59
V02545;2022-05-22;Tienda física;T008;E0040;50297;C0079;1;1;18,35;17,43
V02546;2022-02-15;Online;ONLINE;ONLINE;41091;C0506;1;1;10,05;10,05
V02547;2023-03-22;Online;ONLINE;ONLINE;28065;C0745;2;3;36,87;35,93
V02548;2023-01-29;Tienda física;T012;E0064;29067;C0785;2;2;34,45;30,09
V02549;2023-03-12;Tienda física;T007;E0039;50297;C0545;6;11;290,3;282,7
V02550;2022-11-15;Online;ONLINE;ONLINE;41059;C0583;1;2;29,88;28,39
V02551;2022-02-05;Online;ONLINE;ONLINE;41038;C0607;3;3;51,69;50,18
V02552;2022-07-03;Tienda física;T007;E0038;29069;C0216;1;1;24,34;24,34
V02553;2023-11-30;Tienda física;T008;E0043;28079;C0008;2;4;118,95;112,14
V02554;2023-04-22;Online;ONLINE;ONLINE;41091;C0685;1;1;15,75;15,75
V02555;2023-12-04;Tienda física;T008;E0040;28006;C0373;7;8;224,92;217,65
V02556;2023-11-03;Online;ONLINE;ONLINE;28006;C0532;3;4;75,21;73,63
V02557;2022-06-14;Tienda física;T011;E0057;28065;C0637;1;2;52,26;52,26
V02558;2023-08-12;Tienda física;T010;E0051;41059;C0059;3;4;57,27;52,3
V02559;2023-12-04;Tienda física;T008;E0040;29069;C0588;2;2;52,26;48,33
V02560;2023-05-13;Tienda física;T008;E0041;29067;C0658;4;7;107,9;104,23
V02561;2023-03-09;Tienda física;T004;E0022;29069;C0420;2;2;61,76;59,23
V02562;2023-03-12;Tienda física;T012;E0064;50297;C0260;1;1;25,17;25,17
V02563;2023-09-11;Online;ONLINE;ONLINE;;SIN_REGISTRO;2;3;32,33;31,53
V02564;2023-04-30;Online;ONLINE;ONLINE;50297;C0167;1;3;35,67;30,32
V02565;2023-07-02;Tienda física;T003;E0015;28006;C0157;1;1;19,18;19,18
V02566;2022-07-03;Online;ONLINE;ONLINE;29067;C0338;1;1;19,45;18,48
V02567;2023-11-22;Online;ONLINE;ONLINE;28065;C0726;2;4;65,5;65,5
V02568;2022-01-08;Tienda física;T003;E0015;41091;C0027;2;2;67,06;67,06
V02569;2022-07-22;Online;ONLINE;ONLINE;28079;C0440;5;6;271,84;265,41
V02570;2023-03-22;Tienda física;T001;E0006;47186;C0669;2;3;57,57;57,57
V02571;2022-10-16;Online;ONLINE;ONLINE;50297;C0756;2;4;220,7;210,22
V02572;2023-05-17;Tienda física;T011;E0057;48044;C0729;2;2;57,25;55,65
V02573;2022-02-21;Tienda física;T009;E0048;46192;C0025;3;5;208,99;204,63
V02574;2022-09-16;Tienda física;T001;E0004;50297;C0141;1;1;18,01;17,11
V02575;2023-11-23;Tienda física;T001;E0006;29067;C0129;5;8;266,94;266,94
V02576;2023-07-10;Tienda física;T007;E0037;50297;C0080;2;2;59,22;54,54
V02577;2022-10-28;Tienda física;T010;E0055;29069;C0202;2;2;50,22;48,93
V02578;2022-01-18;Online;ONLINE;ONLINE;;SIN_REGISTRO;2;4;80,82;77,89
V02579;2022-11-01;Tienda física;T006;E0030;28079;C0410;2;4;170,74;152,07
V02580;2023-09-03;Tienda física;T009;E0049;46192;C0435;6;11;320,89;310,39
V02581;2022-02-07;Tienda física;T008;E0040;48020;SIN_REGISTRO;1;1;18,07;16,26
V02582;2022-09-12;Online;ONLINE;ONLINE;8019;C0415;2;3;59,31;56,08
V02583;2023-07-02;Tienda física;T012;E0062;48020;C0495;1;2;57,88;57,88
V02584;2022-05-29;Online;ONLINE;ONLINE;28074;C0350;2;4;48,7;42,55
V02585;2023-03-18;Online;ONLINE;ONLINE;46192;C0465;1;2;34,1;34,1
V02586;2023-04-15;Online;ONLINE;ONLINE;29067;C0661;1;1;14,74;12,53
V02587;2023-06-21;Tienda física;T012;E0064;46250;C0757;4;5;105,15;97,17
V02588;2022-02-11;Tienda física;T008;E0044;28074;C0424;1;1;14,31;14,31
V02589;2023-01-17;Tienda física;T010;E0053;46192;C0488;3;4;107,66;105,89
V02590;2023-09-16;Online;ONLINE;ONLINE;41059;C0621;1;3;75,84;64,46
V02591;2023-01-27;Online;ONLINE;ONLINE;41059;C0672;1;1;13,65;12,29
V02592;2022-12-12;Online;ONLINE;ONLINE;41059;C0721;4;9;294,95;275,95
V02593;2023-03-09;Tienda física;T007;E0036;50297;C0747;9;15;231,73;227,5
V02594;2022-07-08;Tienda física;T002;E0007;46250;C0659;2;4;79,44;69,83
V02595;2023-10-31;Tienda física;T003;E0016;29067;C0267;2;4;60,44;57,51
V02596;2023-03-20;Online;ONLINE;ONLINE;29067;C0065;1;1;18,11;18,11
V02597;2023-08-08;Tienda física;T005;E0029;29069;C0203;9;11;161,4;153,89
V02598;2023-09-23;Online;ONLINE;ONLINE;48044;C0258;1;1;34,86;31,37
V02599;2023-12-12;Tienda física;T004;E0020;28115;C0701;3;7;211,98;208,78
V02600;2023-08-11;Online;ONLINE;ONLINE;28006;C0039;2;2;35,94;35,03
V02601;2023-03-24;Online;ONLINE;ONLINE;8019;C0784;4;5;86,28;83,82
V02602;2022-10-11;Tienda física;T011;E0057;48020;C0234;4;8;150,34;148,91
V02603;2023-09-12;Online;ONLINE;ONLINE;48044;C0226;3;5;196,42;193,09
V02604;2023-11-26;Online;ONLINE;ONLINE;41059;C0405;2;4;119,74;115,61
V02605;2022-01-06;Online;ONLINE;ONLINE;41059;C0114;1;1;20,33;19,31
V02606;2022-01-20;Tienda física;T008;E0042;28006;C0422;1;1;43,05;40,9
V02607;2022-10-09;Tienda física;T010;E0052;28006;C0181;4;6;177,63;174,83
V02608;2023-09-06;Tienda física;T011;E0056;29067;C0487;4;7;214,27;205,47
V02609;2022-04-10;Tienda física;T007;E0036;48020;C0436;2;2;55,81;55,81
V02610;2022-01-19;Tienda física;T003;E0017;28074;C0581;1;2;35,02;29,77
V02611;2022-08-15;Online;ONLINE;ONLINE;41059;C0610;2;3;48,56;48,56
V02612;2023-12-31;Online;ONLINE;ONLINE;47186;C0370;2;3;116,09;115,09
V02613;2023-08-26;Online;ONLINE;ONLINE;8015;C0577;2;2;35,98;35,06
V02614;2023-07-09;Tienda física;T002;E0009;47186;C0635;2;2;37,12;35,26
V02615;2023-07-26;Tienda física;T011;E0059;8019;C0768;1;1;15,94;15,94
V02616;2022-12-15;Online;ONLINE;ONLINE;41059;C0035;1;1;11,94;11,94
V02617;2023-04-01;Online;ONLINE;ONLINE;28006;C0641;1;1;31,35;31,35
V02618;2023-05-26;Tienda física;T001;E0003;8019;C0778;4;4;141,78;139,67
V02619;2023-11-21;Tienda física;T011;E0060;28074;C0424;2;4;73,85;71,25
V02620;2023-02-17;Online;ONLINE;ONLINE;41091;C0319;2;4;110,56;110,56
V02621;2023-10-09;Tienda física;T002;E0013;41091;C0193;2;5;69,14;66,41
V02622;2022-03-27;Online;ONLINE;ONLINE;47186;C0463;3;5;124,28;115,57
V02623;2022-11-08;Tienda física;T007;E0038;29069;C0557;3;5;97,16;96,48
V02624;2023-04-08;Tienda física;T004;E0024;48020;C0401;1;1;15,34;13,04
V02625;2022-01-31;Tienda física;T003;E0015;48044;C0511;1;4;72,6;72,6
V02626;2023-10-02;Online;ONLINE;ONLINE;48044;C0718;2;4;168,26;161,8
V02627;2023-03-02;Online;ONLINE;ONLINE;48020;C0191;1;1;11,68;11,68
V02628;2023-07-24;Tienda física;T007;E0035;28065;C0637;4;8;214,82;205,62
V02629;2022-08-29;Online;ONLINE;ONLINE;29069;C0239;1;1;37,78;35,89
V02630;2023-01-23;Tienda física;T007;E0035;28006;C0387;2;2;53,25;47,92
V02631;2022-04-10;Online;ONLINE;ONLINE;28074;C0512;5;9;127,94;122,75
V02632;2022-08-05;Online;ONLINE;ONLINE;50297;C0334;1;1;26,31;26,31
V02633;2022-07-02;Online;ONLINE;ONLINE;41059;C0516;3;3;50,07;47,09
V02634;2023-07-18;Tienda física;T008;E0044;48020;SIN_REGISTRO;1;2;58,32;55,4
V02635;2022-08-11;Online;ONLINE;ONLINE;41059;C0112;1;1;18,98;18,03
V02636;2022-11-24;Online;ONLINE;ONLINE;28065;C0550;2;4;83,62;83,62
V02637;2023-11-12;Online;ONLINE;ONLINE;41091;C0031;2;2;32,14;29,68
V02638;2023-05-30;Tienda física;T003;E0014;41038;C0327;6;11;240,04;224,91
V02639;2022-08-19;Online;ONLINE;ONLINE;28079;C0170;5;9;154,05;145,57
V02640;2023-04-21;Online;ONLINE;ONLINE;28115;C0449;1;1;25,47;25,47
V02641;2022-06-10;Online;ONLINE;ONLINE;8019;C0667;1;2;40,4;40,4
V02642;2022-10-23;Tienda física;T007;E0039;46250;SIN_REGISTRO;1;1;18,63;18,63
V02643;2023-04-21;Tienda física;T003;E0016;48020;C0364;1;1;16,89;14,36
V02644;2023-12-01;Online;ONLINE;ONLINE;28079;C0597;1;3;41,25;41,25
V02645;2023-08-18;Tienda física;T002;E0011;29067;C0691;1;3;101,07;85,91
V02646;2023-03-05;Tienda física;T004;E0024;8019;C0454;2;4;60,9;56,12
V02647;2023-10-14;Tienda física;T009;E0048;48044;C0412;1;1;12,32;12,32
V02648;2022-05-22;Tienda física;T007;E0038;28074;C0581;1;1;9,8;8,82
V02649;2023-09-06;Online;ONLINE;ONLINE;28065;C0592;2;2;38,5;35,95
V02650;2022-01-24;Tienda física;T002;E0007;28115;SIN_REGISTRO;2;2;47,27;47,27
V02651;2022-06-20;Online;ONLINE;ONLINE;47186;C0574;3;5;75,82;71,18
V02652;2023-12-02;Tienda física;T004;E0024;50297;C0306;1;2;34,8;34,8
V02653;2022-01-24;Tienda física;T012;E0061;28006;C0366;7;7;179,35;170,89
V02654;2023-07-20;Tienda física;T004;E0021;46250;C0133;2;2;38,05;36,48
V02655;2022-06-15;Tienda física;T004;E0019;28065;C0137;1;1;20,36;19,34
V02656;2022-09-03;Tienda física;T011;E0057;41038;C0525;1;2;18,2;18,2
V02657;2023-12-31;Tienda física;T008;E0042;41091;C0744;1;3;50,61;50,61
V02658;2022-05-16;Online;ONLINE;ONLINE;41059;C0770;1;1;17,34;17,34
V02659;2022-02-01;Tienda física;T006;E0033;28079;C0026;1;1;21;21
V02660;2023-04-16;Tienda física;T007;E0037;46250;SIN_REGISTRO;1;1;15,8;15,8
V02661;2022-09-05;Tienda física;T003;E0014;46192;C0249;3;4;60,07;59,56
V02662;2023-05-28;Tienda física;T002;E0008;50297;C0198;1;1;19,08;16,22
V02663;2023-09-11;Tienda física;T008;E0045;28065;C0179;3;5;134,5;132,35
V02664;2022-09-08;Tienda física;T004;E0020;48044;C0311;2;4;111,3;109,92
V02665;2022-01-08;Tienda física;T011;E0060;28079;C0690;3;3;68,15;63,76
V02666;2023-11-30;Online;ONLINE;ONLINE;50297;C0756;1;1;21,82;18,55
V02667;2023-06-17;Tienda física;T001;E0004;50297;C0681;2;6;140,58;134,91
V02668;2022-03-14;Tienda física;T002;E0011;41091;C0467;1;1;10,43;9,91
V02669;2023-07-05;Tienda física;T002;E0011;48020;C0054;2;4;99,3;95,97
V02670;2023-03-26;Tienda física;T004;E0022;8019;SIN_REGISTRO;2;2;46,56;45,46
V02671;2022-10-27;Tienda física;T009;E0049;50297;C0681;1;3;113,82;108,13
V02672;2023-01-08;Online;ONLINE;ONLINE;48020;C0191;2;2;33,19;32,54
V02673;2023-03-15;Tienda física;T011;E0056;8015;C0534;1;1;23,86;23,86
V02674;2022-05-30;Online;ONLINE;ONLINE;41059;C0108;3;4;88,24;85,82
V02675;2022-06-23;Tienda física;T003;E0015;8019;C0296;2;3;47,32;47,32
V02676;2023-11-04;Tienda física;T003;E0014;46250;C0674;2;2;43,75;42,95
V02677;2022-09-06;Tienda física;T004;E0021;29069;C0203;2;2;30,98;30,11
V02678;2022-09-28;Tienda física;T010;E0054;28065;C0564;2;3;77,55;77,55
V02679;2023-10-20;Tienda física;T008;E0041;50297;C0042;1;2;28,76;24,45
V02680;2023-04-15;Tienda física;T005;E0026;48020;C0068;1;1;10,07;8,56
V02681;2022-09-08;Tienda física;T008;E0041;28074;C0632;1;1;17,9;17,9
V02682;2022-10-30;Online;ONLINE;ONLINE;8019;C0070;1;2;52,98;45,03
V02683;2022-12-05;Online;ONLINE;ONLINE;28074;C0136;2;3;144,91;130,96
V02684;2023-08-05;Tienda física;T001;E0006;41091;C0578;2;5;70,81;70,81
V02685;2022-05-24;Online;ONLINE;ONLINE;41038;C0749;1;2;46,24;46,24
V02686;2022-01-27;Online;ONLINE;ONLINE;28006;C0157;6;10;242,74;233,45
V02687;2023-08-01;Online;ONLINE;ONLINE;28115;C0300;2;2;49,5;46,37
V02688;2022-11-11;Online;ONLINE;ONLINE;48044;C0412;3;3;73,69;68,96
V02689;2023-08-05;Tienda física;T008;E0043;46192;C0233;2;2;32,64;30,67
V02690;2023-05-02;Online;ONLINE;ONLINE;41059;C0590;4;5;99,44;94,35
V02691;2023-11-21;Online;ONLINE;ONLINE;8019;C0163;1;2;48,24;48,24
V02692;2023-12-13;Tienda física;T008;E0042;48044;C0491;3;5;82,27;82,27
V02693;2023-09-15;Tienda física;T001;E0001;41038;C0107;1;2;28,28;28,28
V02694;2022-09-21;Online;ONLINE;ONLINE;29069;C0557;3;7;139,66;135,86
V02695;2022-01-29;Tienda física;T004;E0021;8019;SIN_REGISTRO;1;1;21,72;21,72
V02696;2022-06-01;Online;ONLINE;ONLINE;8015;C0284;3;5;96,71;92,65
V02697;2022-09-23;Online;ONLINE;ONLINE;;SIN_REGISTRO;1;1;18,12;18,12
V02698;2023-05-04;Tienda física;T003;E0014;50297;C0711;1;4;45,8;41,22
V02699;2022-12-19;Online;ONLINE;ONLINE;28065;C0294;2;3;39,01;33,92
V02700;2023-08-25;Tienda física;T002;E0010;29067;C0678;5;9;169,72;159,65
V02701;2023-06-20;Tienda física;T009;E0047;29069;C0459;1;1;15,17;15,17
V02702;2023-05-12;Online;ONLINE;ONLINE;;SIN_REGISTRO;6;9;180,66;168,12
V02703;2023-06-22;Online;ONLINE;ONLINE;29067;C0458;5;8;252,1;249,76
V02704;2023-05-11;Tienda física;T007;E0035;41091;C0302;1;1;18,87;17,93
V02705;2023-11-16;Tienda física;T008;E0044;41038;C0327;1;1;11,02;11,02
V02706;2022-08-19;Tienda física;T007;E0036;28006;C0181;1;3;39,39;39,39
V02707;2022-08-18;Tienda física;T011;E0059;41091;C0069;1;1;15,41;15,41
V02708;2023-09-16;Online;ONLINE;ONLINE;46250;C0447;1;2;37,86;32,18
V02709;2023-10-28;Tienda física;T004;E0019;8019;SIN_REGISTRO;1;1;14,77;14,77
V02710;2023-05-26;Tienda física;T012;E0062;28006;SIN_REGISTRO;2;3;52,2;49,59
V02711;2023-06-21;Online;ONLINE;ONLINE;;SIN_REGISTRO;1;1;35,57;35,57
V02712;2023-01-08;Online;ONLINE;ONLINE;28065;C0289;1;1;26,47;22,5
V02713;2023-02-13;Tienda física;T008;E0042;41091;C0651;1;2;24,86;21,13
V02714;2022-12-04;Tienda física;T001;E0006;46192;C0733;2;5;121,21;111,67
V02715;2022-10-05;Tienda física;T012;E0062;46192;C0238;3;5;100,37;95,17
V02716;2022-02-27;Tienda física;T012;E0062;28006;SIN_REGISTRO;1;2;42,16;40,05
V02717;2022-09-08;Online;ONLINE;ONLINE;28115;C0794;3;6;168,32;166,61
V02718;2023-12-08;Tienda física;T012;E0061;28079;C0184;2;4;54,54;52,92
V02719;2022-08-22;Tienda física;T006;E0032;8015;C0381;1;1;35,24;29,95
V02720;2022-07-01;Tienda física;T003;E0016;48020;C0353;2;2;47,4;47,4
V02721;2023-07-20;Tienda física;T003;E0016;41059;C0072;1;1;27,2;27,2
V02722;2022-07-14;Online;ONLINE;ONLINE;48044;C0173;1;2;32,82;27,9
V02723;2022-05-16;Online;ONLINE;ONLINE;28115;C0320;2;2;48,01;43,93
V02724;2022-03-04;Tienda física;T002;E0010;8019;C0631;1;1;25,7;25,7
V02725;2022-09-07;Online;ONLINE;ONLINE;29067;C0065;2;2;45,05;42,28
V02726;2023-04-21;Tienda física;T003;E0015;29069;C0650;1;1;9,97;9,97
V02727;2022-11-23;Tienda física;T011;E0059;47186;C0645;3;5;102,71;95,89
V02728;2022-07-21;Tienda física;T003;E0017;46192;C0498;2;6;122,97;120,39
V02729;2023-03-29;Tienda física;T011;E0060;46192;C0382;1;2;52,9;52,9
V02730;2022-07-22;Online;ONLINE;ONLINE;28079;C0443;2;2;35,42;33,66
V02731;2023-09-05;Online;ONLINE;ONLINE;46192;C0522;2;5;111,29;103,61
V02732;2023-08-06;Tienda física;T005;E0027;29067;C0129;4;9;229,5;225,07
V02733;2022-04-25;Tienda física;T002;E0007;28115;SIN_REGISTRO;6;12;273,18;259,93
V02734;2023-10-21;Online;ONLINE;ONLINE;46250;C0527;1;2;41,4;41,4
V02735;2022-01-01;Tienda física;T011;E0060;41038;C0110;1;1;16,19;16,19
V02736;2023-09-08;Online;ONLINE;ONLINE;29069;C0557;1;1;39,43;39,43
V02737;2023-10-09;Tienda física;T011;E0059;41038;C0448;2;2;44,9;43,42
V02738;2023-06-04;Tienda física;T007;E0035;41038;C0177;2;2;29,42;28,51
V02739;2023-10-23;Online;ONLINE;ONLINE;29069;C0235;2;5;81,89;81,89
V02740;2023-06-29;Tienda física;T007;E0037;28079;C0344;3;4;76,02;74,01
V02741;2022-10-09;Online;ONLINE;ONLINE;28074;C0208;2;2;34,26;31,25
V02742;2023-10-03;Tienda física;T005;E0026;28006;C0288;1;2;52,22;49,61
V02743;2022-07-06;Tienda física;T002;E0012;28079;C0257;3;4;68,18;65,08
V02744;2022-11-23;Tienda física;T004;E0024;41038;C0105;4;6;171,7;162,22
V02745;2023-05-23;Online;ONLINE;ONLINE;50297;C0013;6;10;246,78;246,78
V02746;2022-03-09;Tienda física;T006;E0031;46192;C0754;1;2;60,42;57,4
V02747;2022-04-07;Online;ONLINE;ONLINE;47186;C0247;2;2;25,47;24,8
V02748;2023-10-16;Tienda física;T002;E0009;41059;C0315;3;5;80,88;74,8
V02749;2022-07-18;Tienda física;T009;E0046;29067;C0293;2;2;39,42;37,35
V02750;2022-08-07;Online;ONLINE;ONLINE;28079;C0485;1;1;20,94;20,94
V02751;2022-11-24;Tienda física;T008;E0040;8019;C0062;3;5;145,78;143,47
V02752;2022-04-16;Tienda física;T007;E0036;28079;C0624;1;1;10;8,5
V02753;2023-09-17;Tienda física;T011;E0059;28074;C0146;3;6;106,06;106,06
V02754;2022-11-28;Tienda física;T001;E0005;50297;C0334;2;5;58,07;57,28
V02755;2023-02-10;Tienda física;T002;E0007;28074;C0389;4;5;83,09;82,54
V02756;2023-09-17;Online;ONLINE;ONLINE;41038;C0061;1;1;18,09;15,38
V02757;2022-11-30;Tienda física;T003;E0016;46192;C0341;1;2;35,34;31,81
V02758;2023-11-01;Tienda física;T012;E0065;8019;C0155;3;3;125;121,84
V02759;2022-10-03;Tienda física;T003;E0017;41059;C0059;2;3;46,68;45,03
V02760;2023-04-29;Tienda física;T006;E0033;28079;C0056;2;2;31,26;31,26
V02761;2022-05-29;Online;ONLINE;ONLINE;28006;C0111;1;3;66,33;66,33
V02762;2022-12-29;Tienda física;T002;E0012;28006;C0277;5;9;177,17;168,65
V02763;2023-04-06;Tienda física;T010;E0052;29069;C0376;1;1;15,82;15,82
V02764;2023-07-31;Online;ONLINE;ONLINE;8019;C0134;1;3;40,32;38,3
V02765;2022-01-06;Online;ONLINE;ONLINE;29067;C0591;1;3;41,1;39,05
V02766;2023-02-23;Tienda física;T001;E0002;28006;C0288;1;3;54,24;54,24
V02767;2023-04-13;Tienda física;T001;E0006;28065;C0470;6;7;123,76;122,67
V02768;2023-12-23;Tienda física;T009;E0046;46192;C0551;2;2;27,21;27,21
V02769;2023-11-09;Online;ONLINE;ONLINE;28074;C0457;5;6;128,68;124,05
V02770;2022-10-29;Tienda física;T006;E0032;48020;C0505;1;4;84,32;84,32
V02771;2022-11-26;Tienda física;T008;E0044;48020;C0436;1;1;22,4;21,28
V02772;2022-11-30;Online;ONLINE;ONLINE;41091;C0066;1;3;33,57;30,21
V02773;2022-08-09;Online;ONLINE;ONLINE;8019;C0070;2;3;58,54;54,82
V02774;2022-10-08;Tienda física;T011;E0057;41091;C0319;1;3;50,67;50,67
V02775;2022-09-06;Online;ONLINE;ONLINE;28115;C0484;3;5;177,67;177,67
V02776;2023-05-07;Tienda física;T005;E0029;41091;C0139;2;2;29,22;26,96
V02777;2022-02-17;Tienda física;T007;E0036;29069;C0617;6;10;280,15;267,17
V02778;2023-12-06;Tienda física;T006;E0030;46250;C0133;4;7;110,73;98,67
V02779;2022-09-13;Online;ONLINE;ONLINE;41091;C0467;1;2;32,38;32,38
V02780;2022-03-02;Tienda física;T009;E0046;28074;C0664;1;2;67,88;67,88
V02781;2023-10-17;Tienda física;T006;E0034;41091;C0139;3;3;100,45;100,45
V02782;2023-07-05;Tienda física;T009;E0048;48044;SIN_REGISTRO;1;1;16,54;16,54
V02783;2022-10-19;Tienda física;T010;E0053;29069;SIN_REGISTRO;1;2;33,2;33,2
V02784;2022-05-18;Tienda física;T011;E0056;28079;C0624;6;7;175,6;164,64
V02785;2022-11-29;Online;ONLINE;ONLINE;8015;C0724;1;1;28,1;23,89
V02786;2022-06-05;Tienda física;T004;E0020;8019;SIN_REGISTRO;2;2;21,02;21,02
V02787;2023-08-11;Online;ONLINE;ONLINE;48044;C0226;2;3;80,41;80,41
V02788;2023-03-25;Online;ONLINE;ONLINE;29069;C0399;3;3;48,86;48,86
V02789;2023-08-10;Tienda física;T007;E0037;28079;C0336;3;7;167,2;150,49
V02790;2023-07-25;Tienda física;T001;E0003;41091;C0467;2;3;65,49;62,99
V02791;2023-12-08;Online;ONLINE;ONLINE;29069;C0203;8;15;295,32;284,72
V02792;2022-03-11;Online;ONLINE;ONLINE;28079;C0544;1;2;64,6;54,91
V02793;2023-01-05;Tienda física;T005;E0026;41091;C0392;1;1;10,67;10,14
V02794;2022-07-08;Tienda física;T012;E0061;41038;C0186;1;1;19,79;19,79
V02795;2022-08-22;Online;ONLINE;ONLINE;41091;C0699;1;1;11,75;11,16
V02796;2022-12-08;Online;ONLINE;ONLINE;41038;C0110;2;3;70,09;70,09
V02797;2022-09-19;Online;ONLINE;ONLINE;46250;C0793;4;6;141,33;133,24
V02798;2022-05-24;Tienda física;T010;E0051;28115;C0307;1;1;16,98;16,98
V02799;2023-03-14;Online;ONLINE;ONLINE;28074;C0632;1;1;10,77;10,23
V02800;2022-02-19;Tienda física;T009;E0046;8015;C0577;6;11;191,21;176,87
V02801;2023-06-09;Online;ONLINE;ONLINE;41059;C0108;1;2;24,6;24,6
V02802;2023-08-03;Online;ONLINE;ONLINE;28065;C0550;1;1;11,66;11,08
V02803;2023-06-01;Tienda física;T002;E0009;41038;C0523;2;4;59,79;58,03
V02804;2022-10-17;Online;ONLINE;ONLINE;8019;C0074;2;2;30,31;28,03
V02805;2023-10-12;Tienda física;T003;E0014;29067;C0661;1;1;19,42;19,42
V02806;2023-08-02;Online;ONLINE;ONLINE;28079;C0026;1;1;35,67;35,67
V02807;2023-06-29;Tienda física;T002;E0011;28079;C0750;3;3;48,76;48,76
V02808;2023-08-11;Tienda física;T006;E0030;41059;C0112;2;3;40,99;38,29
V02809;2022-03-16;Online;ONLINE;ONLINE;46250;C0165;1;1;15,34;13,04
V02810;2022-10-11;Tienda física;T007;E0039;28079;C0336;1;2;42,98;40,83
V02811;2022-06-05;Tienda física;T007;E0038;46250;SIN_REGISTRO;5;10;161,19;148,77
V02812;2022-03-16;Tienda física;T012;E0065;29069;C0613;2;2;81,09;78,14
V02813;2023-04-10;Online;ONLINE;ONLINE;29067;C0419;2;2;61,61;58,77
V02814;2022-01-22;Online;ONLINE;ONLINE;;SIN_REGISTRO;8;10;231,27;221,24
V02815;2022-01-07;Tienda física;T002;E0007;46192;C0462;1;2;27,6;24,84
V02816;2022-01-20;Tienda física;T011;E0058;48020;C0599;1;2;55,26;55,26
V02817;2022-11-27;Tienda física;T002;E0011;46192;C0748;2;4;83,84;81,38
V02818;2022-09-23;Online;ONLINE;ONLINE;46192;C0025;4;5;137,04;131,31
V02819;2023-06-30;Online;ONLINE;ONLINE;28065;C0470;2;3;88,33;82,38
V02820;2023-08-12;Online;ONLINE;ONLINE;28079;C0019;2;3;53,9;53,9
V02821;2022-07-13;Online;ONLINE;ONLINE;41091;C0125;1;1;16,9;16,9
V02822;2022-11-12;Online;ONLINE;ONLINE;28006;C0411;6;12;215,45;208,01
V02823;2022-01-27;Tienda física;T001;E0001;41091;C0069;1;1;28,79;25,91
V02824;2022-05-11;Tienda física;T010;E0053;28074;C0517;4;6;87,05;82,87
V02825;2022-03-12;Online;ONLINE;ONLINE;;SIN_REGISTRO;2;2;29,75;29,75
V02826;2022-08-24;Tienda física;T009;E0047;28115;C0477;3;4;77,17;71,24
V02827;2022-07-26;Tienda física;T009;E0047;48044;C0004;1;1;15,9;15,9
V02828;2023-03-11;Online;ONLINE;ONLINE;46250;C0546;3;3;53,14;51,65
V02829;2022-08-11;Tienda física;T003;E0015;28074;C0663;1;3;45,21;45,21
V02830;2022-05-21;Tienda física;T012;E0063;41038;C0761;1;1;13,17;12,51
V02831;2023-01-20;Online;ONLINE;ONLINE;28074;C0632;2;3;48,18;47,55
V02832;2022-08-02;Online;ONLINE;ONLINE;41038;C0523;1;1;14,6;13,87
V02833;2023-04-03;Tienda física;T008;E0045;41059;C0405;1;2;69,5;66,02
V02834;2022-07-23;Online;ONLINE;ONLINE;47186;C0247;1;1;19,72;19,72
V02835;2023-08-28;Online;ONLINE;ONLINE;48020;C0353;4;7;167,45;157,66
V02836;2022-06-29;Tienda física;T010;E0050;41038;C0107;3;7;130,81;119,41
V02837;2022-06-16;Online;ONLINE;ONLINE;8019;C0667;1;2;26,34;26,34
V02838;2023-05-16;Online;ONLINE;ONLINE;47186;C0390;2;2;28,6;26,56
V02839;2022-11-21;Online;ONLINE;ONLINE;8015;C0316;1;1;19,64;18,66
V02840;2022-08-04;Tienda física;T004;E0020;28065;C0554;2;2;64,17;64,17
V02841;2023-05-05;Tienda física;T008;E0044;47186;C0023;7;8;240,58;238,03
V02842;2023-04-13;Tienda física;T007;E0037;29067;C0093;3;3;53,55;52,6
V02843;2023-01-25;Tienda física;T002;E0013;48020;C0232;3;3;75,06;71,92
V02844;2022-04-13;Online;ONLINE;ONLINE;28065;C0253;1;1;13,45;13,45
V02845;2022-11-14;Online;ONLINE;ONLINE;41059;C0694;2;3;40,07;40,07
V02846;2023-10-30;Online;ONLINE;ONLINE;8019;C0556;3;4;157,51;154,96
V02847;2023-12-20;Online;ONLINE;ONLINE;48044;C0003;3;4;71,64;71,64
V02848;2023-04-28;Tienda física;T010;E0053;28079;C0452;1;1;16,81;16,81
V02849;2023-10-25;Tienda física;T007;E0035;47186;C0656;1;3;65,82;65,82
V02850;2022-05-25;Tienda física;T001;E0002;28115;C0794;1;4;85,72;85,72
V02851;2023-08-02;Tienda física;T002;E0013;47186;C0095;2;4;92,06;92,06
V02852;2023-06-16;Online;ONLINE;ONLINE;41038;C0607;7;10;184,81;177,49
V02853;2023-12-13;Online;ONLINE;ONLINE;48044;C0636;5;6;168,98;163,9
V02854;2022-03-04;Tienda física;T012;E0065;41091;C0264;2;3;66,32;65,05
V02855;2023-11-08;Online;ONLINE;ONLINE;28074;C0146;6;11;151,47;145,43
V02856;2023-09-25;Tienda física;T006;E0033;50297;C0367;1;1;11,67;11,09
V02857;2023-03-06;Tienda física;T005;E0026;48020;C0343;3;7;173,2;172,46
V02858;2023-06-16;Tienda física;T006;E0032;46192;C0384;1;1;11,4;11,4
V02859;2023-01-09;Online;ONLINE;ONLINE;41091;C0302;1;1;13,3;13,3
V02860;2022-01-31;Tienda física;T005;E0029;48020;C0652;1;2;38,64;36,71
V02861;2022-11-10;Tienda física;T001;E0005;46250;C0680;3;3;70,82;68,81
V02862;2022-09-29;Tienda física;T004;E0020;46192;C0009;2;4;66,79;65,39
V02863;2022-01-30;Tienda física;T012;E0064;28006;C0422;1;2;64,36;64,36
V02864;2022-01-30;Tienda física;T008;E0045;48044;C0314;5;7;136,58;132,36
V02865;2022-05-28;Tienda física;T002;E0007;28079;C0067;5;9;201,11;193,14
V02866;2023-07-07;Tienda física;T012;E0065;28074;C0632;2;2;41,29;38,07
V02867;2022-06-11;Tienda física;T005;E0025;46192;C0043;1;3;64,38;64,38
V02868;2022-12-24;Tienda física;T004;E0019;41059;C0035;1;2;42,52;42,52
V02869;2023-03-06;Online;ONLINE;ONLINE;;SIN_REGISTRO;1;4;57;57
V02870;2023-05-03;Online;ONLINE;ONLINE;8019;C0400;1;1;20,95;19,9
V02871;2023-07-04;Tienda física;T009;E0046;28006;C0348;1;1;27,48;26,11
V02872;2023-09-10;Online;ONLINE;ONLINE;28079;C0354;3;3;57,54;55,61
V02873;2022-11-15;Tienda física;T011;E0056;50297;SIN_REGISTRO;4;6;183,95;182,98
V02874;2022-09-21;Tienda física;T007;E0036;50297;C0747;5;8;195,49;183,1
V02875;2023-11-04;Tienda física;T006;E0032;46250;C0609;1;1;28,21;25,39
V02876;2023-09-21;Online;ONLINE;ONLINE;28074;C0350;3;4;49,76;46,75
V02877;2023-05-05;Tienda física;T006;E0034;46250;C0229;7;15;395,16;384,58
V02878;2022-05-09;Tienda física;T009;E0049;50297;C0120;2;2;36,34;36,34
V02879;2022-05-27;Tienda física;T005;E0029;8019;SIN_REGISTRO;1;1;17,91;17,91
V02880;2022-04-08;Tienda física;T009;E0047;28115;C0614;1;2;34,24;29,1
V02881;2022-10-17;Tienda física;T007;E0039;28065;C0289;1;2;37,98;34,18
V02882;2022-09-13;Tienda física;T008;E0045;48020;C0234;2;2;36;36
V02883;2022-07-09;Online;ONLINE;ONLINE;29067;C0419;1;1;13,69;11,64
V02884;2022-12-03;Online;ONLINE;ONLINE;41059;C0368;4;4;73,48;69,86
V02885;2023-11-16;Tienda física;T005;E0028;29069;C0117;6;9;223,76;209,74
V02886;2022-05-15;Tienda física;T003;E0017;47186;C0094;5;7;214,25;213,95
V02887;2023-01-19;Tienda física;T007;E0036;8015;C0528;3;4;58,99;54,62
V02888;2023-08-17;Online;ONLINE;ONLINE;47186;C0358;1;2;55,12;46,85
V02889;2023-01-30;Tienda física;T003;E0015;28079;C0647;3;5;83,19;73,95
V02890;2022-07-22;Tienda física;T004;E0021;48044;C0763;1;3;50,85;50,85
V02891;2022-05-27;Tienda física;T007;E0039;29069;C0248;2;2;53,26;46,31
V02892;2022-09-01;Tienda física;T010;E0052;29069;SIN_REGISTRO;1;1;11,95;11,95
V02893;2022-11-27;Tienda física;T001;E0003;28079;C0344;1;2;25,92;25,92
V02894;2023-05-11;Tienda física;T006;E0033;46250;C0527;2;2;23,19;22,71
V02895;2023-10-06;Online;ONLINE;ONLINE;;SIN_REGISTRO;4;9;293,72;265,96
V02896;2023-04-08;Tienda física;T009;E0046;41091;C0011;2;4;72,77;71,05
V02897;2023-09-29;Online;ONLINE;ONLINE;8019;C0246;1;1;17,55;17,55
V02898;2022-05-01;Tienda física;T011;E0056;29067;C0093;7;10;161,41;157,72
V02899;2023-11-03;Tienda física;T009;E0046;47186;C0149;1;1;20,26;18,23
V02900;2022-12-12;Online;ONLINE;ONLINE;41059;C0315;1;1;14,14;14,14
V02901;2022-12-16;Online;ONLINE;ONLINE;50297;C0213;1;1;17,63;16,75
V02902;2023-11-11;Tienda física;T003;E0016;8019;C0192;2;3;62,07;61,02
V02903;2023-06-16;Online;ONLINE;ONLINE;46192;C0758;2;3;89,72;88,03
V02904;2023-01-10;Online;ONLINE;ONLINE;48044;C0158;2;5;109,62;105,34
V02905;2023-07-11;Online;ONLINE;ONLINE;29067;C0293;3;7;145,3;138
V02906;2022-08-21;Online;ONLINE;ONLINE;;SIN_REGISTRO;2;2;41,29;40,1
V02907;2022-05-04;Tienda física;T005;E0028;29069;C0216;1;1;12,46;11,21
V02908;2022-05-10;Tienda física;T008;E0042;46192;C0009;1;1;13,55;13,55
V02909;2023-04-09;Online;ONLINE;ONLINE;8015;C0337;3;5;166,65;164,57
V02910;2023-06-01;Online;ONLINE;ONLINE;28079;C0750;1;1;16,1;16,1
V02911;2023-06-08;Online;ONLINE;ONLINE;8019;C0556;1;1;27,81;27,81
V02912;2023-11-28;Online;ONLINE;ONLINE;41038;C0105;1;2;39,76;39,76
V02913;2022-07-23;Tienda física;T009;E0047;28065;C0554;4;6;154,79;143,88
V02914;2023-06-23;Tienda física;T011;E0058;46192;C0462;1;4;139,12;125,21
V02915;2023-07-31;Tienda física;T011;E0058;50297;SIN_REGISTRO;2;2;47,91;44,76
V02916;2023-06-30;Online;ONLINE;ONLINE;8019;C0454;9;9;241,32;231,47
V02917;2023-12-12;Tienda física;T009;E0046;8015;C0706;2;2;50,6;48,63
V02918;2023-01-19;Tienda física;T004;E0019;8015;C0036;2;2;32,9;32,9
V02919;2023-11-28;Online;ONLINE;ONLINE;;SIN_REGISTRO;4;7;201,33;194,49
V02920;2022-06-05;Online;ONLINE;ONLINE;46192;C0758;1;3;50,97;45,87
V02921;2022-07-27;Online;ONLINE;ONLINE;8019;C0192;2;2;59,05;59,05
V02922;2023-02-15;Online;ONLINE;ONLINE;28074;C0100;1;1;37,87;37,87
V02923;2023-06-19;Tienda física;T009;E0046;46250;C0291;4;5;98,86;97,44
V02924;2023-04-25;Online;ONLINE;ONLINE;28006;C0779;1;2;26,38;26,38
V02925;2022-11-04;Tienda física;T006;E0030;8015;C0528;1;1;15,18;15,18
V02926;2022-09-15;Tienda física;T012;E0063;48044;C0798;1;1;29,31;24,91
V02927;2022-08-02;Tienda física;T012;E0065;28006;SIN_REGISTRO;3;8;163,98;145,8
V02928;2022-03-02;Online;ONLINE;ONLINE;50297;C0306;5;9;188,81;179,18
V02929;2022-05-28;Tienda física;T004;E0020;28079;C0002;2;3;113,67;112,92
V02930;2022-09-06;Tienda física;T009;E0047;50297;C0437;3;3;93,65;92,7
V02931;2023-10-24;Tienda física;T004;E0019;28074;C0632;6;9;187,63;176,13
V02932;2023-08-29;Online;ONLINE;ONLINE;48020;C0738;1;2;26,78;26,78
V02933;2022-12-25;Online;ONLINE;ONLINE;28006;C0366;3;3;63,68;63,68
V02934;2022-10-10;Tienda física;T009;E0047;48044;SIN_REGISTRO;1;4;72,48;72,48
V02935;2022-05-07;Tienda física;T003;E0017;28006;C0157;3;4;77,95;74,76
V02936;2022-07-30;Online;ONLINE;ONLINE;28065;C0416;1;1;13,34;12,67
V02937;2023-11-20;Tienda física;T006;E0031;41091;SIN_REGISTRO;2;4;64,24;64,24
V02938;2022-01-12;Tienda física;T009;E0047;47186;C0394;1;3;40,8;34,68
V02939;2023-06-18;Online;ONLINE;ONLINE;8019;C0312;1;1;12,22;12,22
V02940;2023-10-06;Tienda física;T005;E0025;50297;C0092;1;2;27,64;24,88
V02941;2022-08-26;Tienda física;T011;E0060;8015;C0418;1;1;22,69;19,29
V02942;2022-11-02;Online;ONLINE;ONLINE;8019;C0282;2;3;57,07;55,88
V02943;2022-06-07;Tienda física;T002;E0007;8019;C0246;3;4;72,58;72,58
V02944;2022-10-06;Online;ONLINE;ONLINE;28074;C0663;1;2;28,94;28,94
V02945;2022-09-19;Tienda física;T003;E0014;46192;C0758;1;1;14,49;14,49
V02946;2023-03-13;Online;ONLINE;ONLINE;;SIN_REGISTRO;5;7;159,68;155,1
V02947;2023-12-28;Tienda física;T011;E0058;41038;C0061;1;1;26,25;22,31
V02948;2022-10-26;Online;ONLINE;ONLINE;47186;C0390;3;7;143,23;143,23
V02949;2022-04-01;Tienda física;T003;E0014;8019;C0790;2;2;26,07;24,22
V02950;2022-09-05;Tienda física;T005;E0028;41038;C0055;1;2;32,9;27,96
V02951;2023-12-20;Online;ONLINE;ONLINE;50297;C0222;3;6;193,93;191,8
V02952;2022-02-28;Tienda física;T004;E0021;46192;C0249;2;3;100,99;98,81
V02953;2022-10-14;Tienda física;T009;E0048;28079;C0597;8;14;392,87;370,11
V02954;2022-09-15;Tienda física;T004;E0023;48044;C0185;3;3;101,9;94,62
V02955;2023-03-06;Tienda física;T011;E0058;8015;C0493;3;6;184,97;180,2
V02956;2023-01-01;Online;ONLINE;ONLINE;8019;C0210;1;4;86,92;86,92
V02957;2022-04-14;Tienda física;T004;E0019;41091;C0651;5;5;133,54;130,78
V02958;2022-09-06;Tienda física;T009;E0047;28006;C0422;1;2;31,24;28,12
V02959;2022-08-15;Online;ONLINE;ONLINE;48020;C0616;2;3;104,64;94,17
V02960;2023-11-13;Tienda física;T002;E0013;46250;C0680;1;2;24,24;24,24
V02961;2023-12-27;Online;ONLINE;ONLINE;41059;C0565;1;4;39,32;37,35
V02962;2023-09-14;Tienda física;T010;E0053;48020;C0505;1;1;9,89;8,9
V02963;2022-02-13;Tienda física;T011;E0057;47186;C0095;1;4;61,12;55,01
V02964;2023-08-28;Tienda física;T004;E0023;41091;C0022;4;7;137,34;132,6
V02965;2023-08-13;Tienda física;T004;E0024;8019;C0196;6;7;141,12;136,33
V02966;2022-09-02;Tienda física;T001;E0005;8015;C0397;1;2;61,78;61,78
V02967;2023-02-08;Tienda física;T010;E0052;28074;C0225;2;2;49,57;46,07
V02968;2022-12-22;Tienda física;T005;E0026;48020;C0629;1;1;16,83;14,31
V02969;2023-04-17;Tienda física;T010;E0050;8015;C0668;1;1;22,36;20,12
V02970;2023-02-13;Tienda física;T012;E0063;47186;C0390;1;4;84,08;71,47
V02971;2023-11-17;Online;ONLINE;ONLINE;28079;C0377;4;7;199,58;197,1
V02972;2023-08-04;Tienda física;T007;E0035;46250;SIN_REGISTRO;2;3;49,24;48,39
V02973;2023-10-08;Online;ONLINE;ONLINE;28115;C0703;2;3;47,32;47,32
V02974;2022-10-27;Online;ONLINE;ONLINE;46192;C0219;1;1;17,96;17,06
V02975;2023-04-13;Online;ONLINE;ONLINE;8015;C0287;7;9;222,66;210,07
V02976;2023-12-01;Tienda física;T010;E0050;46250;C0207;2;3;87,91;87,91
V02977;2022-09-12;Tienda física;T012;E0061;48020;C0201;2;3;43,22;43,22
V02978;2022-02-18;Online;ONLINE;ONLINE;8019;C0102;3;5;188,02;188,02
V02979;2023-12-17;Online;ONLINE;ONLINE;41091;C0342;3;3;56,23;50,84
V02980;2022-06-14;Online;ONLINE;ONLINE;8019;C0236;1;1;18,44;18,44
V02981;2023-02-15;Online;ONLINE;ONLINE;8019;C0010;1;2;81,1;81,1
V02982;2023-05-27;Online;ONLINE;ONLINE;28065;C0169;2;3;54,5;50,51
V02983;2022-12-27;Online;ONLINE;ONLINE;41059;C0795;1;2;25,66;23,09
V02984;2022-11-21;Online;ONLINE;ONLINE;28074;C0461;2;3;53,76;53,76
V02985;2022-04-03;Tienda física;T012;E0061;41091;C0627;6;10;178,56;169,53
V02986;2022-11-17;Tienda física;T006;E0034;46192;C0227;2;5;111,31;100,18
V02987;2023-10-17;Tienda física;T006;E0034;46250;C0331;4;6;135,11;130,95
V02988;2022-07-27;Tienda física;T005;E0025;8015;C0493;2;2;32,36;32,36
V02989;2022-12-26;Tienda física;T012;E0064;41091;C0125;4;5;80,38;75,79
V02990;2023-01-06;Online;ONLINE;ONLINE;29069;C0541;8;12;279,29;274,05
V02991;2022-11-27;Online;ONLINE;ONLINE;48044;C0772;1;2;41,76;41,76
V02992;2022-07-14;Tienda física;T002;E0008;41059;C0014;2;4;106,06;104,8
V02993;2023-06-03;Tienda física;T002;E0008;46250;C0261;2;2;23,96;21
V02994;2023-07-28;Online;ONLINE;ONLINE;;SIN_REGISTRO;7;9;181,62;176,53
V02995;2023-02-12;Online;ONLINE;ONLINE;;SIN_REGISTRO;2;3;69,82;62,84
V02996;2022-07-23;Tienda física;T007;E0039;46192;C0508;1;2;41,16;41,16
V02997;2023-12-30;Online;ONLINE;ONLINE;48020;C0616;3;6;132,32;129,85
V02998;2022-09-27;Tienda física;T012;E0065;8019;C0784;1;2;38,14;38,14
V02999;2023-06-30;Tienda física;T011;E0056;48044;C0004;3;6;139,42;135,38
V03000;2022-05-17;Online;ONLINE;ONLINE;;SIN_REGISTRO;2;2;81,33;73,75
V03001;2022-10-28;Online;ONLINE;ONLINE;28006;C0157;1;1;13,52;12,17
V03002;2022-11-28;Online;ONLINE;ONLINE;28065;C0554;1;2;43,82;43,82
V03003;2022-02-11;Online;ONLINE;ONLINE;50297;C0566;1;1;13;13
V03004;2023-11-15;Tienda física;T006;E0034;8019;C0391;1;1;33,22;33,22
V03005;2023-05-22;Tienda física;T003;E0015;28074;C0136;2;3;55,35;55,35
V03006;2022-09-09;Online;ONLINE;ONLINE;50297;C0567;1;1;26,68;26,68
V03007;2023-10-26;Online;ONLINE;ONLINE;41038;C0250;2;4;73,88;71,54
V03008;2022-01-13;Tienda física;T007;E0037;47186;C0655;1;1;10,94;10,94
V03009;2022-01-22;Tienda física;T001;E0004;28006;C0288;1;2;34,98;31,48
V03010;2023-03-26;Tienda física;T010;E0054;29069;SIN_REGISTRO;1;2;27,92;26,52
V03011;2023-02-27;Online;ONLINE;ONLINE;41091;C0022;2;4;78,23;75,4
V03012;2023-10-05;Online;ONLINE;ONLINE;8019;C0378;1;1;16,68;15,01
V03013;2022-09-25;Online;ONLINE;ONLINE;50297;C0017;2;3;41,92;39,99
V03014;2022-09-27;Online;ONLINE;ONLINE;28074;C0589;1;2;43,22;41,06
V03015;2023-01-09;Tienda física;T004;E0021;28006;C0444;2;3;81,39;81,39
V03016;2023-07-08;Online;ONLINE;ONLINE;41059;C0721;2;2;94,7;94,7
V03017;2023-12-11;Tienda física;T010;E0051;29069;SIN_REGISTRO;3;4;126,6;122,06
V03018;2023-12-21;Online;ONLINE;ONLINE;;SIN_REGISTRO;1;4;53,32;53,32
V03019;2022-04-09;Online;ONLINE;ONLINE;41091;C0153;1;1;28,89;26
V03020;2023-07-03;Online;ONLINE;ONLINE;28115;C0783;1;1;18,45;18,45
V03021;2023-09-11;Tienda física;T009;E0048;48044;C0303;2;5;103,47;103,47
V03022;2023-12-20;Tienda física;T012;E0064;28074;C0140;1;3;68,76;58,45
V03023;2023-04-22;Tienda física;T005;E0026;48044;C0280;3;3;65,05;65,05
V03024;2023-04-17;Tienda física;T004;E0021;28074;C0632;1;2;41,82;37,64
V03025;2023-05-25;Online;ONLINE;ONLINE;41038;C0250;3;4;72,88;70,31
V03026;2022-03-08;Tienda física;T002;E0009;8019;C0468;2;4;82,84;82,84
V03027;2023-07-28;Tienda física;T009;E0049;8019;C0479;1;1;30,64;29,11
V03028;2022-12-22;Tienda física;T008;E0043;29067;C0283;1;2;25,88;24,59
V03029;2022-03-07;Tienda física;T007;E0037;28074;C0524;2;2;44,04;38,79
V03030;2022-03-08;Tienda física;T003;E0016;28079;SIN_REGISTRO;3;4;91,8;86,88
V03031;2023-08-07;Tienda física;T008;E0043;47186;C0071;4;5;127,41;127,41
V03032;2024-01-01;Online;ONLINE;ONLINE;48020;C0132;2;3;77,63;69,86
V03033;2023-03-18;Tienda física;T007;E0039;8019;C0268;3;6;122,77;112,6
V03034;2023-02-10;Tienda física;T003;E0015;28079;C0709;2;6;105,58;105,58
V03035;2022-11-14;Tienda física;T007;E0038;28006;C0111;3;4;151,96;146,63
V03036;2022-12-05;Online;ONLINE;ONLINE;48044;C0076;2;3;84,91;84,91
V03037;2022-05-28;Online;ONLINE;ONLINE;28074;C0664;5;9;220,65;204,12
V03038;2022-01-07;Tienda física;T008;E0045;47186;C0095;1;1;10,71;9,64
V03039;2023-12-31;Online;ONLINE;ONLINE;28065;C0413;2;3;60,6;60,6
V03040;2022-03-14;Tienda física;T005;E0029;29069;C0459;2;4;182,1;177,96
V03041;2023-06-27;Online;ONLINE;ONLINE;8019;C0739;3;4;91,84;87,25
V03042;2022-07-19;Tienda física;T009;E0047;48044;C0763;1;1;24,37;24,37
V03043;2022-07-05;Online;ONLINE;ONLINE;29069;C0504;1;1;13,34;13,34
V03044;2022-05-03;Online;ONLINE;ONLINE;28079;C0633;2;2;46,7;44,71
V03045;2022-04-07;Tienda física;T009;E0048;41038;C0105;1;2;35,12;33,36
V03046;2023-02-22;Tienda física;T004;E0019;47186;C0483;4;7;120,83;115,23
V03047;2022-05-22;Tienda física;T011;E0060;29067;C0691;2;4;61,04;61,04
V03048;2022-04-09;Tienda física;T007;E0039;29067;C0562;1;1;18,99;18,99
V03049;2022-07-01;Online;ONLINE;ONLINE;28115;C0499;2;4;63,87;61,68
V03050;2022-09-16;Tienda física;T010;E0053;28074;C0753;4;4;115,01;111,5
V03051;2022-07-08;Online;ONLINE;ONLINE;29069;C0203;2;2;38,07;36,36
V03052;2022-07-25;Tienda física;T001;E0006;29069;C0239;5;9;236,87;228,67
V03053;2023-10-25;Tienda física;T008;E0042;28115;C0477;1;1;47,36;40,26
V03054;2022-12-14;Online;ONLINE;ONLINE;28074;C0136;1;2;27,88;26,49
V03055;2023-06-21;Online;ONLINE;ONLINE;8019;C0211;1;1;21,44;21,44
V03056;2023-09-13;Tienda física;T005;E0028;28074;C0052;1;2;59,44;59,44
V03057;2023-12-01;Tienda física;T007;E0039;8019;C0391;7;8;141,09;140,38
V03058;2022-06-22;Tienda física;T007;E0037;46250;SIN_REGISTRO;1;1;19,15;19,15
V03059;2022-01-05;Online;ONLINE;ONLINE;46192;C0219;2;2;43,04;43,04
V03060;2022-11-10;Tienda física;T005;E0027;41038;C0700;1;4;91,08;91,08
V03061;2022-03-13;Tienda física;T005;E0027;46192;C0043;2;2;41,32;41,32
V03062;2023-10-14;Online;ONLINE;ONLINE;47186;C0645;4;6;102,29;96,18
V03063;2022-07-06;Online;ONLINE;ONLINE;47186;C0762;2;2;52,85;49,39
V03064;2022-12-20;Online;ONLINE;ONLINE;47186;C0645;1;1;16,84;16,84
V03065;2023-09-07;Online;ONLINE;ONLINE;41059;C0112;2;2;28,34;28,34
V03066;2023-03-28;Online;ONLINE;ONLINE;28065;C0470;1;4;63,04;53,58
V03067;2023-06-04;Online;ONLINE;ONLINE;48020;C0652;5;7;176,74;165,17
V03068;2022-02-01;Tienda física;T005;E0027;8019;C0666;1;2;78,82;70,94
V03069;2023-07-05;Online;ONLINE;ONLINE;50297;C0168;3;3;84,57;82,29
V03070;2022-10-26;Tienda física;T002;E0008;28115;C0788;1;1;22,06;22,06
V03071;2023-12-01;Online;ONLINE;ONLINE;41059;C0108;3;4;91,24;91,24
V03072;2022-04-13;Online;ONLINE;ONLINE;8019;C0391;1;1;20,18;19,17
V03073;2023-09-10;Tienda física;T004;E0020;46250;C0800;2;3;81,43;80,11
V03074;2023-04-11;Tienda física;T002;E0008;8019;C0062;4;6;87,68;84,3
V03075;2023-04-04;Tienda física;T003;E0016;28065;C0166;6;8;200,28;190,11
V03076;2022-12-13;Tienda física;T004;E0018;41038;C0540;2;3;53,52;53,52
V03077;2022-05-25;Online;ONLINE;ONLINE;46192;C0325;3;6;60,8;60,8
V03078;2022-07-12;Tienda física;T006;E0032;41038;C0073;4;6;203,77;189,25
V03079;2023-01-02;Online;ONLINE;ONLINE;48044;C0792;1;1;18,76;18,76
V03080;2023-11-07;Online;ONLINE;ONLINE;;SIN_REGISTRO;4;6;209,78;201,09
V03081;2023-06-17;Online;ONLINE;ONLINE;41038;C0250;2;2;34,3;34,3
V03082;2023-06-24;Tienda física;T012;E0061;50297;C0306;1;2;36,34;32,71
V03083;2023-07-14;Online;ONLINE;ONLINE;48020;C0599;2;2;34,26;30,53
V03084;2022-10-17;Tienda física;T002;E0009;28074;C0146;5;5;95,35;93,21
V03085;2023-04-04;Tienda física;T001;E0004;8019;C0428;2;3;83,14;78,03
V03086;2023-10-04;Tienda física;T011;E0060;47186;C0149;1;1;15,97;15,17
V03087;2023-03-22;Online;ONLINE;ONLINE;48044;C0737;1;4;79,92;75,92
V03088;2023-05-18;Tienda física;T007;E0036;46250;SIN_REGISTRO;2;5;158,56;155,94
V03089;2022-04-17;Tienda física;T011;E0059;28115;C0286;3;6;108,73;99,17
V03090;2023-09-17;Tienda física;T008;E0040;8015;C0604;2;3;64,6;58,84
V03091;2023-05-25;Online;ONLINE;ONLINE;29067;C0283;1;1;14,99;14,99
V03092;2023-06-25;Tienda física;T002;E0010;28115;C0783;1;1;17,37;17,37
V03093;2022-04-02;Online;ONLINE;ONLINE;28065;C0550;2;2;65,49;65,49
V03094;2023-10-19;Tienda física;T002;E0008;28115;C0537;7;9;181,48;178,48
V03095;2023-07-02;Tienda física;T009;E0049;29069;C0015;1;2;46,02;46,02
V03096;2022-11-07;Online;ONLINE;ONLINE;41091;C0392;2;2;31,34;30,4
V03097;2022-12-27;Online;ONLINE;ONLINE;46250;C0735;2;3;59,11;54,68
V03098;2023-12-02;Online;ONLINE;ONLINE;28115;C0782;2;4;56,97;56,29
V03099;2023-06-05;Tienda física;T003;E0014;46192;C0676;1;1;20,89;20,89
V03100;2022-08-08;Tienda física;T003;E0017;28065;C0550;4;4;86,13;85,33
V03101;2022-07-10;Tienda física;T009;E0049;48044;SIN_REGISTRO;3;3;63,56;61,08
V03102;2022-03-16;Tienda física;T003;E0015;48044;C0004;1;2;33,6;28,56
V03103;2023-05-23;Tienda física;T011;E0056;29069;C0459;1;1;15,52;15,52
V03104;2022-02-16;Tienda física;T002;E0007;41059;C0395;1;1;20,98;19,93
V03105;2023-12-07;Tienda física;T004;E0022;41091;C0066;1;1;20,74;20,74
V03106;2022-01-05;Tienda física;T001;E0004;41038;C0077;1;1;12,98;12,98
V03107;2022-07-01;Tienda física;T005;E0029;8019;SIN_REGISTRO;1;1;22,22;21,11
V03108;2023-01-16;Tienda física;T010;E0054;28065;C0592;3;3;78,92;74,13
V03109;2022-06-09;Tienda física;T003;E0015;28115;C0199;4;6;141,84;137,17
V03110;2023-09-29;Online;ONLINE;ONLINE;28006;C0215;4;7;131,72;127,02
V03111;2023-03-09;Online;ONLINE;ONLINE;46250;C0609;1;1;15,93;13,54
V03112;2022-07-29;Online;ONLINE;ONLINE;29067;C0678;2;3;37,64;33,92
V03113;2023-02-24;Tienda física;T005;E0025;29067;C0097;2;3;173,92;169,86
V03114;2023-03-02;Tienda física;T010;E0050;28115;C0537;1;1;21,74;20,65
V03115;2022-10-12;Tienda física;T011;E0056;48020;C0401;1;1;10,22;10,22
V03116;2022-09-17;Tienda física;T008;E0042;48020;C0599;2;3;41,21;37,09
V03117;2023-10-04;Online;ONLINE;ONLINE;8019;C0415;2;2;41,06;38,27
V03118;2022-02-12;Online;ONLINE;ONLINE;46250;C0434;2;3;42,67;37,54
V03119;2022-05-12;Tienda física;T008;E0043;41038;C0695;1;1;17,42;14,81
V03120;2022-03-14;Tienda física;T005;E0029;47186;C0149;1;1;20,19;17,16
V03121;2022-04-29;Online;ONLINE;ONLINE;46250;C0331;1;1;31,45;31,45
V03122;2022-03-10;Online;ONLINE;ONLINE;50297;C0776;1;4;60,84;60,84
V03123;2022-06-21;Online;ONLINE;ONLINE;46192;C0254;1;1;30,94;26,3
V03124;2023-11-29;Tienda física;T003;E0015;28074;C0634;2;2;48,38;43,16
V03125;2022-10-19;Online;ONLINE;ONLINE;48020;C0693;1;1;14,61;13,15
V03126;2022-10-19;Tienda física;T001;E0005;41059;C0032;1;4;61,84;55,66
V03127;2022-04-22;Tienda física;T004;E0020;28115;C0300;1;4;121,8;121,8
V03128;2022-07-26;Online;ONLINE;ONLINE;29069;C0248;3;3;73,16;70,33
V03129;2022-07-25;Online;ONLINE;ONLINE;41038;C0096;3;4;61,49;57,52
V03130;2023-04-26;Tienda física;T004;E0019;28079;C0404;1;1;22,72;21,58
V03131;2022-04-25;Online;ONLINE;ONLINE;41038;C0183;2;4;110,02;110,02
V03132;2023-02-02;Tienda física;T007;E0037;41038;C0486;1;1;21,36;21,36
V03133;2023-12-12;Tienda física;T010;E0055;28074;C0731;2;3;115,75;113,5
V03134;2023-03-23;Tienda física;T006;E0032;8019;C0282;2;5;145,23;135,09
V03135;2023-03-25;Tienda física;T010;E0054;8019;C0741;4;8;195,82;186,03
V03136;2023-03-29;Tienda física;T002;E0013;28115;SIN_REGISTRO;1;1;14,16;12,74
V03137;2023-11-10;Tienda física;T003;E0017;48020;C0450;3;4;145,6;137,26
V03138;2022-08-04;Tienda física;T011;E0056;28006;C0713;1;2;56,48;48,01
V03139;2022-02-14;Online;ONLINE;ONLINE;28006;C0215;7;13;424,31;403,06
V03140;2022-06-06;Tienda física;T010;E0050;28074;C0350;2;3;59,99;59,99
V03141;2022-06-29;Online;ONLINE;ONLINE;48020;C0600;2;2;48,45;47,16
V03142;2022-07-25;Tienda física;T009;E0046;41091;C0464;5;12;204,42;191
V03143;2023-02-05;Online;ONLINE;ONLINE;;SIN_REGISTRO;1;1;11,15;10,59
V03144;2022-10-26;Tienda física;T004;E0021;8019;C0312;1;1;22,82;20,54
V03145;2022-08-19;Tienda física;T011;E0057;8019;C0741;3;6;126,66;124,34
V03146;2022-12-10;Online;ONLINE;ONLINE;41038;C0515;1;1;11,05;9,39
V03147;2022-01-26;Online;ONLINE;ONLINE;8019;C0771;2;2;83,34;82,41
V03148;2022-09-09;Tienda física;T001;E0002;29069;C0265;1;2;29,18;26,26
V03149;2023-07-25;Tienda física;T005;E0029;8019;SIN_REGISTRO;7;9;216;216
V03150;2023-07-15;Tienda física;T009;E0047;46192;C0551;2;3;55,6;55,6
V03151;2022-04-25;Tienda física;T007;E0035;46192;C0382;1;1;20,16;17,14
V03152;2023-02-24;Tienda física;T005;E0026;41059;C0035;1;4;86,16;77,54
V03153;2023-09-26;Tienda física;T010;E0054;28115;C0783;1;1;20,14;17,12
V03154;2022-11-26;Tienda física;T005;E0029;46192;C0254;3;3;92,82;92,82
V03155;2022-05-27;Tienda física;T009;E0047;41091;C0692;3;4;150,33;150,33
V03156;2022-01-07;Online;ONLINE;ONLINE;8019;C0666;4;8;207,4;192,59
V03157;2023-07-31;Online;ONLINE;ONLINE;41038;C0110;6;10;178,74;171,81
V03158;2023-08-04;Tienda física;T007;E0037;41059;C0126;2;2;54,43;54,43
V03159;2023-10-06;Online;ONLINE;ONLINE;29067;C0474;2;2;30,55;30,55
V03160;2022-01-21;Tienda física;T004;E0019;46192;C0435;1;1;17,96;15,27
V03161;2023-08-09;Tienda física;T005;E0027;28006;C0197;2;2;41,1;37,14
V03162;2022-10-17;Tienda física;T007;E0036;46250;SIN_REGISTRO;1;1;20,51;17,43
V03163;2023-04-06;Online;ONLINE;ONLINE;29067;C0338;1;3;39,57;33,63
V03164;2023-12-01;Tienda física;T005;E0025;8015;C0029;2;3;43,45;41,28
V03165;2022-12-20;Tienda física;T011;E0058;50297;SIN_REGISTRO;2;3;69,96;65,53
V03166;2023-05-06;Tienda física;T003;E0016;28074;C0753;5;7;125,96;119,94
V03167;2023-07-04;Online;ONLINE;ONLINE;8019;C0454;2;2;48,15;46,9
V03168;2022-05-28;Online;ONLINE;ONLINE;;SIN_REGISTRO;2;2;20,57;20,12
V03169;2023-02-02;Tienda física;T009;E0048;47186;C0655;1;2;29,52;29,52
V03170;2023-01-12;Online;ONLINE;ONLINE;46192;C0758;1;3;53,73;45,67
V03171;2023-03-19;Tienda física;T012;E0061;28079;C0760;1;2;27,74;27,74
V03172;2022-02-13;Tienda física;T012;E0061;41059;C0218;2;2;69,84;69
V03173;2023-12-29;Tienda física;T001;E0002;29069;C0266;3;3;42,85;40,85
V03174;2023-02-16;Tienda física;T007;E0039;41091;C0124;1;1;20,13;20,13
V03175;2022-08-02;Tienda física;T011;E0058;28115;C0320;2;2;39,58;38,64
V03176;2023-03-04;Online;ONLINE;ONLINE;48020;C0602;7;11;213,6;211,69
V03177;2023-03-31;Tienda física;T008;E0045;47186;C0572;1;1;12,36;11,74
V03178;2023-01-08;Tienda física;T007;E0037;29069;C0239;1;2;21,98;21,98
V03179;2023-11-13;Tienda física;T011;E0059;41038;C0466;2;2;55,61;54,77
V03180;2023-06-27;Online;ONLINE;ONLINE;;SIN_REGISTRO;5;10;318,44;309,93
V03181;2022-08-11;Tienda física;T012;E0062;28006;SIN_REGISTRO;1;2;21,1;17,94
V03182;2023-08-06;Online;ONLINE;ONLINE;48044;C0765;1;3;67,17;67,17
V03183;2023-04-20;Online;ONLINE;ONLINE;46250;C0659;1;2;25,86;23,27
V03184;2023-01-19;Tienda física;T012;E0063;28006;SIN_REGISTRO;5;7;112,76;106,29
V03185;2022-08-07;Tienda física;T003;E0016;41091;C0734;6;10;181,11;178,98
V03186;2023-04-27;Online;ONLINE;ONLINE;41038;C0700;2;3;54,03;54,03
V03187;2022-11-04;Tienda física;T009;E0049;48020;C0738;2;2;83,22;74,9
V03188;2022-02-22;Online;ONLINE;ONLINE;8019;C0494;3;3;45,1;44,29
V03189;2022-12-12;Online;ONLINE;ONLINE;28074;C0085;2;2;24,48;22,66
V03190;2023-11-07;Online;ONLINE;ONLINE;41059;C0538;3;4;92,41;91,23
V03191;2022-07-04;Tienda física;T005;E0027;28006;C0558;2;2;55,12;53,36
V03192;2023-12-12;Tienda física;T007;E0039;28115;C0033;2;2;44,08;43,11
V03193;2023-08-05;Tienda física;T007;E0035;28079;C0443;1;1;14,39;12,23
V03194;2022-10-07;Tienda física;T007;E0039;41038;C0098;1;1;13,68;11,63
V03195;2023-10-19;Tienda física;T009;E0049;41059;C0751;1;1;16,47;15,65
V03196;2022-06-04;Online;ONLINE;ONLINE;29069;C0202;2;2;27,92;27,21
V03197;2023-04-25;Tienda física;T001;E0006;28079;SIN_REGISTRO;1;1;32,77;32,77
V03198;2023-05-14;Tienda física;T007;E0035;29069;C0553;2;2;62,29;62,29
V03199;2023-11-24;Online;ONLINE;ONLINE;46192;C0238;2;4;66,04;66,04
V03200;2022-03-29;Online;ONLINE;ONLINE;46192;C0384;2;4;89,41;89,41
V03201;2022-02-24;Online;ONLINE;ONLINE;8015;C0724;1;1;14,4;14,4
V03202;2022-11-17;Online;ONLINE;ONLINE;41038;C0250;2;2;53,85;53,85
V03203;2022-06-04;Online;ONLINE;ONLINE;28074;C0122;2;3;46,8;46,8
V03204;2022-03-09;Online;ONLINE;ONLINE;50297;C0013;2;2;34,23;32,3
V03205;2023-08-21;Online;ONLINE;ONLINE;47186;C0292;1;1;14,1;13,39
V03206;2022-12-13;Tienda física;T011;E0058;28006;C0111;1;1;27,42;23,31
V03207;2022-10-24;Online;ONLINE;ONLINE;28079;C0543;4;6;185,58;182,69
V03208;2023-07-30;Tienda física;T004;E0022;47186;C0262;2;2;28;28
V03209;2022-06-17;Online;ONLINE;ONLINE;50297;C0369;1;1;14,36;13,64
V03210;2023-06-30;Tienda física;T011;E0056;41059;C0538;4;4;87,63;82,13
V03211;2022-06-12;Tienda física;T001;E0004;41038;C0186;4;8;255,09;234,67
V03212;2023-12-18;Tienda física;T009;E0046;28065;C0592;2;4;76,27;75,43
V03213;2022-04-27;Tienda física;T002;E0013;48020;C0127;1;1;19,5;16,57
V03214;2023-04-01;Tienda física;T003;E0016;29067;C0034;2;3;68,17;68,17
V03215;2022-05-19;Tienda física;T012;E0062;41038;C0695;5;6;102,82;97,43
V03216;2023-01-24;Tienda física;T003;E0015;46192;C0195;2;2;33,27;32,62
V03217;2022-01-21;Online;ONLINE;ONLINE;29067;C0618;2;4;56,39;52,69
V03218;2023-03-28;Tienda física;T005;E0028;28079;C0698;1;2;48,86;43,97
V03219;2023-04-04;Tienda física;T002;E0010;41059;C0565;2;4;207,65;207,65
V03220;2023-11-19;Tienda física;T010;E0052;41091;C0627;4;7;133,73;130,08
V03221;2022-12-14;Tienda física;T007;E0035;50297;C0222;3;4;69,05;69,05
V03222;2022-03-12;Online;ONLINE;ONLINE;41091;C0259;1;1;22,64;22,64
V03223;2023-10-02;Tienda física;T012;E0064;28074;C0140;1;1;12,57;12,57
V03224;2022-06-03;Tienda física;T009;E0047;28079;C0019;1;1;14,71;14,71
V03225;2023-10-12;Tienda física;T006;E0033;8019;C0521;1;1;14;14
V03226;2023-12-30;Tienda física;T007;E0038;8015;C0476;5;5;137,71;133,8
V03227;2023-09-10;Tienda física;T006;E0033;41091;SIN_REGISTRO;3;5;165,48;158,61
V03228;2023-09-29;Tienda física;T007;E0037;28006;C0532;3;3;90,84;86,14
V03229;2022-06-23;Tienda física;T012;E0064;8019;C0212;9;12;331,95;323,1
V03230;2022-07-16;Tienda física;T011;E0060;50297;SIN_REGISTRO;3;4;143,35;137,25
V03231;2023-06-17;Tienda física;T009;E0049;46192;C0233;2;2;43,52;43,52
V03232;2022-11-23;Tienda física;T010;E0051;48044;C0172;2;3;81,2;81,2
V03233;2023-10-27;Tienda física;T006;E0034;46250;C0165;2;2;80,5;80,5
V03234;2022-09-27;Tienda física;T004;E0021;48044;C0529;1;4;63,52;60,34
V03235;2022-12-12;Tienda física;T003;E0016;47186;C0023;1;2;50,98;50,98
V03236;2023-11-04;Tienda física;T009;E0046;28006;C0641;5;6;231,07;218,73
V03237;2022-12-07;Online;ONLINE;ONLINE;50297;C0777;1;1;30,38;27,34
V03238;2022-05-14;Tienda física;T009;E0046;47186;C0653;2;2;31,23;30,05
V03239;2023-08-11;Online;ONLINE;ONLINE;48020;C0451;2;4;105,9;105,9
V03240;2023-01-25;Tienda física;T009;E0047;48044;C0076;6;12;260,34;258,9
V03241;2023-01-25;Tienda física;T003;E0017;41038;C0073;1;2;37,78;35,89
V03242;2023-12-13;Tienda física;T003;E0016;46192;C0460;2;3;56,53;50,45
V03243;2023-12-15;Tienda física;T002;E0008;28115;SIN_REGISTRO;4;7;125,1;122,71
V03244;2023-01-11;Online;ONLINE;ONLINE;28006;C0752;2;2;85,22;82,37
V03245;2023-02-21;Online;ONLINE;ONLINE;8015;C0717;2;4;100;91,25
V03246;2022-05-16;Tienda física;T005;E0028;41059;C0332;2;3;62,04;62,04
V03247;2023-07-20;Tienda física;T011;E0060;50297;C0042;1;4;55,96;55,96
V03248;2022-10-16;Tienda física;T002;E0010;8019;C0180;2;3;68,6;68,6
V03249;2023-04-06;Tienda física;T010;E0050;48044;C0763;4;5;106,56;99,65
V03250;2023-11-14;Online;ONLINE;ONLINE;29069;C0374;3;3;51,98;48,11
V03251;2022-01-24;Online;ONLINE;ONLINE;46250;C0291;2;3;66,63;61,49
V03252;2022-09-06;Online;ONLINE;ONLINE;8019;C0425;3;7;121,44;116,63
V03253;2023-01-18;Tienda física;T009;E0046;29067;C0293;1;1;23,62;23,62
V03254;2023-08-09;Online;ONLINE;ONLINE;28006;C0215;3;4;83,12;81,97
V03255;2022-03-19;Online;ONLINE;ONLINE;41059;C0315;3;4;59,89;58,59
V03256;2022-12-16;Tienda física;T004;E0022;41038;C0098;3;3;60,23;54,92
V03257;2022-06-09;Online;ONLINE;ONLINE;29069;C0235;1;1;23,35;21,02
V03258;2023-10-09;Online;ONLINE;ONLINE;50297;C0270;2;2;57,37;57,37
V03259;2023-09-20;Online;ONLINE;ONLINE;41038;C0660;3;7;118,26;115,92
V03260;2023-12-23;Tienda física;T004;E0020;28079;C0056;2;3;65,5;61,74
V03261;2022-03-25;Online;ONLINE;ONLINE;8019;C0174;5;7;143,04;139,09
V03262;2022-04-04;Tienda física;T002;E0007;47186;C0388;2;3;32,5;32,5
V03263;2023-12-04;Online;ONLINE;ONLINE;29067;C0403;2;2;41,6;41,6
V03264;2022-02-21;Online;ONLINE;ONLINE;47186;C0574;4;6;133,5;125,73
V03265;2023-02-01;Tienda física;T012;E0061;8019;C0670;1;1;18,62;18,62
V03266;2023-05-03;Tienda física;T008;E0040;48020;C0220;2;3;99,41;99,41
V03267;2023-09-12;Online;ONLINE;ONLINE;41059;C0576;1;1;18,23;15,5
V03268;2023-04-26;Online;ONLINE;ONLINE;28115;C0484;2;2;37,89;36,63
V03269;2023-03-30;Online;ONLINE;ONLINE;48044;C0258;1;2;42,74;42,74
V03270;2022-03-23;Online;ONLINE;ONLINE;41059;C0126;3;6;225,33;214,61
V03271;2022-09-27;Online;ONLINE;ONLINE;48020;C0513;1;2;25,8;25,8
V03272;2023-12-18;Tienda física;T002;E0011;50297;C0042;3;4;66,56;66,56
V03273;2022-07-12;Tienda física;T002;E0007;50297;C0080;2;2;29,36;29,36
V03274;2022-08-22;Online;ONLINE;ONLINE;41038;C0695;1;2;53,38;53,38
V03275;2023-10-13;Tienda física;T004;E0018;46192;C0341;2;3;55,76;50,18
V03276;2023-09-08;Online;ONLINE;ONLINE;8015;C0284;1;2;24,52;23,29
V03277;2022-08-12;Tienda física;T005;E0028;8019;SIN_REGISTRO;1;2;37,94;36,04
V03278;2022-12-20;Tienda física;T004;E0021;8019;SIN_REGISTRO;10;12;253,99;248,02
V03279;2023-06-28;Tienda física;T011;E0058;28079;C0544;3;5;161,95;154,56
V03280;2022-10-16;Tienda física;T010;E0054;50297;C0198;1;2;30,08;30,08
V03281;2022-03-05;Tienda física;T008;E0042;48020;SIN_REGISTRO;3;3;54,75;53,01
V03282;2022-12-19;Tienda física;T009;E0049;46192;C0043;4;4;129,94;119,74
V03283;2023-09-27;Tienda física;T005;E0025;29067;C0661;4;7;199,39;192,49
V03284;2023-11-22;Tienda física;T011;E0060;41091;C0692;1;2;26,5;22,52
V03285;2022-01-13;Tienda física;T008;E0045;50297;C0379;3;4;76,46;70,91
V03286;2022-11-23;Online;ONLINE;ONLINE;47186;C0572;5;9;204,23;199,48
V03287;2023-12-16;Tienda física;T002;E0008;48020;C0352;1;1;10,72;9,11
V03288;2023-08-06;Tienda física;T008;E0043;48020;C0671;2;3;140,92;140,92
V03289;2023-04-07;Online;ONLINE;ONLINE;28074;C0136;1;1;14,16;14,16
V03290;2023-01-15;Tienda física;T003;E0014;28074;C0677;4;6;138,4;133,42
V03291;2023-05-16;Tienda física;T003;E0017;48044;C0090;4;5;236,18;220,03
V03292;2022-08-22;Tienda física;T005;E0028;50297;C0777;2;2;32,09;28,88
V03293;2022-02-13;Online;ONLINE;ONLINE;;SIN_REGISTRO;2;2;54,02;51,99
V03294;2023-02-24;Tienda física;T012;E0062;50297;C0167;1;1;22,33;21,21
V03295;2022-11-29;Online;ONLINE;ONLINE;48044;C0482;4;7;184,26;175,05
V03296;2023-04-21;Online;ONLINE;ONLINE;;SIN_REGISTRO;3;7;333,05;332,31
V03297;2022-05-26;Tienda física;T001;E0002;29067;C0293;2;4;49,16;43,27
V03298;2023-03-06;Online;ONLINE;ONLINE;47186;C0130;2;4;93,4;93,4
V03299;2022-11-21;Online;ONLINE;ONLINE;;SIN_REGISTRO;3;3;59,22;57,55
V03300;2023-02-14;Online;ONLINE;ONLINE;46192;C0238;1;2;41,1;41,1
V03301;2023-03-21;Tienda física;T005;E0025;50297;C0168;1;4;109;92,65
V03302;2022-06-04;Tienda física;T012;E0064;8019;C0556;1;2;44,74;40,27
V03303;2022-08-11;Tienda física;T010;E0050;29069;C0216;3;3;52,13;49,59
V03304;2023-02-05;Tienda física;T004;E0020;41038;C0105;2;3;65,07;61,81
V03305;2022-10-05;Tienda física;T006;E0030;28074;C0146;2;2;61,06;56,57
V03306;2022-01-23;Tienda física;T007;E0035;28079;C0760;2;3;77,93;76,59
V03307;2022-06-12;Online;ONLINE;ONLINE;29067;C0097;2;3;48,79;48,79
V03308;2022-08-22;Tienda física;T008;E0040;46250;C0732;2;2;84,18;77,61
V03309;2023-09-14;Online;ONLINE;ONLINE;47186;C0358;4;5;122,43;110,7
V03310;2023-03-20;Tienda física;T009;E0049;28065;C0592;1;3;72,24;68,63
V03311;2023-05-15;Online;ONLINE;ONLINE;;SIN_REGISTRO;1;1;12,97;11,02
V03312;2022-12-28;Online;ONLINE;ONLINE;50297;C0777;2;2;22,37;21,89
V03313;2022-11-28;Tienda física;T004;E0019;28065;C0087;1;1;15,92;13,53
V03314;2023-09-15;Tienda física;T001;E0001;28065;C0564;2;4;73,89;73,89
V03315;2022-08-29;Tienda física;T008;E0043;41091;C0069;1;1;16,92;15,23
V03316;2022-08-10;Tienda física;T001;E0005;28079;SIN_REGISTRO;2;2;52,17;50,61
V03317;2022-01-14;Tienda física;T002;E0007;28074;C0728;1;4;105,96;105,96
V03318;2022-12-13;Tienda física;T005;E0027;8019;C0741;3;4;61,66;57,35
V03319;2023-12-02;Online;ONLINE;ONLINE;28115;C0701;1;1;44,28;39,85
V03320;2023-09-19;Online;ONLINE;ONLINE;28115;C0510;2;3;40,94;40,94
V03321;2023-06-27;Tienda física;T006;E0031;48020;C0362;3;5;60,47;59,32
V03322;2023-01-18;Tienda física;T010;E0055;46250;C0229;1;3;47,01;39,96
V03323;2023-01-14;Tienda física;T004;E0019;41091;C0243;2;2;40,39;38,76
V03324;2022-03-06;Tienda física;T008;E0045;46192;C0676;3;5;146,14;137,02
V03325;2023-01-14;Tienda física;T010;E0052;29069;SIN_REGISTRO;2;2;45,51;43,24
V03326;2022-08-03;Online;ONLINE;ONLINE;46192;C0227;2;3;81,59;81,59
V03327;2022-11-17;Online;ONLINE;ONLINE;48044;C0190;2;4;80,16;73,04
V03328;2022-10-15;Online;ONLINE;ONLINE;47186;C0542;4;5;134,09;129,1
V03329;2023-08-15;Tienda física;T001;E0006;48044;C0792;6;8;148,09;145,31
V03330;2022-05-11;Online;ONLINE;ONLINE;29067;C0065;3;3;93,94;89,9
V03331;2023-12-27;Tienda física;T010;E0054;41059;C0091;1;1;15,92;14,33
V03332;2022-09-13;Online;ONLINE;ONLINE;8019;C0180;1;3;54,48;51,76
V03333;2022-01-20;Tienda física;T001;E0006;8019;C0296;3;4;104,66;97,69
V03334;2023-01-29;Online;ONLINE;ONLINE;48044;C0552;2;3;90,48;88,06
V03335;2022-03-25;Online;ONLINE;ONLINE;50297;C0006;3;3;63,04;59,46
V03336;2023-04-19;Online;ONLINE;ONLINE;41059;C0368;5;8;156,57;147,05
V03337;2022-03-10;Tienda física;T004;E0020;48020;C0492;4;7;181,59;171,29
V03338;2022-07-17;Online;ONLINE;ONLINE;8019;C0196;2;2;46,02;44,49
V03339;2023-01-08;Tienda física;T005;E0029;48044;C0482;1;1;18,9;18,9
V03340;2022-09-10;Tienda física;T011;E0056;28006;C0641;1;2;32,54;32,54
V03341;2022-12-02;Tienda física;T011;E0060;28074;C0146;2;2;48,3;48,3
V03342;2023-07-30;Tienda física;T006;E0032;8019;C0556;1;1;15,44;15,44
V03343;2022-11-24;Tienda física;T011;E0056;50297;C0080;1;1;19,58;18,6
V03344;2023-09-12;Tienda física;T012;E0061;46250;C0548;2;3;80,69;72,62
V03345;2023-10-24;Tienda física;T001;E0003;48020;C0704;2;2;36,97;36,97
V03346;2022-10-30;Online;ONLINE;ONLINE;8019;C0298;1;1;11,21;9,53
V03347;2022-07-19;Tienda física;T009;E0047;41091;C0124;6;8;235,39;229,34
V03348;2022-09-12;Online;ONLINE;ONLINE;28115;C0305;1;1;36,14;34,33
V03349;2023-12-19;Tienda física;T005;E0027;50297;C0711;1;1;28,74;28,74
V03350;2022-09-25;Online;ONLINE;ONLINE;8015;C0418;3;4;101,17;100,5
V03351;2022-10-31;Online;ONLINE;ONLINE;28065;C0179;1;1;16,36;16,36
V03352;2023-10-30;Online;ONLINE;ONLINE;;SIN_REGISTRO;2;4;85,36;75,69
V03353;2022-03-22;Tienda física;T011;E0060;28006;C0688;8;12;309,47;302,21
V03354;2022-06-01;Online;ONLINE;ONLINE;29067;C0691;2;3;52,38;51,25
V03355;2023-07-23;Online;ONLINE;ONLINE;8019;C0312;2;5;206,74;198,45
V03356;2022-11-18;Tienda física;T003;E0014;48020;C0220;2;3;148,58;148,58
V03357;2023-04-12;Tienda física;T004;E0021;41059;C0048;1;1;27,3;27,3
V03358;2023-12-25;Online;ONLINE;ONLINE;41038;C0518;2;4;57,6;51,84
V03359;2022-10-19;Tienda física;T012;E0064;28065;C0593;2;2;22,84;22,84
V03360;2022-11-27;Online;ONLINE;ONLINE;28074;C0140;7;10;291,62;279,41
V03361;2022-02-23;Tienda física;T004;E0022;41091;C0031;2;2;65,79;64,21
V03362;2023-01-13;Tienda física;T012;E0065;28006;SIN_REGISTRO;4;6;107,28;107,28
V03363;2023-01-20;Online;ONLINE;ONLINE;29069;C0575;3;4;134,07;126,82
V03364;2023-10-06;Tienda física;T010;E0051;28074;C0020;1;3;107,1;101,74
V03365;2023-02-10;Tienda física;T010;E0053;28079;C0008;2;5;87,62;85,65
V03366;2023-09-20;Tienda física;T005;E0025;48020;C0352;2;5;166,9;154,83
V03367;2022-11-28;Tienda física;T001;E0001;29069;C0182;5;6;183,6;174,99
V03368;2023-06-08;Tienda física;T008;E0040;47186;C0244;1;1;9,14;9,14
V03369;2023-05-24;Online;ONLINE;ONLINE;47186;C0247;2;4;49,22;49,22
V03370;2022-05-24;Tienda física;T010;E0053;48044;C0765;3;4;74,53;74,53
V03371;2023-06-20;Online;ONLINE;ONLINE;46192;C0219;3;5;99,62;99,62
V03372;2022-04-05;Tienda física;T011;E0058;41091;C0139;2;4;88,18;87,04
V03373;2022-12-13;Online;ONLINE;ONLINE;50297;C0141;1;1;20,3;20,3
V03374;2022-12-18;Online;ONLINE;ONLINE;41038;C0695;1;2;29,74;29,74
V03375;2023-02-15;Tienda física;T001;E0002;50297;C0143;1;4;74,28;66,85
V03376;2023-06-22;Online;ONLINE;ONLINE;41091;C0319;2;2;64,17;60,96
V03377;2023-12-13;Tienda física;T012;E0061;41091;C0069;1;1;11,26;11,26
V03378;2022-08-01;Tienda física;T007;E0038;47186;C0094;2;2;26,93;25,58
V03379;2022-04-29;Tienda física;T008;E0043;48020;C0132;1;1;29,23;29,23
V03380;2022-09-03;Tienda física;T006;E0031;46192;C0200;1;1;21,58;21,58
V03381;2022-02-23;Tienda física;T006;E0032;41091;SIN_REGISTRO;2;2;44,17;41,37
V03382;2023-05-06;Tienda física;T007;E0037;28065;C0147;2;4;114,91;112,64
V03383;2022-08-13;Online;ONLINE;ONLINE;41091;C0506;3;4;99,85;98,09
V03384;2022-05-21;Online;ONLINE;ONLINE;29067;C0623;1;2;41,9;37,71
V03385;2022-11-27;Tienda física;T003;E0014;29069;C0617;1;2;32,94;31,29
V03386;2022-01-20;Online;ONLINE;ONLINE;8019;C0196;1;2;46,42;41,78
V03387;2023-05-20;Online;ONLINE;ONLINE;50297;C0042;2;2;77,21;71,46
V03388;2023-07-18;Online;ONLINE;ONLINE;46192;C0501;3;5;114,41;106
V03389;2022-07-24;Online;ONLINE;ONLINE;29069;C0374;1;1;29,91;26,92
V03390;2022-08-02;Online;ONLINE;ONLINE;46192;C0349;1;1;12,53;12,53
V03391;2022-01-08;Tienda física;T006;E0031;48020;C0759;1;1;21,1;21,1
V03392;2023-08-19;Online;ONLINE;ONLINE;50297;C0330;10;12;285,39;272,95
V03393;2023-02-11;Tienda física;T012;E0063;28079;C0142;1;2;30,2;30,2
V03394;2023-07-04;Tienda física;T007;E0036;48020;C0495;1;3;49,2;49,2
V03395;2022-09-30;Online;ONLINE;ONLINE;50297;C0407;2;6;146,22;137,18
V03396;2023-06-08;Online;ONLINE;ONLINE;8019;C0696;1;1;15;14,25
V03397;2022-07-26;Tienda física;T009;E0049;50297;C0545;2;2;34,28;31,91
V03398;2022-12-09;Tienda física;T002;E0013;47186;C0398;1;2;31,28;31,28
V03399;2022-09-24;Online;ONLINE;ONLINE;29067;C0065;1;1;17,7;16,81
V03400;2023-10-29;Online;ONLINE;ONLINE;;SIN_REGISTRO;2;7;295;271,18
V03401;2022-01-30;Tienda física;T005;E0025;41059;C0707;3;6;83,32;80,81
V03402;2022-07-29;Tienda física;T005;E0025;46192;C0758;8;13;317;316,05
V03403;2022-02-12;Tienda física;T007;E0039;8019;C0771;4;9;302,13;273,96
V03404;2022-07-30;Online;ONLINE;ONLINE;;SIN_REGISTRO;1;2;22,88;22,88
V03405;2023-12-08;Tienda física;T002;E0013;41091;C0031;1;1;21,96;18,67
V03406;2023-08-31;Tienda física;T008;E0044;8015;C0493;1;3;38,19;38,19
V03407;2023-04-20;Tienda física;T005;E0025;47186;C0358;1;1;26,27;26,27
V03408;2023-08-04;Tienda física;T004;E0024;8015;C0441;2;3;92,38;85,74
V03409;2023-06-08;Online;ONLINE;ONLINE;41091;C0787;1;2;47,74;47,74
V03410;2022-01-13;Tienda física;T012;E0065;50297;C0369;1;4;52,84;52,84
V03411;2022-12-08;Online;ONLINE;ONLINE;28079;C0673;1;1;19,48;19,48
V03412;2023-02-02;Tienda física;T011;E0060;46192;C0341;2;3;83,05;77,87
V03413;2023-04-14;Tienda física;T004;E0020;50297;C0213;2;4;90,75;86,21
V03414;2023-05-19;Tienda física;T005;E0029;29067;C0103;1;1;24,89;23,65
V03415;2023-11-15;Tienda física;T012;E0065;8015;C0287;2;4;137,43;137,43
V03416;2023-09-24;Tienda física;T007;E0035;8019;C0355;3;6;111,1;111,1
V03417;2022-02-01;Tienda física;T005;E0025;29069;C0202;2;2;34,63;33,11
V03418;2022-01-12;Online;ONLINE;ONLINE;8015;C0316;2;3;85,05;82,41
V03419;2022-11-07;Tienda física;T005;E0026;8019;SIN_REGISTRO;2;2;33,02;30,49
V03420;2023-08-05;Online;ONLINE;ONLINE;41059;C0315;1;1;13,22;13,22
V03421;2022-02-24;Online;ONLINE;ONLINE;41059;C0072;3;6;105,19;105,19
V03422;2023-10-24;Tienda física;T011;E0058;29067;C0585;2;2;27,65;26,15
V03423;2023-01-17;Tienda física;T012;E0063;29067;C0474;1;1;28,27;28,27
V03424;2023-03-04;Tienda física;T011;E0058;41059;C0018;3;4;96,33;86,38
V03425;2022-11-01;Tienda física;T007;E0036;41091;C0657;3;4;61,23;60,35
V03426;2022-11-06;Tienda física;T008;E0042;29069;C0393;1;2;30,96;30,96
V03427;2023-04-13;Tienda física;T007;E0035;46192;C0561;1;3;39,36;39,36
V03428;2023-10-14;Online;ONLINE;ONLINE;50297;C0017;2;2;69,17;60,88
V03429;2023-05-03;Tienda física;T006;E0030;28006;C0063;1;1;22,02;22,02
V03430;2022-04-26;Tienda física;T012;E0062;50297;C0334;2;2;44,94;43,33
V03431;2023-04-12;Tienda física;T007;E0038;28079;C0083;2;4;62,99;56,69
V03432;2022-10-04;Tienda física;T003;E0016;28115;C0286;2;3;91,15;91,15
V03433;2022-03-06;Tienda física;T004;E0019;8019;SIN_REGISTRO;1;2;54,56;46,38
V03434;2022-08-09;Online;ONLINE;ONLINE;8019;C0771;1;3;62,46;62,46
V03435;2023-11-26;Tienda física;T009;E0047;28074;C0716;1;1;14,93;14,18
V03436;2022-02-08;Tienda física;T005;E0027;8019;C0074;1;2;28,92;27,47
V03437;2023-04-22;Online;ONLINE;ONLINE;41091;C0531;5;8;163,27;161,52
V03438;2022-01-14;Tienda física;T002;E0010;28079;C0019;2;4;143,06;131,33
V03439;2023-11-04;Tienda física;T002;E0012;47186;C0149;1;1;24,16;24,16
V03440;2023-12-28;Online;ONLINE;ONLINE;28074;C0052;2;4;84,06;79,17
V03441;2022-07-27;Online;ONLINE;ONLINE;8019;C0468;1;1;21,37;21,37
V03442;2023-11-19;Tienda física;T012;E0065;28074;C0146;2;3;68,44;66,13
V03443;2022-08-29;Tienda física;T011;E0056;48044;C0064;5;7;106,14;101,61
V03444;2022-01-02;Tienda física;T011;E0057;28079;C0083;2;2;32,32;30,21
V03445;2023-07-31;Tienda física;T002;E0011;47186;C0398;2;3;132,88;132,35
V03446;2022-08-26;Online;ONLINE;ONLINE;46192;C0219;3;4;101,41;91,7
V03447;2022-10-21;Tienda física;T004;E0019;41091;C0531;2;3;59,66;59,66
V03448;2023-09-05;Online;ONLINE;ONLINE;8019;C0355;1;3;34,92;34,92
V03449;2023-04-29;Online;ONLINE;ONLINE;47186;C0762;2;2;33,96;30,57
V03450;2023-01-18;Tienda física;T010;E0053;28079;C0440;2;5;119,4;106,32
V03451;2023-07-19;Tienda física;T012;E0063;29069;C0204;2;2;54,87;51,06
V03452;2022-11-25;Online;ONLINE;ONLINE;29067;C0351;4;6;157,49;150,78
V03453;2023-02-21;Tienda física;T008;E0045;47186;C0206;2;4;52,62;50,59
V03454;2023-01-17;Online;ONLINE;ONLINE;29069;C0650;5;6;176,56;172,1
V03455;2022-10-27;Online;ONLINE;ONLINE;8015;C0397;2;3;55,45;53,4
V03456;2023-11-23;Tienda física;T002;E0009;48044;C0075;2;4;96,5;94,39
V03457;2023-01-04;Tienda física;T003;E0014;29067;C0037;3;4;109,32;105,4
V03458;2023-09-09;Online;ONLINE;ONLINE;48020;C0127;3;4;88,27;88,27
V03459;2022-12-07;Tienda física;T009;E0049;41038;C0327;4;8;156,37;149,08
V03460;2023-04-07;Tienda física;T002;E0011;50297;C0681;3;3;55,15;51,61
V03461;2022-02-13;Tienda física;T004;E0023;8019;SIN_REGISTRO;3;4;97,18;94,38
V03462;2023-09-06;Online;ONLINE;ONLINE;29069;C0705;3;4;86,68;83,2
V03463;2023-08-11;Online;ONLINE;ONLINE;48020;C0693;1;1;10,26;10,26
V03464;2023-12-11;Online;ONLINE;ONLINE;;SIN_REGISTRO;2;6;97,1;94,44
V03465;2023-03-06;Tienda física;T003;E0015;41038;C0105;1;4;92,4;92,4
V03466;2023-06-17;Tienda física;T008;E0044;50297;C0213;4;6;124,4;121,49
V03467;2022-09-18;Tienda física;T005;E0028;8019;SIN_REGISTRO;2;4;53,83;52,43
V03468;2022-08-21;Tienda física;T007;E0038;41038;C0096;3;3;73,56;69,3
V03469;2023-05-16;Tienda física;T012;E0064;41091;C0767;1;3;59,52;59,52
V03470;2023-01-18;Online;ONLINE;ONLINE;28065;C0179;1;1;12,6;11,34
V03471;2023-06-20;Online;ONLINE;ONLINE;28115;C0269;1;1;16,21;13,78
V03472;2022-08-13;Online;ONLINE;ONLINE;8019;C0479;2;2;64,45;58
V03473;2023-02-22;Online;ONLINE;ONLINE;48044;C0360;1;2;41,38;35,17
V03474;2022-08-20;Online;ONLINE;ONLINE;28074;C0625;1;1;21,14;17,97
V03475;2022-06-09;Tienda física;T009;E0047;28074;C0020;1;1;20,71;17,6
V03476;2022-01-01;Tienda física;T001;E0001;28006;C0444;2;2;66,6;59,95
V03477;2023-05-23;Online;ONLINE;ONLINE;;SIN_REGISTRO;3;3;52,77;50,9
V03478;2023-12-13;Online;ONLINE;ONLINE;46250;C0793;1;2;30,54;30,54
V03479;2023-02-20;Tienda física;T006;E0031;28115;C0794;1;2;33,68;33,68
V03480;2023-07-09;Tienda física;T004;E0020;28074;C0723;1;1;16,78;14,26
V03481;2022-07-15;Tienda física;T001;E0004;41091;C0153;1;2;33,34;33,34
V03482;2022-02-01;Tienda física;T003;E0017;46250;C0674;1;1;16,45;16,45
V03483;2022-08-01;Tienda física;T009;E0046;48044;SIN_REGISTRO;1;2;24,2;24,2
V03484;2022-03-10;Tienda física;T004;E0019;48020;C0352;3;4;60,25;56,9
V03485;2022-05-02;Tienda física;T010;E0052;41038;C0188;2;4;50,52;48,73
V03486;2023-11-09;Tienda física;T010;E0053;48044;C0765;1;1;25,89;24,6
V03487;2023-12-16;Tienda física;T006;E0030;28079;C0485;2;6;155,44;147,15
V03488;2022-12-18;Tienda física;T009;E0046;8019;C0764;2;2;38,26;37,24
V03489;2022-08-02;Online;ONLINE;ONLINE;41059;C0346;5;7;121,16;118,37
V03490;2023-09-27;Tienda física;T008;E0042;29067;C0591;4;5;209;203,23
V03491;2023-10-13;Online;ONLINE;ONLINE;;SIN_REGISTRO;3;3;84,85;78,55
V03492;2023-11-27;Tienda física;T007;E0036;41059;C0516;2;2;18,82;17,88
V03493;2023-05-27;Tienda física;T003;E0015;48044;C0798;1;1;15,06;15,06
V03494;2022-02-01;Tienda física;T007;E0039;46250;SIN_REGISTRO;1;3;38,91;38,91
V03495;2023-01-28;Tienda física;T011;E0059;46250;C0115;2;3;49,61;47,87
V03496;2023-03-09;Online;ONLINE;ONLINE;28074;C0716;4;5;102,93;98,51
V03497;2023-12-03;Online;ONLINE;ONLINE;41059;C0395;3;4;85,24;82,53
V03498;2023-01-25;Tienda física;T005;E0029;41038;C0327;3;3;103,44;101,92
V03499;2022-03-30;Online;ONLINE;ONLINE;48020;C0131;4;5;71,05;70
V03500;2023-07-11;Online;ONLINE;ONLINE;48044;C0568;3;4;117,46;109,51
V03501;2022-09-09;Online;ONLINE;ONLINE;8015;C0717;5;6;154,05;150,7
V03502;2023-04-11;Online;ONLINE;ONLINE;46192;C0462;1;1;16,34;15,52
V03503;2022-09-05;Online;ONLINE;ONLINE;28115;C0286;2;3;91,58;88,51
V03504;2022-02-05;Online;ONLINE;ONLINE;41091;C0734;3;5;104,84;97,53
V03505;2023-07-20;Tienda física;T001;E0005;28115;C0703;1;2;33,22;28,24
V03506;2022-08-10;Tienda física;T004;E0021;46250;C0261;2;3;64,37;63,44
V03507;2022-04-08;Tienda física;T008;E0044;8019;C0719;1;1;22,04;22,04
V03508;2023-08-31;Online;ONLINE;ONLINE;;SIN_REGISTRO;1;1;21,8;18,53
V03509;2023-06-03;Tienda física;T011;E0059;41038;C0515;1;3;41,88;39,79
V03510;2023-05-30;Tienda física;T005;E0025;8019;C0408;3;3;90,95;89,03
V03511;2022-10-09;Online;ONLINE;ONLINE;28006;C0197;3;5;110,61;102,71
V03512;2023-07-03;Tienda física;T001;E0005;47186;C0605;2;5;92,01;87,55
V03513;2022-09-17;Tienda física;T007;E0039;28074;C0589;1;3;57,87;52,08
V03514;2023-12-16;Online;ONLINE;ONLINE;46192;C0488;2;2;37,94;35,25
V03515;2022-06-28;Tienda física;T003;E0016;28006;C0455;1;1;12,42;11,8
V03516;2022-06-16;Tienda física;T003;E0015;48044;C0482;3;6;203,59;203,59
V03517;2023-09-08;Online;ONLINE;ONLINE;;SIN_REGISTRO;1;1;17,39;17,39
V03518;2022-04-23;Online;ONLINE;ONLINE;28074;C0663;4;4;105,5;99,34
V03519;2022-03-20;Tienda física;T004;E0023;28079;C0057;2;2;34,97;34,97
V03520;2023-05-13;Tienda física;T010;E0050;29069;SIN_REGISTRO;2;2;39,09;36,3
V03521;2023-02-01;Tienda física;T006;E0030;29069;C0216;2;2;43,03;39,89
V03522;2023-01-21;Tienda física;T012;E0062;28006;SIN_REGISTRO;1;1;29,7;29,7
V03523;2022-07-07;Tienda física;T001;E0001;28006;C0063;1;1;19,73;19,73
V03524;2023-12-01;Tienda física;T011;E0060;48044;C0798;1;1;16,76;15,08
V03525;2022-08-23;Online;ONLINE;ONLINE;8015;C0397;1;1;12,8;10,88
V03526;2023-12-19;Tienda física;T004;E0020;8019;C0189;1;1;23,33;23,33
V03527;2022-06-18;Tienda física;T011;E0056;28079;C0485;1;1;12,61;12,61
V03528;2023-09-12;Tienda física;T004;E0020;8019;C0472;7;11;330,32;325,68
V03529;2023-03-25;Tienda física;T001;E0006;28079;C0002;1;1;40,37;38,35
V03530;2023-12-17;Tienda física;T010;E0051;8019;C0741;2;3;103,56;102,98
V03531;2023-12-27;Online;ONLINE;ONLINE;8015;C0725;2;5;140,23;134,11
V03532;2023-10-13;Online;ONLINE;ONLINE;41091;C0578;1;2;22,32;20,09
V03533;2023-03-05;Tienda física;T011;E0058;48044;C0763;1;2;44,1;41,89
V03534;2022-10-13;Tienda física;T004;E0021;28074;C0461;1;2;25,06;23,81
V03535;2022-03-10;Tienda física;T008;E0041;29067;C0626;1;1;26,22;26,22
V03536;2022-09-27;Tienda física;T008;E0043;41059;C0032;1;4;148,16;125,94
V03537;2023-05-02;Online;ONLINE;ONLINE;;SIN_REGISTRO;1;2;27,36;25,99
V03538;2022-05-21;Tienda física;T007;E0036;8015;C0281;3;5;85,87;82,84
V03539;2022-06-15;Online;ONLINE;ONLINE;;SIN_REGISTRO;3;4;111,26;107,12
V03540;2023-11-12;Online;ONLINE;ONLINE;28115;C0138;5;7;171,64;165,87
V03541;2023-11-07;Tienda física;T012;E0061;50297;C0334;4;6;113,05;106,74
V03542;2023-07-25;Tienda física;T005;E0026;46250;C0331;1;2;26,96;26,96
V03543;2022-03-10;Online;ONLINE;ONLINE;29069;C0459;1;3;48,66;41,36
V03544;2023-08-20;Tienda física;T008;E0043;41038;C0638;3;5;119,21;118,03
V03545;2023-07-28;Online;ONLINE;ONLINE;41059;C0218;2;2;44,64;44,64
V03546;2022-07-27;Online;ONLINE;ONLINE;;SIN_REGISTRO;2;2;77,55;77,55
V03547;2022-05-17;Online;ONLINE;ONLINE;28065;C0592;3;3;40,24;37,79
V03548;2022-01-12;Online;ONLINE;ONLINE;41091;C0682;6;10;339,59;331,31
V03549;2023-06-07;Online;ONLINE;ONLINE;28074;C0514;3;6;223,01;219,53
V03550;2023-06-22;Tienda física;T003;E0014;46250;C0383;2;2;26,3;23,04
V03551;2023-08-23;Online;ONLINE;ONLINE;46192;C0321;1;1;17,31;15,58
V03552;2022-11-07;Tienda física;T007;E0036;28074;C0608;1;1;26,12;26,12
V03553;2022-09-07;Tienda física;T009;E0049;28074;C0634;1;1;11,1;10,54
V03554;2022-07-13;Online;ONLINE;ONLINE;50297;C0295;1;1;10,95;9,31
V03555;2023-05-05;Tienda física;T001;E0003;50297;C0689;2;3;47,1;46,41
V03556;2022-04-12;Online;ONLINE;ONLINE;46250;C0115;4;5;109,59;104,56
V03557;2023-07-21;Tienda física;T011;E0057;29069;C0265;2;2;61,39;58,45
V03558;2022-05-30;Online;ONLINE;ONLINE;50297;C0143;1;1;15,05;12,79
V03559;2023-06-07;Tienda física;T010;E0055;46192;C0252;2;3;38,37;38,37
V03560;2023-05-05;Tienda física;T001;E0004;41091;C0259;1;1;11,09;9,98
V03561;2023-08-03;Tienda física;T005;E0027;8019;C0010;1;1;11,41;11,41
V03562;2023-10-04;Online;ONLINE;ONLINE;8015;C0381;2;3;58,4;57,86
V03563;2022-08-19;Online;ONLINE;ONLINE;29069;C0622;2;2;29,53;27,88
V03564;2022-03-03;Online;ONLINE;ONLINE;48044;C0303;2;2;31,38;29,1
V03565;2022-11-25;Tienda física;T005;E0029;41091;C0193;2;2;37,12;36,58
V03566;2022-07-17;Online;ONLINE;ONLINE;28079;C0056;3;4;105,56;95,32
V03567;2023-02-05;Tienda física;T007;E0038;28079;C0698;8;12;368,82;363,57
V03568;2022-05-11;Online;ONLINE;ONLINE;41038;C0523;3;3;115,11;105,49
V03569;2023-10-24;Tienda física;T006;E0031;28115;C0500;2;4;79,58;70,11
V03570;2022-09-05;Tienda física;T007;E0036;46250;SIN_REGISTRO;1;3;62,82;56,54
V03571;2023-05-25;Tienda física;T009;E0047;28115;C0241;1;2;78,94;78,94
V03572;2023-09-07;Tienda física;T010;E0050;41091;C0193;1;1;14,52;14,52
V03573;2022-03-09;Online;ONLINE;ONLINE;46250;C0060;4;7;172,2;168,63
V03574;2023-12-23;Tienda física;T001;E0006;28079;SIN_REGISTRO;1;1;25,69;25,69
V03575;2023-01-14;Tienda física;T011;E0058;28065;C0084;1;1;38,18;38,18
V03576;2022-10-15;Online;ONLINE;ONLINE;47186;C0206;4;8;123,25;121,29
V03577;2022-11-07;Tienda física;T009;E0049;41038;C0761;1;1;13,43;12,09
V03578;2022-11-12;Online;ONLINE;ONLINE;47186;C0645;2;3;150,79;149,42
V03579;2023-01-31;Online;ONLINE;ONLINE;41059;C0429;1;1;18,5;15,72
V03580;2023-04-26;Online;ONLINE;ONLINE;48020;C0600;7;10;247,34;244,74
V03581;2023-12-10;Tienda física;T004;E0023;50297;C0141;1;2;32,38;30,76
V03582;2023-06-30;Tienda física;T001;E0006;48044;C0226;1;1;25,81;23,23
V03583;2022-09-15;Online;ONLINE;ONLINE;8015;C0717;1;1;12,44;10,57
V03584;2022-10-05;Tienda física;T001;E0003;41059;C0091;2;3;71,46;71,46
V03585;2022-11-17;Tienda física;T004;E0018;29069;C0266;2;4;76,94;76,94
V03586;2023-08-03;Tienda física;T007;E0039;46250;SIN_REGISTRO;5;8;220,34;220,34
V03587;2022-11-10;Online;ONLINE;ONLINE;48044;C0205;1;2;30,42;30,42
V03588;2023-06-15;Tienda física;T011;E0057;41059;C0091;1;1;26,37;22,41
V03589;2022-10-13;Online;ONLINE;ONLINE;48020;C0616;2;3;40,63;40,63
V03590;2023-11-17;Tienda física;T007;E0037;28115;C0307;1;3;50,34;42,79
V03591;2023-09-20;Online;ONLINE;ONLINE;28006;C0197;1;2;40,4;40,4
V03592;2022-07-14;Tienda física;T005;E0025;48044;C0529;2;2;36,99;34,42
V03593;2023-12-31;Tienda física;T009;E0047;28079;C0649;2;2;48,37;46,49
V03594;2022-07-29;Tienda física;T005;E0028;8019;SIN_REGISTRO;2;5;90,3;83,82
V03595;2022-05-01;Tienda física;T005;E0026;46250;C0548;3;6;142,43;131,88
V03596;2023-10-16;Tienda física;T006;E0030;29069;C0393;4;5;111,2;106,1
V03597;2023-09-05;Tienda física;T002;E0010;50297;C0689;1;1;19,35;16,45
V03598;2022-07-07;Tienda física;T006;E0031;47186;C0394;3;6;135,9;121,23
V03599;2023-01-19;Tienda física;T007;E0039;47186;C0653;1;1;15,76;15,76
V03600;2023-05-11;Online;ONLINE;ONLINE;41038;C0448;3;5;77,31;72,14
V03601;2023-08-05;Tienda física;T003;E0017;48044;C0798;2;3;44,88;41,9
V03602;2022-05-30;Tienda física;T001;E0002;48044;C0297;1;1;18,06;18,06
V03603;2022-09-16;Online;ONLINE;ONLINE;41038;C0188;4;4;68,72;68,72
V03604;2023-07-18;Tienda física;T009;E0046;46250;C0445;3;4;143,9;135,34
V03605;2022-03-10;Tienda física;T011;E0057;41091;C0692;2;2;41,65;41,65
V03606;2023-05-22;Tienda física;T005;E0029;47186;C0023;1;2;28,3;26,88
V03607;2023-06-08;Online;ONLINE;ONLINE;28115;C0783;1;2;51,52;46,37
V03608;2022-07-23;Online;ONLINE;ONLINE;;SIN_REGISTRO;1;3;73,95;73,95
V03609;2023-03-14;Tienda física;T003;E0017;29067;C0097;1;2;34,44;29,27
V03610;2023-09-02;Online;ONLINE;ONLINE;29067;C0037;4;7;148,14;146,11
V03611;2023-03-24;Online;ONLINE;ONLINE;28079;C0481;1;1;9,11;8,65
V03612;2022-05-03;Tienda física;T007;E0035;28065;C0137;4;6;90,27;89,03
V03613;2022-05-06;Tienda física;T007;E0038;29067;C0028;2;2;35,39;35,39
V03614;2022-02-12;Tienda física;T001;E0002;8019;C0727;5;10;274,96;272,78
V03615;2022-04-21;Tienda física;T012;E0065;8019;C0556;1;2;40,86;36,77
V03616;2022-05-11;Online;ONLINE;ONLINE;41091;C0464;4;6;141,7;140,99
V03617;2022-07-29;Tienda física;T003;E0016;29067;C0678;1;1;15,23;15,23
V03618;2022-01-11;Online;ONLINE;ONLINE;29067;C0093;3;7;254,92;254,92
V03619;2023-10-02;Online;ONLINE;ONLINE;41091;C0651;3;5;92,16;84,65
V03620;2022-10-19;Online;ONLINE;ONLINE;;SIN_REGISTRO;2;2;32,08;31,24
V03621;2022-08-25;Tienda física;T012;E0063;28006;SIN_REGISTRO;1;2;55,34;55,34
V03622;2023-07-20;Tienda física;T009;E0049;28006;C0455;2;2;33,4;33,4
V03623;2022-06-05;Online;ONLINE;ONLINE;29069;C0617;1;2;61,38;61,38
V03624;2022-08-14;Online;ONLINE;ONLINE;41091;C0193;1;2;49,88;49,88
V03625;2022-07-28;Online;ONLINE;ONLINE;28074;C0146;2;3;51,13;47,09
V03626;2022-06-14;Online;ONLINE;ONLINE;41038;C0359;1;1;11,17;11,17
V03627;2023-05-13;Tienda física;T004;E0018;28115;C0788;3;3;69,05;65,56
V03628;2022-09-10;Tienda física;T001;E0001;28006;C0444;1;1;13,97;13,27
V03629;2022-09-05;Tienda física;T003;E0015;28074;C0789;3;5;120,39;112,71
V03630;2022-06-27;Tienda física;T012;E0063;8019;C0164;4;5;115,15;115,15
V03631;2022-04-20;Online;ONLINE;ONLINE;28079;C0760;2;2;34,43;34,43
V03632;2023-11-19;Online;ONLINE;ONLINE;41059;C0091;1;1;24,06;24,06
V03633;2023-08-17;Online;ONLINE;ONLINE;28074;C0052;1;4;65,44;58,9
V03634;2023-04-02;Online;ONLINE;ONLINE;28115;C0788;2;5;147,16;147,16
V03635;2022-04-13;Tienda física;T002;E0009;48044;C0765;1;2;39,12;39,12
V03636;2023-12-31;Tienda física;T011;E0056;47186;C0669;2;3;73,85;71,2
V03637;2022-06-03;Tienda física;T011;E0059;47186;C0292;3;4;141,24;134,89
V03638;2023-09-22;Tienda física;T010;E0053;47186;C0601;2;4;81,42;77,35
V03639;2023-07-09;Online;ONLINE;ONLINE;8019;C0246;4;5;69,22;66,96
V03640;2023-11-21;Tienda física;T004;E0020;47186;C0642;1;2;31,12;29,56
V03641;2023-06-21;Online;ONLINE;ONLINE;46250;C0115;6;10;287,38;271,42
V03642;2022-01-22;Online;ONLINE;ONLINE;29069;C0374;1;1;13,74;13,05
V03643;2023-03-29;Tienda física;T001;E0002;46192;C0522;2;2;61,42;59,12
V03644;2023-01-17;Tienda física;T008;E0045;48020;SIN_REGISTRO;2;4;48;44,68
V03645;2023-09-08;Tienda física;T001;E0006;28006;C0455;1;2;21,62;18,38
V03646;2022-06-22;Tienda física;T008;E0043;41059;C0621;1;2;39,96;37,96
V03647;2022-08-12;Tienda física;T005;E0026;48044;C0360;1;1;12,91;12,91
V03648;2023-02-19;Tienda física;T011;E0059;46192;C0254;2;4;136,94;128,57
V03649;2022-10-25;Online;ONLINE;ONLINE;41059;C0346;1;1;33,46;33,46
V03650;2023-09-07;Tienda física;T007;E0038;28006;C0144;3;9;212,74;201,95
V03651;2023-12-04;Online;ONLINE;ONLINE;28079;C0544;2;3;40,54;37,59
V03652;2023-10-23;Tienda física;T011;E0059;50297;SIN_REGISTRO;1;3;37,11;31,54
V03653;2023-04-09;Tienda física;T003;E0014;41038;C0660;1;1;13,26;11,27
V03654;2023-02-03;Tienda física;T009;E0048;28079;C0750;2;3;144,42;129,97
V03655;2023-01-04;Tienda física;T005;E0029;46250;C0609;3;3;73,4;68,49
V03656;2023-05-18;Online;ONLINE;ONLINE;41091;C0627;1;1;27,68;26,3
V03657;2023-03-11;Online;ONLINE;ONLINE;8015;C0418;2;3;54,94;54,94
V03658;2022-09-19;Online;ONLINE;ONLINE;28006;C0256;1;1;19,82;19,82
V03659;2022-10-03;Online;ONLINE;ONLINE;28065;C0592;3;5;81,37;76,94
V03660;2023-05-06;Tienda física;T005;E0025;28006;C0519;1;1;28,82;28,82
V03661;2022-08-13;Online;ONLINE;ONLINE;28115;C0614;2;3;66,42;63,15
V03662;2022-02-07;Tienda física;T003;E0015;28079;SIN_REGISTRO;1;3;49,08;46,63
V03663;2022-02-19;Online;ONLINE;ONLINE;41091;C0467;1;3;42,57;42,57
V03664;2023-12-26;Online;ONLINE;ONLINE;28074;C0723;5;6;141,8;138,03
V03665;2023-09-23;Tienda física;T006;E0030;46192;C0384;1;2;37,38;31,77
V03666;2022-09-14;Tienda física;T003;E0014;41091;C0243;2;5;94,46;90,63
V03667;2023-04-09;Tienda física;T005;E0029;29069;C0622;1;1;31,69;31,69
V03668;2022-05-26;Online;ONLINE;ONLINE;8019;C0070;2;3;51,05;47,84
V03669;2022-07-10;Online;ONLINE;ONLINE;48020;C0131;4;4;86,86;86,86
V03670;2022-11-16;Tienda física;T007;E0036;28079;C0005;4;5;126,7;122,04
V03671;2022-08-26;Tienda física;T008;E0042;48020;C0738;1;2;26,6;26,6
V03672;2023-08-10;Online;ONLINE;ONLINE;28065;C0755;3;3;118,48;110,99
V03673;2022-10-23;Tienda física;T010;E0055;48044;C0792;4;5;79,35;75,29
V03674;2023-03-10;Tienda física;T001;E0003;28079;SIN_REGISTRO;2;2;91,86;84,31
V03675;2022-01-18;Tienda física;T012;E0065;28006;C0628;1;1;14,18;14,18
V03676;2022-03-10;Tienda física;T001;E0006;28065;C0745;2;4;116,39;116,39
V03677;2022-07-03;Tienda física;T010;E0052;8015;C0284;2;5;186,01;183,11
V03678;2023-04-19;Tienda física;T011;E0056;29067;C0065;2;4;98,37;91,43
V03679;2022-07-03;Tienda física;T010;E0052;47186;C0655;5;8;289,75;276,7
V03680;2022-09-09;Tienda física;T003;E0014;47186;C0743;2;4;48,87;48,87
V03681;2022-06-25;Tienda física;T008;E0041;41038;C0101;1;1;12,64;12,64
V03682;2023-05-28;Tienda física;T008;E0044;8015;C0316;2;2;24,84;23,37
V03683;2023-02-08;Tienda física;T006;E0031;41059;C0612;4;4;121,54;119,62
V03684;2022-02-19;Tienda física;T007;E0036;41059;C0583;2;2;38,98;37,03
V03685;2022-05-16;Tienda física;T009;E0046;28115;C0720;4;4;88,99;86,29
V03686;2023-08-11;Online;ONLINE;ONLINE;;SIN_REGISTRO;1;1;25,08;25,08
V03687;2022-09-09;Online;ONLINE;ONLINE;48044;C0360;1;1;15,78;14,99
V03688;2023-12-29;Tienda física;T008;E0040;48020;SIN_REGISTRO;1;1;22,06;22,06
V03689;2022-06-15;Tienda física;T005;E0027;41038;C0486;2;3;41,28;37,43
V03690;2022-03-10;Online;ONLINE;ONLINE;29069;C0533;1;2;61,66;58,58
V03691;2022-01-01;Tienda física;T002;E0010;28074;C0085;1;1;14,41;14,41
V03692;2023-06-26;Online;ONLINE;ONLINE;28079;C0481;1;1;30,45;28,93
V03693;2023-07-18;Tienda física;T004;E0022;46192;C0754;5;6;113,51;109,4
V03694;2023-06-22;Tienda física;T003;E0017;28115;C0224;5;8;184,55;179,45
V03695;2023-09-13;Tienda física;T007;E0036;48020;C0629;2;2;70,4;68,25
V03696;2022-09-15;Tienda física;T011;E0059;28079;C0162;1;1;22,56;20,3
V03697;2022-06-20;Tienda física;T007;E0038;29067;C0034;1;1;13,59;12,23
V03698;2022-05-10;Online;ONLINE;ONLINE;28006;C0736;2;2;51,36;49,52
V03699;2022-03-17;Online;ONLINE;ONLINE;28065;C0372;1;1;12,74;11,47
V03700;2022-11-02;Online;ONLINE;ONLINE;41038;C0540;1;1;15,83;15,83
V03701;2023-01-27;Online;ONLINE;ONLINE;28079;C0257;2;2;29;27,55
V03702;2023-01-18;Tienda física;T002;E0013;29067;C0293;2;2;30,46;30,46
V03703;2023-05-14;Tienda física;T012;E0065;50297;C0379;2;6;107,62;107,62
V03704;2022-08-09;Tienda física;T001;E0002;28006;C0713;4;4;66,26;65,35
V03705;2023-04-06;Online;ONLINE;ONLINE;47186;C0095;1;1;10,67;9,6
V03706;2023-10-27;Tienda física;T005;E0027;46192;C0051;7;10;169,03;167,41
V03707;2022-09-08;Tienda física;T011;E0058;8015;C0337;1;2;30,56;30,56
V03708;2022-08-21;Online;ONLINE;ONLINE;28006;C0063;4;5;102,27;97,34
V03709;2023-05-14;Tienda física;T012;E0061;41059;C0126;1;1;18,21;17,3
V03710;2023-12-31;Online;ONLINE;ONLINE;8019;C0163;3;3;86,17;80,89
V03711;2022-07-29;Tienda física;T005;E0025;28079;C0354;1;3;74,25;70,54
V03712;2023-03-02;Online;ONLINE;ONLINE;8019;C0556;2;2;73,53;70,8
V03713;2022-05-30;Tienda física;T003;E0014;8019;C0174;1;1;19,09;16,23
V03714;2022-10-30;Tienda física;T012;E0062;8019;C0323;4;5;136,82;136,82
V03715;2022-12-25;Online;ONLINE;ONLINE;28079;C0049;2;2;46,38;45,62
V03716;2023-11-01;Online;ONLINE;ONLINE;41038;C0749;1;2;44,28;42,07
V03717;2023-09-05;Online;ONLINE;ONLINE;29067;C0103;6;8;226,36;218,68
V03718;2023-06-09;Tienda física;T002;E0013;28115;SIN_REGISTRO;1;3;33,18;29,86
V03719;2022-02-11;Online;ONLINE;ONLINE;48044;C0280;1;2;56,78;53,94
V03720;2022-12-27;Tienda física;T011;E0059;29067;C0267;2;6;72,33;72,33
V03721;2022-11-14;Online;ONLINE;ONLINE;29069;C0235;8;11;274,14;252,24
V03722;2022-01-12;Online;ONLINE;ONLINE;50297;C0777;5;8;156,22;153,58
V03723;2023-12-30;Tienda física;T005;E0028;48044;C0175;2;4;95,7;89,34
V03724;2022-03-03;Tienda física;T002;E0013;41038;C0186;1;1;16,78;16,78
V03725;2023-10-08;Tienda física;T004;E0023;8019;C0255;2;3;53,45;51,31
V03726;2022-01-25;Tienda física;T011;E0060;48044;C0075;2;2;26,78;25,44
V03727;2022-12-09;Tienda física;T007;E0039;47186;C0687;1;1;14,25;12,83
V03728;2022-12-22;Online;ONLINE;ONLINE;29069;C0182;5;6;113,27;108,09
V03729;2022-10-19;Online;ONLINE;ONLINE;48020;C0054;5;9;214,44;208,18
V03730;2023-06-14;Online;ONLINE;ONLINE;28065;C0432;1;1;17,1;15,39
V03731;2023-03-25;Online;ONLINE;ONLINE;47186;C0308;1;1;12,94;12,29
V03732;2023-06-11;Tienda física;T006;E0032;28065;C0253;3;5;190,03;177
V03733;2022-06-07;Online;ONLINE;ONLINE;48020;C0343;6;10;282,27;268,16
V03734;2023-11-08;Online;ONLINE;ONLINE;50297;C0379;1;1;19,51;16,58
V03735;2023-10-13;Online;ONLINE;ONLINE;8019;C0211;1;2;27,04;27,04
V03736;2022-05-26;Online;ONLINE;ONLINE;41091;C0506;1;2;56,2;56,2
V03737;2023-09-24;Online;ONLINE;ONLINE;28074;C0122;2;5;110,39;105,99
V03738;2023-02-08;Tienda física;T005;E0025;47186;C0555;3;4;104,93;102,83
V03739;2022-02-15;Tienda física;T010;E0055;8019;C0569;2;2;41,21;39,68
V03740;2022-05-17;Online;ONLINE;ONLINE;48020;C0600;1;1;13,51;13,51
V03741;2023-08-06;Online;ONLINE;ONLINE;41038;C0749;2;5;130,25;130,25
V03742;2022-06-05;Online;ONLINE;ONLINE;8019;C0236;2;4;62,22;58,57
V03743;2022-08-04;Tienda física;T003;E0017;8019;C0192;1;1;40,8;40,8
V03744;2022-06-17;Online;ONLINE;ONLINE;41059;C0417;2;4;57,65;57,65
V03745;2023-05-10;Online;ONLINE;ONLINE;8019;C0189;2;5;136,38;133,47
V03746;2023-04-25;Tienda física;T010;E0053;46250;C0674;1;1;29,23;29,23
V03747;2022-04-27;Tienda física;T011;E0056;28065;C0084;2;3;70,7;67,86
V03748;2022-12-17;Online;ONLINE;ONLINE;46192;C0730;2;5;122,18;112,76
V03749;2023-04-26;Online;ONLINE;ONLINE;29069;C0376;2;2;54,8;54,8
V03750;2023-10-09;Tienda física;T004;E0020;29067;C0708;3;6;105,45;98,03
V03751;2023-06-24;Tienda física;T011;E0058;28065;C0593;4;6;165,94;157,69
V03752;2023-09-01;Tienda física;T004;E0023;46192;C0460;3;3;68,6;67,54
V03753;2022-01-23;Online;ONLINE;ONLINE;29069;C0235;3;5;110,56;108,35
V03754;2022-10-06;Tienda física;T012;E0061;41038;C0749;2;4;94,66;94,66
V03755;2023-05-26;Tienda física;T011;E0059;29069;C0202;2;2;29,53;26,37
V03756;2022-02-22;Tienda física;T001;E0004;28115;C0199;1;2;30,62;27,56
V03757;2022-09-21;Tienda física;T005;E0026;47186;C0095;1;1;19,34;19,34
V03758;2023-07-23;Tienda física;T008;E0042;29069;C0216;1;1;29,31;29,31
V03759;2022-09-12;Online;ONLINE;ONLINE;28115;C0499;2;3;50,75;46,64
V03760;2022-04-11;Tienda física;T008;E0043;46250;C0291;1;2;23,88;20,3
V03761;2023-02-27;Tienda física;T002;E0009;29067;C0769;4;9;136,53;125,05
V03762;2023-03-06;Tienda física;T008;E0040;46192;C0043;1;3;45,39;40,85
V03763;2022-11-03;Online;ONLINE;ONLINE;48044;C0729;3;5;77,02;74,42
V03764;2022-06-16;Tienda física;T004;E0019;41091;C0392;1;1;11,85;10,66
V03765;2023-11-10;Tienda física;T008;E0042;28074;C0731;2;4;123,6;123,6
V03766;2022-02-28;Online;ONLINE;ONLINE;28006;C0277;3;5;101,55;97,63
V03767;2023-03-19;Tienda física;T011;E0058;46192;C0456;6;8;160,9;155,13
V03768;2023-04-30;Tienda física;T004;E0022;28065;C0470;2;2;33,96;33,96
V03769;2023-01-15;Online;ONLINE;ONLINE;41091;C0439;7;11;239,3;234,61
V03770;2022-08-30;Tienda física;T010;E0053;8019;C0016;2;3;102,31;97,2
V03771;2023-02-10;Online;ONLINE;ONLINE;;SIN_REGISTRO;1;1;13,05;11,75
V03772;2023-02-20;Online;ONLINE;ONLINE;41091;C0531;3;4;65,99;64,95
V03773;2022-10-21;Tienda física;T001;E0004;28115;C0286;3;5;129,18;127,2
V03774;2022-12-11;Tienda física;T012;E0062;47186;C0247;2;3;37,31;37,31
V03775;2023-08-31;Tienda física;T009;E0047;28074;C0740;1;2;36,36;34,54
V03776;2022-04-14;Online;ONLINE;ONLINE;41059;C0429;1;1;29,2;29,2
V03777;2022-01-09;Tienda física;T005;E0028;28065;C0253;1;2;21,92;21,92
V03778;2023-05-20;Online;ONLINE;ONLINE;46250;C0434;1;1;16,03;16,03
V03779;2022-02-22;Online;ONLINE;ONLINE;;SIN_REGISTRO;1;1;10,99;10,99
V03780;2022-07-01;Online;ONLINE;ONLINE;41059;C0799;3;3;61,6;60,21
V03781;2022-10-26;Tienda física;T001;E0006;48044;C0636;2;3;48,06;48,06
V03782;2023-11-14;Tienda física;T007;E0038;46250;SIN_REGISTRO;4;4;66,51;64,61
V03783;2022-02-11;Tienda física;T011;E0056;50297;C0611;1;2;26,26;26,26
V03784;2022-12-05;Online;ONLINE;ONLINE;41059;C0032;1;1;28,78;28,78
V03785;2023-08-20;Tienda física;T005;E0027;28006;C0144;2;2;33,12;31,07
V03786;2023-09-22;Tienda física;T002;E0010;28115;SIN_REGISTRO;2;2;91,17;91,17
V03787;2022-06-24;Tienda física;T011;E0059;28115;C0406;3;3;74,63;73,7
V03788;2022-04-21;Tienda física;T005;E0026;50297;C0141;9;17;442,42;430,24
V03789;2023-09-23;Tienda física;T001;E0005;28115;C0199;3;3;93,9;89,34
V03790;2023-09-20;Tienda física;T002;E0009;47186;C0645;1;2;71,4;71,4
V03791;2022-03-08;Tienda física;T004;E0020;8019;C0771;2;4;80,92;77,91
V03792;2022-06-11;Online;ONLINE;ONLINE;8019;C0573;6;8;281,95;265,6
V03793;2023-05-24;Tienda física;T004;E0021;29067;C0623;2;5;83,33;81,08
V03794;2023-12-07;Online;ONLINE;ONLINE;48020;C0160;1;2;41,46;41,46
V03795;2023-02-07;Tienda física;T012;E0062;46192;C0421;1;2;35,1;35,1
V03796;2023-12-13;Tienda física;T002;E0012;41059;C0721;1;1;41,92;39,82
V03797;2023-01-03;Online;ONLINE;ONLINE;8019;C0163;1;1;20,12;18,11
V03798;2022-10-28;Online;ONLINE;ONLINE;41091;C0264;1;1;14,69;12,49
V03799;2023-03-05;Online;ONLINE;ONLINE;28079;C0380;1;1;20,72;20,72
V03800;2023-11-14;Online;ONLINE;ONLINE;8015;C0029;3;4;117,12;113,31
V03801;2022-09-04;Online;ONLINE;ONLINE;41091;C0125;1;1;12,26;11,65
V03802;2023-12-22;Tienda física;T012;E0061;28115;C0449;3;3;56,72;56,13
V03803;2022-03-23;Tienda física;T003;E0015;28074;C0457;4;6;239,97;225,94
V03804;2022-06-01;Online;ONLINE;ONLINE;48020;C0362;2;2;39,71;37,63
V03805;2022-05-10;Tienda física;T005;E0025;46192;C0349;1;1;14,42;14,42
V03806;2022-10-17;Tienda física;T002;E0012;47186;C0292;1;2;37,96;37,96
V03807;2023-08-17;Tienda física;T004;E0023;28006;C0455;1;1;17,67;17,67
V03808;2023-03-22;Tienda física;T009;E0048;8019;C0210;1;1;29,29;27,83
V03809;2023-10-22;Tienda física;T010;E0051;28074;C0630;2;3;41,38;37,42
V03810;2023-12-28;Tienda física;T009;E0049;41059;C0799;2;2;74,61;74,61
V03811;2023-11-03;Tienda física;T004;E0018;8019;SIN_REGISTRO;5;5;115,01;112,89
V03812;2022-06-10;Tienda física;T006;E0032;41091;C0774;1;3;41,13;39,07
V03813;2022-12-20;Tienda física;T009;E0046;47186;C0206;1;2;26,78;26,78
V03814;2022-02-02;Tienda física;T011;E0058;8019;C0391;1;1;28,35;28,35
V03815;2022-07-11;Tienda física;T007;E0037;46192;C0435;1;1;20,35;19,33
V03816;2023-11-06;Online;ONLINE;ONLINE;48020;C0068;2;2;64,64;61,41
V03817;2023-04-06;Tienda física;T012;E0061;50297;C0654;4;8;177,65;173,21
V03818;2023-12-26;Online;ONLINE;ONLINE;29069;C0239;1;1;14,33;13,61
V03819;2023-08-04;Online;ONLINE;ONLINE;28079;C0404;1;1;12,67;10,77
V03820;2022-01-08;Tienda física;T012;E0061;28006;SIN_REGISTRO;2;2;33,44;33,44
V03821;2023-03-02;Tienda física;T009;E0048;48020;C0738;2;3;92,12;92,12
V03822;2022-12-09;Tienda física;T009;E0047;48044;C0311;1;1;26,26;26,26
V03823;2022-05-24;Tienda física;T004;E0024;28006;C0688;2;5;173,58;173,58
V03824;2022-10-12;Tienda física;T011;E0058;46192;C0009;3;4;55,93;54,48
V03825;2023-03-04;Tienda física;T005;E0029;48020;C0599;1;2;48,94;48,94
V03826;2023-10-09;Tienda física;T009;E0048;41059;C0114;2;2;37,17;37,17
V03827;2023-09-22;Tienda física;T007;E0038;41091;C0153;4;5;104,89;102,77
V03828;2022-01-03;Tienda física;T006;E0030;48020;C0364;3;4;83,78;80,92
V03829;2023-05-29;Tienda física;T011;E0059;50297;C0141;1;3;54,21;54,21
V03830;2022-06-01;Tienda física;T001;E0005;46192;C0321;3;4;106,13;102,07
V03831;2023-06-28;Online;ONLINE;ONLINE;47186;C0601;2;2;38,53;35,51
V03832;2023-03-22;Tienda física;T008;E0044;48020;SIN_REGISTRO;4;5;140,23;133,14
V03833;2023-04-11;Online;ONLINE;ONLINE;28079;C0797;3;3;65;63,39
V03834;2023-07-06;Online;ONLINE;ONLINE;;SIN_REGISTRO;4;7;143,33;138,92
V03835;2022-10-19;Online;ONLINE;ONLINE;8015;C0604;1;2;40,96;40,96
V03836;2023-02-22;Tienda física;T001;E0003;8019;C0569;4;6;120,02;113,98
V03837;2023-05-01;Online;ONLINE;ONLINE;46192;C0043;1;1;24,66;23,43
V03838;2023-09-16;Online;ONLINE;ONLINE;28079;C0443;1;1;18,46;16,61
V03839;2022-11-19;Online;ONLINE;ONLINE;;SIN_REGISTRO;1;1;17,76;15,98
V03840;2023-04-06;Tienda física;T008;E0041;47186;C0149;2;4;65,02;65,02
V03841;2023-10-30;Tienda física;T008;E0043;48020;SIN_REGISTRO;1;1;11,27;11,27
V03842;2023-11-16;Tienda física;T006;E0034;29067;C0028;2;6;100,68;93,7
V03843;2023-02-09;Online;ONLINE;ONLINE;8019;C0134;1;3;81,33;81,33
V03844;2023-06-28;Tienda física;T004;E0018;41059;C0032;1;1;16,15;16,15
V03845;2022-08-16;Tienda física;T012;E0062;48020;C0272;1;1;13,02;12,37
V03846;2023-02-11;Tienda física;T008;E0045;47186;C0050;1;4;57,56;57,56
V03847;2022-02-18;Tienda física;T007;E0035;29069;C0588;2;4;75,22;75,22
V03848;2023-07-03;Online;ONLINE;ONLINE;;SIN_REGISTRO;1;1;15,3;13,77
V03849;2022-01-17;Tienda física;T001;E0003;28115;C0500;3;3;63,91;60,48
V03850;2023-09-07;Tienda física;T011;E0059;48044;C0076;1;3;50,49;42,92
V03851;2023-05-24;Tienda física;T007;E0036;48020;C0704;2;3;45,93;44,72
V03852;2023-07-01;Tienda física;T004;E0018;28006;C0496;1;1;12,95;11,01
V03853;2022-04-29;Online;ONLINE;ONLINE;28079;C0375;2;2;45,84;43,35
V03854;2023-07-29;Tienda física;T005;E0026;47186;C0094;2;4;67,35;61,53
V03855;2022-07-01;Online;ONLINE;ONLINE;50297;C0079;4;4;73,06;70,95
V03856;2022-01-15;Tienda física;T002;E0007;50297;C0270;2;2;97,8;87,02
V03857;2022-03-23;Tienda física;T001;E0004;46250;C0674;1;4;62,24;62,24
V03858;2023-05-07;Tienda física;T012;E0061;50297;C0334;1;3;43,23;43,23
V03859;2022-05-13;Online;ONLINE;ONLINE;8019;C0475;5;7;154,95;143,69
V03860;2022-06-23;Tienda física;T004;E0022;29067;C0786;4;9;186,94;179,71
V03861;2023-11-19;Tienda física;T009;E0047;41059;C0045;4;7;140,82;133,13
V03862;2022-06-15;Online;ONLINE;ONLINE;8019;C0778;1;1;27,19;25,83
V03863;2022-06-17;Tienda física;T006;E0034;41091;SIN_REGISTRO;5;9;188,53;184,72
V03864;2022-10-23;Online;ONLINE;ONLINE;28006;C0606;2;2;39,73;37,25
V03865;2022-03-20;Tienda física;T006;E0032;28074;C0570;1;2;47,28;47,28
V03866;2022-01-04;Tienda física;T012;E0065;48020;C0401;6;9;200,69;196,12
V03867;2022-10-04;Online;ONLINE;ONLINE;46192;C0640;2;2;36,85;36,85
V03868;2023-04-08;Online;ONLINE;ONLINE;50297;C0120;1;1;24,91;24,91
V03869;2023-05-28;Online;ONLINE;ONLINE;;SIN_REGISTRO;1;1;16,53;14,88
V03870;2023-06-08;Tienda física;T009;E0046;28079;C0385;1;1;16,75;16,75
V03871;2023-11-16;Tienda física;T008;E0040;48044;C0190;1;2;23,64;21,28
V03872;2022-03-27;Tienda física;T002;E0007;28074;C0021;2;5;108,35;106,85
V03873;2022-12-28;Online;ONLINE;ONLINE;;SIN_REGISTRO;2;2;92,9;89,95
V03874;2022-07-13;Tienda física;T006;E0032;48020;C0343;1;1;13,99;12,59
V03875;2022-01-19;Online;ONLINE;ONLINE;28006;C0144;1;1;12,05;10,85
V03876;2022-03-06;Online;ONLINE;ONLINE;41091;C0243;1;1;20,08;20,08
V03877;2022-12-17;Tienda física;T003;E0016;28079;SIN_REGISTRO;1;1;22,34;22,34
V03878;2023-05-06;Tienda física;T011;E0060;8015;C0337;1;2;24,88;21,15
V03879;2022-01-31;Tienda física;T012;E0062;28074;C0100;1;1;19,73;19,73
V03880;2023-03-19;Online;ONLINE;ONLINE;28079;C0649;1;2;29,2;29,2
V03881;2022-08-06;Tienda física;T007;E0036;8019;C0771;2;5;121,5;121,5
V03882;2023-09-28;Online;ONLINE;ONLINE;28074;C0632;5;9;270,21;254,16
V03883;2023-08-24;Tienda física;T012;E0063;28079;C0673;1;2;60,28;51,24
V03884;2022-08-21;Tienda física;T010;E0055;47186;C0290;7;10;181,33;175,56
V03885;2023-07-25;Tienda física;T010;E0051;47186;C0398;1;1;29,17;27,71
V03886;2022-11-26;Tienda física;T012;E0065;46192;C0384;1;2;59,02;50,17
V03887;2022-07-23;Online;ONLINE;ONLINE;50297;C0167;1;2;23,52;23,52
V03888;2023-04-09;Online;ONLINE;ONLINE;48020;C0401;1;1;34,42;34,42
V03889;2023-08-08;Tienda física;T010;E0050;28079;C0344;1;2;64,48;64,48
V03890;2023-11-12;Online;ONLINE;ONLINE;41059;C0108;2;3;40,71;40,71
V03891;2023-03-02;Tienda física;T001;E0003;28079;C0690;1;3;72,24;61,4
V03892;2022-11-19;Online;ONLINE;ONLINE;48020;C0352;2;2;41,7;40,28
V03893;2022-05-18;Online;ONLINE;ONLINE;28115;C0345;1;2;33,28;33,28
V03894;2023-08-31;Tienda física;T008;E0043;41091;C0531;3;6;140,4;131,83
V03895;2023-05-22;Online;ONLINE;ONLINE;48020;C0693;2;4;87,66;78,89
V03896;2022-05-03;Tienda física;T009;E0046;29067;C0562;1;1;15,6;14,04
V03897;2023-10-16;Tienda física;T012;E0062;50297;C0198;1;4;131,24;131,24
V03898;2022-11-16;Tienda física;T006;E0034;41059;C0565;2;4;84,64;76,18
V03899;2022-10-28;Tienda física;T012;E0061;28006;SIN_REGISTRO;1;1;24,95;24,95
V03900;2022-02-26;Online;ONLINE;ONLINE;28079;C0154;2;7;102,23;102,23
V03901;2023-12-14;Tienda física;T006;E0034;47186;C0151;1;1;19,57;19,57
V03902;2022-06-06;Tienda física;T005;E0026;8019;SIN_REGISTRO;5;11;397,66;394,19
V03903;2023-02-26;Online;ONLINE;ONLINE;28074;C0625;1;2;20,48;20,48
V03904;2022-03-18;Online;ONLINE;ONLINE;8019;C0010;2;3;95,71;92,09
V03905;2022-11-04;Online;ONLINE;ONLINE;;SIN_REGISTRO;1;1;14,1;13,39
V03906;2022-01-27;Tienda física;T009;E0046;28074;C0580;2;2;49,62;48,93
V03907;2022-07-09;Tienda física;T010;E0052;8019;C0766;1;1;13,69;11,64
V03908;2022-05-21;Tienda física;T008;E0045;28079;C0453;2;3;73,85;66,46
V03909;2023-01-07;Tienda física;T010;E0050;48020;C0201;4;6;178,03;178,03
V03910;2022-09-28;Tienda física;T007;E0036;29069;C0239;1;1;27,55;27,55
V03911;2022-05-07;Online;ONLINE;ONLINE;28074;C0773;1;1;14,35;14,35
V03912;2023-08-20;Online;ONLINE;ONLINE;29067;C0351;4;6;152,3;150,15
V03913;2022-02-20;Tienda física;T009;E0046;28115;C0703;1;1;13,55;13,55
V03914;2023-07-18;Online;ONLINE;ONLINE;28065;C0147;2;5;81,77;76,99
V03915;2023-12-31;Tienda física;T001;E0004;41091;C0489;1;2;49,56;44,6
V03916;2023-07-20;Tienda física;T003;E0014;41091;C0106;7;7;148,35;138,7
V03917;2022-04-13;Tienda física;T007;E0039;46250;SIN_REGISTRO;2;3;47,5;44,06
V03918;2022-11-16;Tienda física;T008;E0040;46192;C0746;4;4;97,61;95,92
V03919;2023-11-05;Tienda física;T001;E0003;28115;C0224;2;2;83,11;76,87
V03920;2022-02-23;Online;ONLINE;ONLINE;48020;C0599;1;1;15,4;15,4
V03921;2022-04-07;Online;ONLINE;ONLINE;46192;C0252;2;2;34,65;32,55
V03922;2022-04-20;Tienda física;T002;E0013;28065;C0340;3;4;73,98;73,11
V03923;2023-04-26;Tienda física;T012;E0064;8019;C0212;2;2;23,73;23,73
V03924;2023-07-09;Tienda física;T012;E0061;48020;C0629;3;4;112,62;108,69
V03925;2022-06-12;Online;ONLINE;ONLINE;29067;C0786;1;2;47,56;42,8
V03926;2022-03-25;Tienda física;T007;E0038;47186;C0572;1;1;35,2;35,2
V03927;2022-07-09;Online;ONLINE;ONLINE;;SIN_REGISTRO;1;1;19,2;16,32
V03928;2023-10-08;Online;ONLINE;ONLINE;29069;C0423;1;3;85,08;85,08
V03929;2022-08-12;Tienda física;T005;E0025;8019;SIN_REGISTRO;3;5;134,7;128,54
V03930;2022-06-23;Tienda física;T010;E0052;29067;C0769;2;3;81,19;77,62
V03931;2023-02-22;Online;ONLINE;ONLINE;;SIN_REGISTRO;3;5;104,33;103,71
V03932;2023-08-14;Tienda física;T006;E0030;28115;C0499;1;3;50,76;43,15
V03933;2023-05-20;Tienda física;T010;E0050;46250;C0434;1;2;57,3;51,57
V03934;2022-03-02;Tienda física;T011;E0059;8015;C0476;3;4;75,08;73,05
V03935;2023-09-20;Online;ONLINE;ONLINE;8019;C0768;2;3;52,97;51,01
V03936;2022-07-17;Tienda física;T008;E0040;46192;C0252;2;5;165,89;150,99
V03937;2022-12-19;Tienda física;T004;E0024;8019;C0363;1;2;41,5;41,5
V03938;2023-08-28;Online;ONLINE;ONLINE;46192;C0233;3;4;106,76;102,15
V03939;2022-10-03;Tienda física;T008;E0043;28074;C0208;2;3;69,53;69,53
V03940;2023-12-25;Online;ONLINE;ONLINE;8015;C0668;1;2;25,64;24,36
V03941;2023-10-26;Tienda física;T003;E0015;46250;C0445;3;5;128,73;116,96
V03942;2022-01-02;Tienda física;T007;E0036;28115;C0047;4;4;122,09;116,59
V03943;2023-08-28;Tienda física;T010;E0052;8015;C0287;2;2;34,78;34,18
V03944;2023-12-09;Tienda física;T006;E0031;41091;SIN_REGISTRO;1;1;19,36;19,36
V03945;2023-10-19;Online;ONLINE;ONLINE;8019;C0573;1;1;24,02;21,62
V03946;2023-11-19;Tienda física;T003;E0015;28079;SIN_REGISTRO;1;3;66,81;66,81
V03947;2023-12-30;Online;ONLINE;ONLINE;8019;C0556;1;1;12,63;12,63
V03948;2022-09-13;Tienda física;T002;E0011;28079;C0742;2;4;68,75;63,87
V03949;2022-03-15;Tienda física;T005;E0025;8019;C0255;1;1;16,37;13,91
V03950;2022-05-17;Tienda física;T007;E0037;41091;C0692;1;1;13,25;13,25
V03951;2022-04-26;Tienda física;T008;E0044;46192;C0498;2;5;89,79;83,12
V03952;2023-10-30;Tienda física;T010;E0051;8015;C0577;1;1;36,82;36,82
V03953;2023-12-14;Tienda física;T008;E0041;41059;C0091;4;8;157,05;153,22
V03954;2022-04-20;Tienda física;T008;E0045;28115;C0703;3;3;48,93;48
V03955;2023-04-03;Tienda física;T001;E0006;8019;C0016;3;7;228,96;217,92
V03956;2023-10-26;Online;ONLINE;ONLINE;8015;C0418;1;2;30,3;30,3
V03957;2022-11-29;Tienda física;T009;E0049;48044;SIN_REGISTRO;1;3;34,98;33,23
V03958;2023-11-07;Tienda física;T011;E0060;48044;C0185;1;1;14,43;12,99
V03959;2023-03-31;Online;ONLINE;ONLINE;48044;C0258;1;1;21,72;18,46
V03960;2023-10-13;Tienda física;T007;E0038;41059;C0339;1;3;31,86;31,86
V03961;2023-02-03;Online;ONLINE;ONLINE;;SIN_REGISTRO;1;1;12,48;12,48
V03962;2023-11-13;Tienda física;T011;E0060;8015;C0036;1;4;67,84;57,66
V03963;2023-05-17;Tienda física;T010;E0055;29069;SIN_REGISTRO;3;6;190;186,77
V03964;2023-03-24;Online;ONLINE;ONLINE;48020;C0616;4;5;77,78;75,91
V03965;2022-01-04;Tienda física;T001;E0001;8019;C0210;2;2;37,32;36,21
V03966;2022-06-12;Tienda física;T012;E0061;46192;C0384;2;3;37,17;35,97
V03967;2023-04-15;Online;ONLINE;ONLINE;48020;C0352;2;2;59,32;55,53
V03968;2022-07-28;Tienda física;T003;E0016;48044;C0482;2;3;70,05;67,69
V03969;2022-10-22;Tienda física;T002;E0011;46192;C0025;5;6;147,44;145,03
V03970;2022-10-14;Online;ONLINE;ONLINE;46192;C0640;1;1;19,73;19,73
V03971;2022-01-15;Tienda física;T002;E0008;41091;C0392;6;9;147,26;145
V03972;2023-08-24;Tienda física;T007;E0036;41091;C0066;2;4;89,79;85,3
V03973;2022-11-07;Tienda física;T007;E0037;28006;C0641;3;7;119,06;109,56
V03974;2023-04-06;Tienda física;T008;E0043;8015;C0446;1;1;15,82;15,82
V03975;2023-05-04;Online;ONLINE;ONLINE;50297;C0214;2;3;53,32;51,83
V03976;2022-06-14;Tienda física;T012;E0064;46192;C0465;1;2;34,06;32,36
V03977;2023-03-25;Online;ONLINE;ONLINE;48044;C0511;2;2;39,67;38,53
V03978;2022-08-29;Tienda física;T003;E0015;28079;SIN_REGISTRO;5;6;123,1;116,17
V03979;2023-01-29;Online;ONLINE;ONLINE;29069;C0209;2;3;63,92;63,92
V03980;2022-04-23;Tienda física;T010;E0050;50297;C0299;5;6;115,19;111,04
V03981;2023-06-19;Online;ONLINE;ONLINE;48020;C0160;1;1;18,79;18,79
V03982;2022-10-06;Tienda física;T007;E0035;46250;SIN_REGISTRO;2;4;97,84;93,44
V03983;2023-02-18;Online;ONLINE;ONLINE;47186;C0149;6;9;153,63;153,63
V03984;2023-08-04;Online;ONLINE;ONLINE;28079;C0633;1;1;15,85;15,85
V03985;2022-10-17;Online;ONLINE;ONLINE;28074;C0136;2;2;41,87;40,33
V03986;2023-11-16;Tienda física;T009;E0048;48044;SIN_REGISTRO;3;4;111,22;107,44
V03987;2023-10-05;Online;ONLINE;ONLINE;;SIN_REGISTRO;1;1;25,19;23,93
V03988;2022-06-02;Online;ONLINE;ONLINE;29067;C0275;1;1;14,68;14,68
V03989;2023-12-08;Online;ONLINE;ONLINE;;SIN_REGISTRO;2;4;137,91;129,34
V03990;2023-08-05;Tienda física;T001;E0001;46192;C0522;1;3;35,25;35,25
V03991;2023-05-08;Online;ONLINE;ONLINE;28006;C0157;2;3;133,46;133,46
V03992;2022-04-22;Tienda física;T003;E0016;48020;C0495;7;10;278,59;270,19
V03993;2023-03-12;Tienda física;T007;E0036;8019;C0274;1;1;17,08;17,08
V03994;2023-08-24;Tienda física;T004;E0023;41091;C0682;1;1;12,04;12,04
V03995;2023-11-17;Tienda física;T004;E0022;8015;C0418;1;1;13,53;12,18
V03996;2022-04-09;Online;ONLINE;ONLINE;41059;C0346;3;4;86,97;84
V03997;2023-10-02;Online;ONLINE;ONLINE;29067;C0097;3;4;100,54;98,22
V03998;2022-11-29;Tienda física;T003;E0016;41091;C0194;10;15;290,44;277,98
V03999;2023-01-01;Tienda física;T001;E0006;41059;C0621;2;2;50,07;48,66
V04000;2023-06-30;Tienda física;T010;E0054;41038;C0107;2;2;59,25;59,25
V04001;2022-08-22;Online;ONLINE;ONLINE;;SIN_REGISTRO;2;2;50,63;49,15
V04002;2023-12-08;Tienda física;T007;E0037;8019;C0494;2;3;70,03;66,07
V04003;2023-08-02;Online;ONLINE;ONLINE;48020;C0478;2;3;49,38;49,38
V04004;2023-02-25;Tienda física;T006;E0032;41091;SIN_REGISTRO;1;3;62,88;62,88
V04005;2023-04-24;Online;ONLINE;ONLINE;;SIN_REGISTRO;2;2;34,28;33,32
V04006;2022-04-16;Online;ONLINE;ONLINE;46192;C0435;1;2;64,48;54,81
V04007;2022-05-19;Online;ONLINE;ONLINE;48044;C0078;2;2;28,4;28,4
V04008;2022-08-12;Online;ONLINE;ONLINE;50297;C0017;3;4;51,69;50,78
V04009;2022-02-07;Online;ONLINE;ONLINE;48020;C0220;2;3;51,25;51,25
V04010;2023-08-25;Tienda física;T001;E0006;47186;C0655;7;8;210,29;203,69
V04011;2022-10-15;Online;ONLINE;ONLINE;;SIN_REGISTRO;3;3;45,46;42,6
V04012;2022-08-03;Tienda física;T002;E0011;8019;C0494;3;6;238,18;233,81
V04013;2022-08-31;Tienda física;T002;E0011;47186;C0655;1;2;19,84;17,86
V04014;2022-04-06;Tienda física;T001;E0006;28115;C0701;2;4;115,9;106,55
V04015;2022-02-15;Tienda física;T003;E0014;46192;C0676;3;3;80,41;79,59
V04016;2023-07-09;Tienda física;T008;E0041;48020;SIN_REGISTRO;3;5;79,55;79,55
V04017;2023-05-17;Tienda física;T007;E0036;8019;C0192;3;3;104,16;99,3
V04018;2022-12-05;Tienda física;T003;E0014;48044;C0173;2;2;22,93;22,1
V04019;2023-05-31;Online;ONLINE;ONLINE;41059;C0430;1;2;43,3;38,97
V04020;2023-08-13;Online;ONLINE;ONLINE;28006;C0373;2;5;56,94;56,94
V04021;2023-03-14;Tienda física;T006;E0031;41091;SIN_REGISTRO;1;2;46,54;39,56
V04022;2023-01-01;Tienda física;T009;E0048;8019;C0196;3;5;186,15;177,52
V04023;2022-01-28;Tienda física;T012;E0062;8019;C0324;2;3;28,56;25,86
V04024;2023-10-05;Tienda física;T008;E0044;41038;C0077;1;2;24,48;22,03
V04025;2023-11-15;Tienda física;T005;E0029;41091;C0774;1;2;36,5;36,5
V04026;2022-06-26;Tienda física;T007;E0039;48044;C0090;1;1;18,67;18,67
V04027;2022-02-16;Online;ONLINE;ONLINE;28065;C0593;3;3;38,63;36,32
V04028;2022-07-20;Tienda física;T012;E0061;50297;C0330;1;2;36,7;36,7
V04029;2022-05-16;Online;ONLINE;ONLINE;28115;C0426;3;3;76,98;76,98
V04030;2022-03-04;Online;ONLINE;ONLINE;28079;C0089;3;5;66,92;62,31
V04031;2022-08-20;Online;ONLINE;ONLINE;46192;C0754;4;6;170,17;165,8
V04032;2022-02-02;Online;ONLINE;ONLINE;29067;C0230;3;4;94,74;94,74
V04033;2023-01-11;Tienda física;T003;E0015;41059;C0332;2;4;101,16;89,43
V04034;2023-12-05;Online;ONLINE;ONLINE;29069;C0239;2;2;52,4;51,62
V04035;2023-12-06;Online;ONLINE;ONLINE;8019;C0778;1;1;15,25;15,25
V04036;2023-05-01;Online;ONLINE;ONLINE;;SIN_REGISTRO;1;1;12,52;11,89
V04037;2022-06-25;Online;ONLINE;ONLINE;46192;C0507;2;3;76,72;76,72
V04038;2023-06-30;Tienda física;T012;E0064;28006;SIN_REGISTRO;1;1;25,86;25,86
V04039;2022-04-22;Tienda física;T003;E0017;8019;C0714;1;2;93,32;93,32
V04040;2022-08-05;Tienda física;T003;E0016;46192;C0252;8;9;271,24;268,5
V04041;2023-03-02;Online;ONLINE;ONLINE;41091;C0464;2;4;62,86;62,86
V04042;2022-08-23;Online;ONLINE;ONLINE;48020;C0272;2;4;57,67;54,47
V04043;2022-09-30;Online;ONLINE;ONLINE;48020;C0629;3;3;126,55;120,22
V04044;2023-04-09;Tienda física;T007;E0039;50297;C0299;1;1;20,05;20,05
V04045;2023-04-05;Online;ONLINE;ONLINE;28079;C0686;3;4;176,49;173,42
V04046;2023-09-18;Tienda física;T001;E0003;41038;C0466;2;2;55,19;50,94
V04047;2022-11-20;Tienda física;T009;E0048;41059;C0590;2;2;40,28;40,28
V04048;2022-01-21;Tienda física;T009;E0049;48044;C0360;6;6;221,04;212,26
V04049;2022-10-30;Tienda física;T002;E0013;28074;C0038;2;3;48,8;47,73
V04050;2022-04-04;Tienda física;T010;E0052;46192;C0733;2;4;54,85;51,95
V04051;2023-12-13;Tienda física;T010;E0053;41059;C0228;2;5;148,42;148,42
V04052;2022-08-24;Tienda física;T002;E0010;28079;C0019;1;1;20,66;17,56
V04053;2023-07-28;Tienda física;T011;E0060;28065;C0416;1;1;18,94;17,99
V04054;2023-10-28;Online;ONLINE;ONLINE;48020;C0615;2;3;65,85;64,62
V04055;2022-02-24;Online;ONLINE;ONLINE;46250;C0165;3;3;64,33;61,51
V04056;2023-07-06;Tienda física;T005;E0027;41059;C0721;2;2;35,12;35,12
V04057;2022-09-04;Online;ONLINE;ONLINE;28079;C0686;3;5;101,28;101,28
V04058;2022-09-05;Tienda física;T001;E0006;48020;C0364;2;3;45,15;40,64
V04059;2022-12-14;Online;ONLINE;ONLINE;29069;C0557;1;2;37,18;33,46
V04060;2022-09-23;Online;ONLINE;ONLINE;;SIN_REGISTRO;1;2;23,46;23,46
V04061;2023-07-17;Online;ONLINE;ONLINE;29067;C0275;2;5;97,3;97,3
V04062;2022-02-15;Online;ONLINE;ONLINE;;SIN_REGISTRO;4;5;153,11;149,2
V04063;2022-07-30;Tienda física;T004;E0024;50297;C0437;2;4;86,33;84,44
V04064;2023-12-17;Online;ONLINE;ONLINE;47186;C0244;2;5;171,32;165,21
V04065;2023-06-15;Tienda física;T012;E0063;28074;C0038;7;8;220,27;217,28
V04066;2022-03-15;Online;ONLINE;ONLINE;28079;C0443;2;3;30,62;29,09
V04067;2022-11-26;Tienda física;T010;E0054;41038;C0486;2;2;29,76;28,91
V04068;2023-11-29;Tienda física;T006;E0031;47186;C0595;2;2;38,01;38,01
V04069;2022-01-31;Online;ONLINE;ONLINE;46250;C0548;4;5;67,95;65,57
V04070;2022-01-28;Online;ONLINE;ONLINE;;SIN_REGISTRO;1;2;35,56;30,23
V04071;2022-02-01;Tienda física;T010;E0051;29069;SIN_REGISTRO;2;2;36,06;36,06
V04072;2022-06-18;Tienda física;T005;E0027;48020;C0401;3;5;121,27;116,66
V04073;2022-03-26;Online;ONLINE;ONLINE;;SIN_REGISTRO;5;8;260,31;253,09
V04074;2023-05-08;Tienda física;T010;E0054;29069;C0639;1;2;58,58;58,58
V04075;2023-07-06;Tienda física;T007;E0038;41091;C0578;2;4;76,94;74,67
V04076;2022-02-28;Tienda física;T005;E0025;46250;C0060;6;6;160,81;151,07
V04077;2022-06-03;Tienda física;T006;E0033;41091;C0744;1;1;13,23;13,23
V04078;2023-01-24;Online;ONLINE;ONLINE;8015;C0446;2;3;52,11;50,13
V04079;2023-06-01;Online;ONLINE;ONLINE;28006;C0366;1;1;21,58;18,34
V04080;2022-10-27;Tienda física;T001;E0003;28074;C0461;2;5;108,57;108,57
V04081;2022-03-29;Online;ONLINE;ONLINE;29069;C0781;2;2;63,31;60,49
V04082;2023-09-07;Tienda física;T012;E0064;8015;C0029;4;9;142,64;131,08
V04083;2022-10-22;Online;ONLINE;ONLINE;8019;C0790;1;1;11,18;10,62
V04084;2022-06-04;Online;ONLINE;ONLINE;46192;C0501;4;4;126,88;125,59
V04085;2023-05-29;Tienda física;T003;E0017;41038;C0107;2;2;24,09;22,77
V04086;2022-11-18;Online;ONLINE;ONLINE;8019;C0134;2;3;38,08;36,17
V04087;2022-02-11;Tienda física;T006;E0030;8019;C0212;2;3;101,7;100,35
V04088;2023-04-24;Tienda física;T008;E0041;41059;C0126;2;4;68,86;66,91
V04089;2023-09-06;Tienda física;T001;E0004;48020;C0629;1;3;95,52;95,52
V04090;2023-11-09;Tienda física;T005;E0026;8015;C0604;7;9;233,19;219,97
V04091;2023-01-22;Tienda física;T008;E0043;41091;C0159;3;4;103,01;94,66
V04092;2022-04-01;Online;ONLINE;ONLINE;41091;C0657;2;4;55,88;55,88
V04093;2023-06-27;Tienda física;T006;E0034;8019;C0646;1;2;80,4;80,4
V04094;2023-01-22;Tienda física;T012;E0062;8019;C0468;1;1;17,73;15,96
V04095;2022-08-30;Tienda física;T001;E0006;8019;C0400;6;9;195,89;184,7
V04096;2022-10-03;Online;ONLINE;ONLINE;28115;C0406;5;6;227,06;221,37
V04097;2022-11-26;Tienda física;T002;E0010;8015;C0577;4;7;99,42;96,61
V04098;2023-01-10;Online;ONLINE;ONLINE;50297;C0756;5;6;160,9;154,94
V04099;2023-08-14;Online;ONLINE;ONLINE;50297;C0295;5;8;223,35;216,37
V04100;2023-07-20;Tienda física;T006;E0034;50297;C0030;4;4;68,97;64,25
V04101;2023-10-03;Tienda física;T003;E0016;46250;C0060;1;2;29,08;27,63
V04102;2023-02-21;Online;ONLINE;ONLINE;;SIN_REGISTRO;2;2;22,37;22,37
V04103;2023-02-25;Online;ONLINE;ONLINE;28115;C0449;5;8;234,66;214,15
V04104;2023-09-25;Online;ONLINE;ONLINE;41038;C0098;3;4;85,26;84,01
V04105;2023-10-02;Online;ONLINE;ONLINE;48044;C0303;2;2;40,13;37,9
V04106;2022-05-09;Tienda física;T011;E0058;46192;C0730;4;5;77,89;77,89
V04107;2022-10-02;Tienda física;T001;E0004;48020;C0451;1;1;23,97;23,97
V04108;2023-02-06;Online;ONLINE;ONLINE;28079;C0722;1;4;110,68;110,68
V04109;2023-07-24;Online;ONLINE;ONLINE;;SIN_REGISTRO;3;4;114,26;112,26
V04110;2022-09-25;Tienda física;T003;E0017;46192;C0233;2;2;24,24;21,08
V04111;2023-10-22;Tienda física;T011;E0058;41059;C0430;4;4;78,89;75,83
V04112;2023-05-26;Tienda física;T006;E0032;41059;C0610;3;5;132,18;132,18
V04113;2023-01-23;Online;ONLINE;ONLINE;29067;C0626;1;1;17,68;15,03
V04114;2023-06-26;Online;ONLINE;ONLINE;41038;C0486;2;3;86,29;83,57
V04115;2023-02-14;Online;ONLINE;ONLINE;41059;C0610;2;3;52,21;52,21
V04116;2022-06-08;Tienda física;T012;E0062;28006;C0181;1;1;21,28;18,09
V04117;2022-05-25;Tienda física;T006;E0031;48044;C0482;3;3;81,48;79,26
V04118;2023-09-26;Tienda física;T005;E0026;29067;C0129;5;8;179,83;171,91
V04119;2022-06-24;Tienda física;T001;E0005;28115;C0307;3;3;99,16;89,84
V04120;2023-02-22;Tienda física;T012;E0064;29067;C0626;9;12;265,03;258,83
V04121;2022-01-22;Tienda física;T005;E0029;50297;C0711;2;4;112,89;103,13
V04122;2022-05-14;Online;ONLINE;ONLINE;;SIN_REGISTRO;2;2;35,87;35,87
V04123;2022-08-08;Tienda física;T006;E0033;41038;C0466;1;1;27,61;27,61
V04124;2022-09-15;Tienda física;T012;E0065;47186;C0656;2;2;40,08;40,08
V04125;2022-02-11;Online;ONLINE;ONLINE;41091;C0767;2;4;100,77;96,98
V04126;2023-10-09;Tienda física;T007;E0039;46192;C0252;1;1;22,53;21,4
V04127;2022-12-30;Tienda física;T012;E0062;28079;C0336;5;5;94,95;92,92
V04128;2022-02-13;Online;ONLINE;ONLINE;41059;C0405;2;4;88,46;88,46
V04129;2022-08-23;Tienda física;T007;E0038;46250;SIN_REGISTRO;1;2;23,92;20,33
V04130;2022-12-15;Online;ONLINE;ONLINE;8015;C0309;5;7;170,32;168,89
V04131;2022-10-28;Tienda física;T003;E0014;8019;C0312;6;7;143,78;138,62
V04132;2023-11-16;Online;ONLINE;ONLINE;;SIN_REGISTRO;4;4;81,62;77,78
V04133;2023-01-22;Tienda física;T011;E0057;28065;C0169;3;6;175,41;175,41
V04134;2022-10-14;Online;ONLINE;ONLINE;8019;C0631;1;1;16,97;16,97
V04135;2022-08-20;Tienda física;T006;E0034;28074;C0731;2;5;65,53;58,06
V04136;2023-01-13;Online;ONLINE;ONLINE;29069;C0117;1;2;40,66;40,66
V04137;2022-10-10;Tienda física;T006;E0033;8019;C0148;1;3;65,64;65,64
V04138;2023-04-22;Online;ONLINE;ONLINE;28006;C0111;2;3;119,88;117,97
V04139;2023-11-21;Online;ONLINE;ONLINE;28074;C0350;3;4;81,69;72,22
V04140;2022-02-08;Online;ONLINE;ONLINE;28115;C0307;3;4;126,37;121,03
V04141;2022-10-26;Tienda física;T003;E0016;41091;C0787;2;5;60,19;59,24
V04142;2022-08-10;Tienda física;T010;E0050;46250;C0609;2;3;45,71;44,13
V04143;2022-07-18;Online;ONLINE;ONLINE;41059;C0751;2;3;71,82;69,39
V04144;2023-08-25;Online;ONLINE;ONLINE;50297;C0006;2;2;52,82;52,82
V04145;2023-02-09;Online;ONLINE;ONLINE;41091;C0699;2;4;49,6;44,18
V04146;2022-05-25;Tienda física;T010;E0054;8019;C0268;4;5;120,83;119,25
V04147;2022-04-07;Online;ONLINE;ONLINE;48020;C0450;1;2;78,36;66,61
V04148;2023-06-23;Online;ONLINE;ONLINE;41059;C0770;1;1;21,15;20,09
V04149;2023-07-12;Tienda física;T011;E0056;50297;SIN_REGISTRO;2;3;64,69;64,69
V04150;2022-09-04;Online;ONLINE;ONLINE;28006;C0752;2;2;66,78;60,1
V04151;2023-10-09;Tienda física;T001;E0004;41059;C0751;1;2;39,56;33,63
V04152;2023-05-20;Tienda física;T008;E0044;28115;C0241;1;2;29,44;29,44
V04153;2023-02-19;Tienda física;T003;E0017;29069;C0399;1;1;24,55;20,87
V04154;2022-08-20;Tienda física;T012;E0065;28065;C0592;2;2;44,95;44,95
V04155;2022-02-05;Tienda física;T004;E0023;41091;C0685;2;2;41,35;37,13
V04156;2022-03-27;Tienda física;T005;E0028;8019;SIN_REGISTRO;1;1;18,12;16,31
V04157;2022-12-02;Tienda física;T003;E0017;28079;SIN_REGISTRO;2;4;77,12;74,33
V04158;2023-04-18;Online;ONLINE;ONLINE;50297;C0402;2;2;35,36;34,28
V04159;2023-07-20;Tienda física;T012;E0061;46192;C0501;7;8;155,3;143,48
V04160;2022-01-11;Online;ONLINE;ONLINE;48044;C0552;2;3;49,04;49,04
V04161;2022-01-28;Online;ONLINE;ONLINE;28074;C0581;1;1;24,96;24,96
V04162;2022-12-09;Tienda física;T011;E0060;8019;C0741;6;9;165,13;157,78
V04163;2023-07-17;Tienda física;T001;E0002;46250;C0261;2;2;59,96;59,96
V04164;2022-09-08;Tienda física;T010;E0052;8019;C0479;1;1;25,83;21,96
V04165;2022-12-08;Tienda física;T002;E0007;8019;C0363;3;4;70,94;69,29
V04166;2022-09-28;Online;ONLINE;ONLINE;8019;C0274;7;11;299,45;282,58
V04167;2023-09-03;Tienda física;T008;E0044;48020;SIN_REGISTRO;3;8;154,08;145,26
V04168;2022-01-04;Online;ONLINE;ONLINE;48044;C0280;3;4;57,65;55,48
V04169;2023-02-06;Online;ONLINE;ONLINE;28079;C0019;6;9;285,57;275,71
V04170;2022-05-18;Tienda física;T001;E0005;29067;C0275;4;5;81,1;78,93
V04171;2022-11-15;Online;ONLINE;ONLINE;8015;C0706;2;2;32,91;31,45
V04172;2022-05-07;Online;ONLINE;ONLINE;29067;C0585;3;5;82,12;77,18
V04173;2022-04-22;Online;ONLINE;ONLINE;28006;C0713;3;4;71,69;67,83
V04174;2022-08-20;Tienda física;T006;E0031;29069;C0040;4;7;123,7;115,93
V04175;2023-06-27;Tienda física;T002;E0009;50297;C0306;2;3;90,04;83,22
V04176;2022-01-28;Tienda física;T002;E0009;28115;SIN_REGISTRO;2;5;142,46;132,84
V04177;2023-02-22;Tienda física;T007;E0037;28006;C0373;2;2;23,46;23,46
V04178;2022-06-11;Tienda física;T001;E0002;28006;C0779;2;4;72,06;69,28
V04179;2022-03-17;Tienda física;T001;E0001;28074;C0146;2;4;107,62;107,62
V04180;2022-10-09;Online;ONLINE;ONLINE;47186;C0555;6;9;256,53;253,63
V04181;2023-03-05;Tienda física;T002;E0012;50297;C0143;1;1;10,08;10,08
V04182;2022-09-19;Online;ONLINE;ONLINE;;SIN_REGISTRO;2;3;43,74;43,74
V04183;2022-05-14;Tienda física;T007;E0036;46250;C0471;3;3;51,51;48,86
V04184;2022-02-13;Tienda física;T008;E0045;28079;C0597;1;2;26,76;26,76
V04185;2022-12-12;Tienda física;T006;E0031;41059;C0112;1;1;13,55;13,55
V04186;2023-02-09;Tienda física;T005;E0028;46192;C0238;1;1;26,13;24,82
V04187;2022-02-17;Tienda física;T011;E0057;28006;C0288;1;1;14,15;12,74
V04188;2022-04-30;Online;ONLINE;ONLINE;;SIN_REGISTRO;1;2;25,54;21,71
V04189;2023-03-13;Online;ONLINE;ONLINE;46192;C0007;1;3;78,96;78,96
V04190;2022-07-17;Online;ONLINE;ONLINE;28115;C0701;5;5;93,23;90,41
V04191;2023-01-05;Online;ONLINE;ONLINE;28115;C0426;2;3;84,78;83,01
V04192;2023-09-15;Tienda física;T011;E0060;50297;SIN_REGISTRO;1;1;13,24;13,24
V04193;2023-01-31;Online;ONLINE;ONLINE;8019;C0670;1;2;53,72;53,72
V04194;2022-03-16;Online;ONLINE;ONLINE;29067;C0785;1;1;21,59;21,59
V04195;2022-04-13;Online;ONLINE;ONLINE;29067;C0474;1;1;30,89;30,89
V04196;2022-09-18;Tienda física;T003;E0016;8019;C0631;2;6;104,48;104,48
V04197;2022-02-23;Online;ONLINE;ONLINE;28074;C0457;2;2;75,29;68,34
V04198;2023-03-23;Tienda física;T002;E0009;8015;C0706;2;3;65,09;59,79
V04199;2023-05-13;Tienda física;T007;E0038;28006;C0113;1;1;23,06;19,6
V04200;2023-03-11;Tienda física;T002;E0011;28074;C0020;1;1;15,77;14,19
V04201;2023-09-29;Tienda física;T004;E0022;28074;C0773;1;2;43,24;43,24
V04202;2022-10-25;Online;ONLINE;ONLINE;47186;C0655;3;3;60,17;54,7
V04203;2022-04-29;Tienda física;T005;E0026;48020;C0451;1;1;14,04;14,04
V04204;2023-07-22;Online;ONLINE;ONLINE;46192;C0051;1;2;21,7;21,7
V04205;2022-07-18;Tienda física;T009;E0046;8019;C0255;2;3;43,57;42,21
V04206;2022-09-01;Tienda física;T002;E0007;50297;C0756;3;3;70,94;65,99
V04207;2023-02-22;Online;ONLINE;ONLINE;48044;C0603;1;2;23,88;23,88
V04208;2022-08-28;Tienda física;T008;E0043;29069;C0128;10;16;396,4;387,7
V04209;2023-09-22;Online;ONLINE;ONLINE;8019;C0323;5;8;183,27;175,92
V04210;2022-02-24;Tienda física;T004;E0024;28079;C0304;2;5;101,07;101,07
V04211;2023-04-08;Tienda física;T002;E0013;28079;C0690;6;7;147,25;141,77
V04212;2023-09-13;Tienda física;T002;E0013;47186;C0642;2;4;136,71;136,71
V04213;2023-08-02;Online;ONLINE;ONLINE;48020;C0702;7;9;161,97;158,04
V04214;2022-10-24;Online;ONLINE;ONLINE;28079;C0083;6;8;242,25;241
V04215;2022-01-17;Online;ONLINE;ONLINE;48044;C0412;3;3;89,64;84,19
V04216;2022-09-19;Tienda física;T002;E0010;8019;C0582;2;4;142,3;138,16
V04217;2023-02-17;Online;ONLINE;ONLINE;47186;C0156;2;2;33,62;32,42
V04218;2023-10-02;Tienda física;T002;E0009;47186;C0206;2;4;92,78;83,51
V04219;2023-11-04;Online;ONLINE;ONLINE;46250;C0609;1;1;17,55;17,55
V04220;2022-04-02;Online;ONLINE;ONLINE;29069;C0423;2;3;61,24;59,14
V04221;2022-05-29;Tienda física;T001;E0003;41059;C0538;2;3;81,1;78,06
V04222;2023-08-17;Tienda física;T012;E0062;8019;C0409;2;3;84,19;83,07
V04223;2022-05-31;Online;ONLINE;ONLINE;29069;C0553;1;1;14,61;14,61
V04224;2022-10-29;Online;ONLINE;ONLINE;41059;C0799;1;2;40,5;40,5
V04225;2023-08-07;Tienda física;T007;E0035;46250;SIN_REGISTRO;2;2;30,02;28,63
V04226;2022-06-29;Online;ONLINE;ONLINE;48044;C0491;4;4;173,52;173,52
V04227;2022-07-09;Tienda física;T001;E0004;48044;C0511;2;4;91,37;91,37
V04228;2022-05-25;Online;ONLINE;ONLINE;28079;C0089;1;2;39,56;37,58
V04229;2023-08-01;Tienda física;T001;E0003;28115;C0199;1;1;25,73;23,16
V04230;2023-02-22;Online;ONLINE;ONLINE;48020;C0602;4;5;91,78;89,46
V04231;2023-07-26;Tienda física;T008;E0041;8015;C0446;9;13;285,97;276,06
V04232;2023-02-12;Online;ONLINE;ONLINE;28115;C0047;3;3;62,74;57,43
V04233;2023-04-14;Tienda física;T006;E0030;47186;C0358;7;10;182,73;179,97
V04234;2023-10-20;Tienda física;T006;E0032;28079;C0673;1;1;20,99;19,94
V04235;2022-08-10;Tienda física;T007;E0037;41059;C0218;1;1;12,45;12,45
V04236;2023-06-17;Online;ONLINE;ONLINE;46250;C0119;2;2;62,75;60,65
V04237;2022-11-30;Tienda física;T001;E0002;29069;C0266;1;4;65,04;55,28
V04238;2023-10-28;Tienda física;T005;E0025;28115;C0241;1;3;62,01;62,01
V04239;2023-11-05;Tienda física;T007;E0037;28115;C0788;4;6;107,39;103,04
V04240;2022-10-19;Tienda física;T001;E0002;47186;C0655;2;4;175,68;175,68
V04241;2023-02-22;Online;ONLINE;ONLINE;8019;C0070;1;1;32,24;27,4
V04242;2022-05-26;Tienda física;T002;E0011;8019;C0322;4;8;265,95;242,65
V04243;2022-12-16;Tienda física;T007;E0038;47186;C0223;1;1;15,8;15,8
V04244;2023-02-20;Tienda física;T002;E0011;8019;C0322;1;1;28,25;25,43
V04245;2023-07-12;Tienda física;T002;E0009;41091;C0066;3;4;79,41;75,9
V04246;2023-03-21;Online;ONLINE;ONLINE;28065;C0592;1;1;13,06;11,1
V04247;2022-04-06;Tienda física;T006;E0031;41091;SIN_REGISTRO;1;1;28,41;25,57
V04248;2023-08-10;Tienda física;T003;E0014;46192;C0233;2;4;47,46;45,09
V04249;2023-02-21;Tienda física;T012;E0064;47186;C0290;3;4;125,72;118,8
V04250;2022-08-10;Tienda física;T005;E0026;48044;C0482;2;2;46,1;46,1
V04251;2023-03-13;Tienda física;T009;E0047;47186;C0605;1;1;26,21;26,21
V04252;2022-07-14;Online;ONLINE;ONLINE;41091;C0467;3;3;72,48;69,68
V04253;2023-08-09;Tienda física;T012;E0061;50297;C0330;1;1;18,71;18,71
V04254;2022-09-15;Tienda física;T004;E0021;28079;C0170;2;2;34,03;34,03
V04255;2023-02-13;Online;ONLINE;ONLINE;28115;C0499;1;2;33,86;30,47
V04256;2022-09-04;Tienda física;T008;E0043;28065;C0372;2;6;156,3;152,06
V04257;2023-06-06;Tienda física;T004;E0024;8019;C0408;1;1;28,54;28,54
V04258;2022-01-31;Tienda física;T006;E0030;29067;C0562;9;9;168,78;162,63
V04259;2022-08-18;Tienda física;T001;E0002;48020;C0012;3;4;77,84;76,26
V04260;2023-11-15;Tienda física;T007;E0035;48020;C0478;4;5;180,09;166,03
V04261;2023-09-07;Tienda física;T011;E0059;47186;C0542;1;1;29,17;27,71
V04262;2022-03-06;Tienda física;T012;E0061;41059;C0583;2;2;39,58;38,26
V04263;2023-02-01;Online;ONLINE;ONLINE;8019;C0016;2;2;63,06;58,65
V04264;2022-03-18;Tienda física;T005;E0026;8019;C0400;1;3;66,75;66,75
V04265;2023-09-19;Tienda física;T002;E0010;46192;C0733;3;5;186,22;183,89
V04266;2022-02-19;Online;ONLINE;ONLINE;41059;C0112;2;5;53,23;51,71
V04267;2023-06-25;Online;ONLINE;ONLINE;46250;C0546;1;1;19,37;19,37
V04268;2022-03-24;Tienda física;T005;E0029;28065;C0084;5;5;144,72;140,72
V04269;2022-11-26;Online;ONLINE;ONLINE;48020;C0127;1;2;25,7;25,7
V04270;2023-02-22;Tienda física;T004;E0024;8015;C0534;5;10;279,17;278,3
V04271;2023-08-20;Tienda física;T012;E0063;28006;SIN_REGISTRO;4;5;104,32;102,97
V04272;2023-10-05;Online;ONLINE;ONLINE;28006;C0606;9;12;284,3;280,97
V04273;2023-01-13;Online;ONLINE;ONLINE;41038;C0110;1;1;12,34;12,34
V04274;2022-10-04;Online;ONLINE;ONLINE;;SIN_REGISTRO;4;5;94,29;91,18
V04275;2023-03-28;Online;ONLINE;ONLINE;46250;C0674;5;9;174,56;168,68
V04276;2023-02-05;Tienda física;T003;E0016;28079;SIN_REGISTRO;1;1;11,26;11,26
V04277;2023-04-05;Tienda física;T006;E0034;50297;C0017;1;1;16,39;16,39
V04278;2023-02-26;Online;ONLINE;ONLINE;46192;C0088;2;4;84,62;75,7
V04279;2023-09-03;Online;ONLINE;ONLINE;48020;C0450;1;1;15,23;15,23
V04280;2022-01-20;Tienda física;T002;E0011;28074;C0514;2;2;27,56;26,18
V04281;2023-05-19;Online;ONLINE;ONLINE;28074;C0608;2;2;29,13;25,48
V04282;2023-01-29;Tienda física;T012;E0065;28065;C0745;1;2;28,84;28,84
V04283;2023-08-02;Tienda física;T011;E0059;28074;C0457;2;5;89,19;78,52
V04284;2022-09-27;Tienda física;T001;E0004;28079;C0161;4;8;269,7;265,22
V04285;2023-06-21;Tienda física;T003;E0016;50297;C0681;2;3;65,16;56,01
V04286;2022-03-10;Online;ONLINE;ONLINE;46250;C0447;1;1;14,77;14,77
V04287;2022-07-27;Online;ONLINE;ONLINE;48044;C0078;4;9;210,05;195,78
V04288;2022-04-02;Tienda física;T003;E0017;48020;C0693;1;2;36,26;36,26
V04289;2023-01-02;Tienda física;T009;E0047;28079;C0242;1;4;46,72;39,71
V04290;2022-07-27;Tienda física;T004;E0018;8019;SIN_REGISTRO;1;1;12,68;12,68
V04291;2022-04-22;Tienda física;T007;E0036;28079;C0485;1;1;25,21;23,95
V04292;2023-04-21;Online;ONLINE;ONLINE;48020;C0652;1;1;10,47;10,47
V04293;2022-06-18;Tienda física;T003;E0017;29067;C0230;1;4;49,52;42,09
V04294;2022-03-22;Online;ONLINE;ONLINE;46192;C0321;5;5;112,06;108,54
V04295;2022-01-01;Tienda física;T011;E0060;8019;C0766;2;2;54,66;51,93
V04296;2022-08-13;Online;ONLINE;ONLINE;46250;C0119;1;1;14,62;13,89
V04297;2023-06-10;Online;ONLINE;ONLINE;;SIN_REGISTRO;2;5;87,66;80,41
V04298;2022-05-16;Online;ONLINE;ONLINE;46192;C0508;4;4;107,71;99,51
V04299;2023-07-14;Online;ONLINE;ONLINE;28006;C0532;2;4;60,88;56,63
V04300;2023-01-21;Online;ONLINE;ONLINE;29069;C0239;1;2;34,42;34,42
V04301;2022-08-12;Tienda física;T005;E0029;8019;SIN_REGISTRO;1;1;14,81;14,07
V04302;2023-11-15;Online;ONLINE;ONLINE;41059;C0799;2;3;56,67;53,65
V04303;2022-11-11;Tienda física;T002;E0013;50297;C0402;2;2;59,04;59,04
V04304;2022-06-22;Tienda física;T007;E0035;29069;C0586;2;3;75,38;70,06
V04305;2022-02-18;Tienda física;T007;E0036;8015;C0281;3;4;66,26;66,26
V04306;2022-10-29;Tienda física;T010;E0054;29067;C0275;2;3;39,52;37,71
V04307;2022-04-07;Tienda física;T010;E0054;8019;C0415;1;1;21,05;20
V04308;2022-10-19;Tienda física;T009;E0047;41059;C0228;7;11;264,09;252,7
V04309;2023-04-08;Tienda física;T012;E0063;28079;C0002;1;1;15,72;15,72
V04310;2022-04-15;Tienda física;T002;E0009;28065;C0137;3;3;76,75;74,82
V04311;2023-07-02;Tienda física;T009;E0049;8019;C0475;1;2;47,14;47,14
V04312;2023-04-20;Online;ONLINE;ONLINE;29067;C0065;2;4;102,68;90,6
V04313;2023-11-15;Tienda física;T008;E0045;28079;C0019;2;3;65,52;62,71
V04314;2022-07-11;Tienda física;T009;E0047;46192;C0619;5;9;283,04;274,84
V04315;2022-06-15;Online;ONLINE;ONLINE;50297;C0402;5;7;136,34;132,76
V04316;2023-05-19;Tienda física;T004;E0020;8019;SIN_REGISTRO;3;3;88,01;82,74
V04317;2022-04-15;Tienda física;T003;E0015;29069;C0216;1;4;82;69,7
V04318;2022-09-25;Tienda física;T004;E0024;47186;C0743;4;4;140,42;133,84
V04319;2022-06-25;Tienda física;T004;E0024;48020;C0693;2;6;98,66;88,79
V04320;2023-05-19;Online;ONLINE;ONLINE;47186;C0710;2;3;63,4;58,79
V04321;2022-08-28;Tienda física;T011;E0060;41091;C0651;1;1;22,66;21,53
V04322;2023-07-07;Tienda física;T002;E0010;41059;C0583;1;4;68,84;68,84
V04323;2023-06-12;Online;ONLINE;ONLINE;;SIN_REGISTRO;2;4;83,66;80,13
V04324;2023-02-23;Tienda física;T009;E0049;8019;C0282;2;2;42,56;42,56
V04325;2022-08-23;Tienda física;T009;E0048;48044;C0058;2;2;89,52;80,57
V04326;2022-01-24;Tienda física;T004;E0018;41091;C0651;2;2;61,64;57,29
V04327;2023-02-17;Online;ONLINE;ONLINE;8015;C0279;1;1;26,74;22,73
V04328;2023-04-10;Online;ONLINE;ONLINE;41059;C0339;1;2;26,74;25,4
V04329;2023-02-17;Online;ONLINE;ONLINE;8015;C0381;1;1;35,19;33,43
V04330;2023-02-19;Tienda física;T003;E0016;29069;C0128;3;5;73,04;69,83
V04331;2022-01-16;Tienda física;T005;E0026;46250;C0150;1;1;21,5;21,5
V04332;2023-01-21;Tienda física;T007;E0035;28074;C0723;1;1;12,46;11,21
V04333;2022-03-28;Tienda física;T006;E0033;8019;C0631;3;4;65,28;63,76
V04334;2022-07-04;Tienda física;T011;E0056;48020;C0629;5;10;190,3;187,26
V04335;2022-12-02;Tienda física;T010;E0055;8015;C0706;1;1;18,63;15,84
V04336;2022-03-30;Tienda física;T011;E0057;29069;C0420;4;5;174,42;168,71
V04337;2022-01-16;Online;ONLINE;ONLINE;8019;C0164;5;6;165,19;165,19
V04338;2022-04-18;Tienda física;T004;E0021;48044;C0190;5;5;119,25;112,46
V04339;2023-02-19;Online;ONLINE;ONLINE;41059;C0417;3;4;103,35;96,43
V04340;2022-03-16;Tienda física;T004;E0024;8019;SIN_REGISTRO;1;2;44,18;39,76
V04341;2022-03-16;Tienda física;T004;E0018;28079;C0684;2;2;47,08;44,6
V04342;2022-12-02;Online;ONLINE;ONLINE;8019;C0363;1;1;17,99;16,19
V04343;2023-04-13;Tienda física;T003;E0015;46192;C0488;1;1;12,45;11,21
V04344;2023-07-25;Tienda física;T009;E0049;47186;C0023;2;4;118,5;108,7
V04345;2022-08-29;Tienda física;T003;E0017;8015;C0534;2;5;157,48;150,79
V04346;2023-07-14;Tienda física;T001;E0006;46250;C0800;2;3;54,88;54,88
V04347;2022-05-10;Tienda física;T003;E0016;46250;C0383;1;1;13,65;13,65
V04348;2022-02-04;Tienda física;T005;E0025;47186;C0572;1;3;55,44;49,9
V04349;2023-11-10;Online;ONLINE;ONLINE;46192;C0465;1;1;17,96;16,16
V04350;2023-09-05;Online;ONLINE;ONLINE;;SIN_REGISTRO;1;1;34,4;29,24
V04351;2023-06-04;Online;ONLINE;ONLINE;8019;C0296;1;1;19,92;19,92
V04352;2022-11-02;Online;ONLINE;ONLINE;;SIN_REGISTRO;2;3;57,57;55,76
V04353;2023-09-17;Tienda física;T003;E0015;8019;C0670;1;3;79,08;71,17
V04354;2023-10-25;Online;ONLINE;ONLINE;8015;C0316;2;5;100,54;100,54
V04355;2022-12-22;Tienda física;T009;E0049;48044;C0078;4;8;152,17;149,51
V04356;2022-02-06;Tienda física;T006;E0030;46192;C0754;1;1;13,88;11,8
V04357;2022-04-04;Online;ONLINE;ONLINE;28065;C0084;1;1;13,49;13,49
V04358;2022-08-29;Tienda física;T006;E0031;8019;C0296;3;3;74,8;73,04
V04359;2023-04-04;Tienda física;T008;E0041;41059;C0795;1;4;61,44;58,37
V04360;2022-07-20;Tienda física;T001;E0001;8015;C0279;5;5;102,64;98,45
V04361;2022-01-27;Tienda física;T008;E0044;46192;C0421;3;3;59,25;56
V04362;2022-10-09;Tienda física;T012;E0065;28079;C0560;2;2;63,46;60,29
V04363;2023-09-21;Online;ONLINE;ONLINE;;SIN_REGISTRO;1;4;51,36;51,36
V04364;2023-05-22;Tienda física;T012;E0062;8019;C0189;2;3;64,37;59,5
V04365;2023-01-29;Tienda física;T006;E0031;41038;C0096;2;3;43,79;40,73
V04366;2023-10-01;Tienda física;T008;E0042;46250;C0757;3;5;104,59;102,96
V04367;2023-06-02;Online;ONLINE;ONLINE;29067;C0769;3;5;167,57;161,32
V04368;2022-05-13;Online;ONLINE;ONLINE;;SIN_REGISTRO;2;3;88,19;84,83
V04369;2023-05-21;Online;ONLINE;ONLINE;28074;C0225;1;1;17,35;14,75
V04370;2023-10-21;Online;ONLINE;ONLINE;48020;C0232;2;4;41,6;39,32
V04371;2023-11-29;Tienda física;T006;E0032;41091;C0193;1;2;31,5;28,35
V04372;2023-02-13;Tienda física;T012;E0065;8019;C0719;1;4;60,48;51,41
V04373;2023-11-30;Online;ONLINE;ONLINE;29069;C0216;1;1;21,04;17,88
V04374;2023-01-13;Online;ONLINE;ONLINE;41059;C0643;1;1;14,84;14,84
V04375;2022-01-31;Tienda física;T012;E0063;28006;SIN_REGISTRO;1;2;49,74;42,28
V04376;2023-02-04;Online;ONLINE;ONLINE;28006;C0779;2;4;101,04;95,99
V04377;2023-12-04;Online;ONLINE;ONLINE;28079;C0005;2;3;57,86;56,01
V04378;2022-02-01;Tienda física;T005;E0025;28079;C0251;3;6;107,92;100,67
V04379;2022-06-21;Online;ONLINE;ONLINE;;SIN_REGISTRO;4;6;129,41;125,4
V04380;2022-12-17;Online;ONLINE;ONLINE;41059;C0035;1;2;53,46;53,46
V04381;2022-09-15;Online;ONLINE;ONLINE;28079;C0184;6;8;239,93;238,82
V04382;2023-04-17;Tienda física;T002;E0010;8015;C0287;1;3;38,55;34,7
V04383;2022-07-20;Online;ONLINE;ONLINE;50297;C0260;2;3;86,66;86,66
V04384;2023-09-19;Online;ONLINE;ONLINE;47186;C0762;2;2;60,75;59,16
V04385;2023-10-16;Tienda física;T010;E0054;29069;SIN_REGISTRO;1;1;16,48;16,48
V04386;2023-12-01;Tienda física;T008;E0042;28115;C0427;1;1;14,96;13,46
V04387;2023-02-05;Tienda física;T003;E0016;41038;C0285;4;4;110,4;109,21
V04388;2023-07-14;Tienda física;T008;E0043;8019;C0479;2;3;61,01;55,95
V04389;2022-12-15;Online;ONLINE;ONLINE;48044;C0636;1;3;141,09;134,04
V04390;2022-09-24;Tienda física;T011;E0057;29069;C0204;1;1;24,57;24,57
V04391;2022-07-11;Online;ONLINE;ONLINE;48044;C0603;2;4;64,98;61,43
V04392;2023-05-10;Tienda física;T002;E0012;28115;C0406;2;4;94,67;94,67
V04393;2023-02-03;Tienda física;T001;E0004;48044;C0003;7;8;215,53;211,76
V04394;2023-02-18;Tienda física;T010;E0055;28079;C0002;7;11;227,03;213,36
V04395;2023-12-13;Tienda física;T009;E0047;46192;C0522;7;11;206,65;202,81
V04396;2023-06-27;Tienda física;T004;E0022;8015;C0724;1;1;15,11;13,6
V04397;2022-04-15;Online;ONLINE;ONLINE;50297;C0214;1;1;13,52;13,52
V04398;2023-07-28;Tienda física;T004;E0019;28006;C0215;5;5;157,48;153,43
V04399;2023-01-14;Online;ONLINE;ONLINE;8015;C0493;1;1;19,57;19,57
V04400;2023-10-24;Tienda física;T007;E0037;28079;C0336;2;3;73,22;71,54
V04401;2023-01-31;Tienda física;T009;E0049;48020;C0600;7;10;266,62;257,99
V04402;2022-01-17;Tienda física;T012;E0061;46192;C0025;4;5;151,12;148,82
V04403;2023-05-15;Online;ONLINE;ONLINE;46192;C0271;1;1;18,92;16,08
V04404;2022-09-25;Tienda física;T003;E0017;28006;C0113;3;5;211,62;211,62
V04405;2022-07-18;Online;ONLINE;ONLINE;;SIN_REGISTRO;2;2;39,3;39,3
V04406;2023-11-23;Online;ONLINE;ONLINE;41091;C0302;1;4;63,04;56,74
V04407;2022-04-26;Tienda física;T001;E0006;50297;C0141;1;1;15,25;14,49
V04408;2022-06-18;Tienda física;T001;E0005;28079;SIN_REGISTRO;1;2;46,64;46,64
V04409;2023-06-19;Online;ONLINE;ONLINE;28115;C0510;3;5;113,34;103,56
V04410;2023-08-19;Tienda física;T007;E0035;41059;C0538;3;4;90,21;89,09
V04411;2022-02-08;Online;ONLINE;ONLINE;41059;C0228;1;1;23,31;23,31
V04412;2022-08-04;Tienda física;T011;E0057;41091;C0027;2;2;91,83;87,24
V04413;2022-04-01;Tienda física;T007;E0036;29067;C0678;4;7;202,71;199,65
V04414;2023-04-10;Tienda física;T011;E0059;50297;SIN_REGISTRO;2;2;34,83;33,09
V04415;2022-12-02;Tienda física;T008;E0042;28074;C0740;1;2;28,94;28,94
V04416;2022-08-10;Online;ONLINE;ONLINE;50297;C0214;2;2;72,61;65,31
V04417;2023-01-10;Online;ONLINE;ONLINE;48020;C0450;2;2;90,58;81,52
V04418;2023-03-06;Online;ONLINE;ONLINE;41091;C0069;2;2;45,57;42,72
V04419;2022-09-01;Online;ONLINE;ONLINE;50297;C0594;2;3;62,1;60,1
V04420;2022-11-21;Online;ONLINE;ONLINE;28065;C0137;6;8;165,52;164,89
V04421;2023-09-28;Tienda física;T004;E0023;29069;C0557;2;4;72,54;72,54
V04422;2023-12-15;Tienda física;T012;E0065;28115;C0138;2;2;79,82;73,78
V04423;2022-10-18;Tienda física;T006;E0034;50297;C0222;4;4;73,26;71,68
V04424;2022-12-29;Online;ONLINE;ONLINE;41059;C0228;2;3;52,66;52,66
V04425;2023-01-28;Online;ONLINE;ONLINE;28074;C0512;1;2;35,52;31,97
V04426;2023-12-14;Tienda física;T003;E0016;46192;C0252;2;3;81,77;80,2
V04427;2023-07-29;Online;ONLINE;ONLINE;28079;C0162;3;4;86,65;86,65
V04428;2023-05-05;Online;ONLINE;ONLINE;48044;C0258;2;3;78,01;71,53
V04429;2023-01-05;Tienda física;T008;E0044;46250;C0674;2;2;36,66;36,66
V04430;2023-06-11;Tienda física;T002;E0008;28079;C0684;1;1;13,71;12,34
V04431;2023-02-16;Online;ONLINE;ONLINE;41059;C0770;2;2;49,69;49,69
V04432;2022-12-05;Online;ONLINE;ONLINE;;SIN_REGISTRO;1;4;56,52;50,87
V04433;2023-03-03;Tienda física;T007;E0039;41059;C0583;2;2;49,17;49,17
V04434;2023-08-21;Tienda física;T002;E0010;8019;C0221;1;3;50,82;45,74
V04435;2023-04-06;Online;ONLINE;ONLINE;28079;C0375;2;3;82,55;79,73
V04436;2022-10-14;Tienda física;T004;E0018;8019;SIN_REGISTRO;1;2;27,54;27,54
V04437;2022-05-22;Tienda física;T009;E0049;29069;C0553;2;2;49,78;47,29
V04438;2023-06-07;Tienda física;T001;E0006;41091;C0464;4;7;123,99;116,99
V04439;2023-07-09;Tienda física;T005;E0026;8019;SIN_REGISTRO;2;2;45,42;42,35
V04440;2023-08-26;Online;ONLINE;ONLINE;28074;C0389;1;1;15,58;14,8
V04441;2022-11-21;Tienda física;T001;E0006;29069;C0781;1;1;25,85;21,97
V04442;2022-07-02;Tienda física;T010;E0050;48020;C0364;2;5;99,71;91,34
V04443;2022-11-08;Tienda física;T004;E0022;8019;C0425;7;9;168,91;162,93
V04444;2022-03-26;Online;ONLINE;ONLINE;29067;C0487;2;2;35,84;31,53
V04445;2022-12-07;Tienda física;T003;E0015;28065;C0745;6;9;315,74;312,1
V04446;2022-01-07;Tienda física;T006;E0030;28115;C0427;1;1;17,49;17,49
V04447;2022-06-09;Tienda física;T009;E0046;48044;C0297;1;1;17,6;17,6
V04448;2023-10-17;Tienda física;T008;E0040;48020;SIN_REGISTRO;2;5;151,97;141,72
V04449;2022-03-16;Tienda física;T011;E0056;41059;C0643;2;4;90,3;88,26
V04450;2023-10-21;Tienda física;T005;E0028;48044;C0772;2;3;88,43;88,43
V04451;2022-11-21;Online;ONLINE;ONLINE;46192;C0252;1;2;20,06;20,06
V04452;2022-01-06;Online;ONLINE;ONLINE;48020;C0160;2;2;73,52;73,52
V04453;2023-05-08;Tienda física;T011;E0057;50297;SIN_REGISTRO;3;6;135,4;135,4
V04454;2023-10-11;Online;ONLINE;ONLINE;41091;C0031;5;5;120,36;113,88
V04455;2023-07-23;Tienda física;T012;E0064;41038;C0327;1;1;14,05;11,94
V04456;2023-11-30;Tienda física;T010;E0054;41059;C0218;2;2;44;44
V04457;2022-11-07;Tienda física;T008;E0043;46192;C0043;5;8;174,23;174,23
V04458;2023-01-31;Tienda física;T004;E0023;47186;C0388;1;2;69,68;62,71
V04459;2022-05-28;Tienda física;T002;E0007;28006;C0496;2;2;38;36,66
V04460;2023-03-10;Tienda física;T002;E0007;29067;C0097;1;1;38,71;36,77
V04461;2022-10-27;Tienda física;T003;E0014;28079;C0442;5;5;79,43;75,46
V04462;2022-06-03;Online;ONLINE;ONLINE;28074;C0187;2;3;46,27;42,94
V04463;2022-05-13;Tienda física;T002;E0007;8019;C0479;1;3;58,68;58,68
V04464;2023-01-13;Tienda física;T012;E0061;46250;C0383;5;8;256,1;254,81
V04465;2022-03-13;Tienda física;T002;E0010;28115;SIN_REGISTRO;1;1;20,41;18,37
V04466;2022-06-27;Online;ONLINE;ONLINE;;SIN_REGISTRO;1;3;37,23;31,65
V04467;2022-05-17;Tienda física;T001;E0005;41038;C0525;2;5;102,6;102,6
V04468;2022-05-10;Online;ONLINE;ONLINE;;SIN_REGISTRO;2;5;165,18;162,11
V04469;2023-10-23;Tienda física;T002;E0013;28115;C0305;1;1;25,91;25,91
V04470;2023-10-02;Tienda física;T002;E0011;41091;C0682;1;1;19,47;19,47
V04471;2023-01-22;Tienda física;T006;E0034;8015;C0530;3;6;173,89;158,09
V04472;2022-04-03;Tienda física;T007;E0037;29067;C0458;2;2;27,25;25,96
V04473;2023-03-02;Tienda física;T010;E0052;29069;C0202;1;1;24,24;24,24
V04474;2022-06-13;Tienda física;T008;E0043;28079;C0086;2;2;43,04;43,04
V04475;2022-12-20;Online;ONLINE;ONLINE;46192;C0462;1;3;56,58;56,58
V04476;2023-04-28;Tienda física;T001;E0003;29067;C0623;3;5;123,06;121,42
V04477;2023-11-13;Tienda física;T007;E0037;28065;C0289;2;2;31,75;30,84
V04478;2022-07-05;Tienda física;T003;E0017;41038;C0301;3;4;88,71;85,09
V04479;2023-04-21;Online;ONLINE;ONLINE;41038;C0761;2;5;82,46;79,66
V04480;2023-01-07;Tienda física;T003;E0016;48020;C0738;2;2;52,01;49,34
V04481;2023-05-11;Tienda física;T010;E0055;50297;C0092;2;4;53,28;52,23
V04482;2022-06-08;Tienda física;T010;E0054;46192;C0341;2;6;187,12;175,67
V04483;2022-11-30;Tienda física;T007;E0038;28079;C0118;1;2;27,08;27,08
V04484;2023-06-08;Online;ONLINE;ONLINE;29069;C0248;3;3;103,8;93,77
V04485;2023-01-27;Tienda física;T003;E0017;8019;C0355;2;2;36,59;33,72
V04486;2022-04-15;Tienda física;T006;E0032;48044;C0185;2;2;36,81;35,81
V04487;2023-07-17;Tienda física;T002;E0013;28079;C0690;5;6;126,89;120,69
V04488;2022-05-04;Tienda física;T011;E0056;29067;C0275;1;4;39,4;33,49
V04489;2022-06-29;Online;ONLINE;ONLINE;8019;C0796;1;1;12,67;12,67
V04490;2023-12-05;Tienda física;T011;E0056;48020;C0693;2;2;38,43;38,43
V04491;2023-03-30;Tienda física;T010;E0050;47186;C0669;1;3;40,95;34,81
V04492;2023-08-02;Tienda física;T011;E0060;48044;C0763;1;1;40,11;34,09
V04493;2022-01-30;Tienda física;T001;E0003;47186;C0151;2;2;39,72;39,72
V04494;2022-06-26;Tienda física;T009;E0049;8019;C0472;3;4;91,61;91,61
V04495;2023-02-26;Online;ONLINE;ONLINE;48044;C0297;3;3;63,54;62,85
V04496;2023-03-14;Tienda física;T004;E0022;28065;C0416;2;3;51,09;47,46
V04497;2023-10-18;Online;ONLINE;ONLINE;41059;C0108;8;13;344,43;329,94
V04498;2023-07-21;Tienda física;T011;E0056;47186;C0710;2;5;120,47;115
V04499;2022-08-31;Online;ONLINE;ONLINE;47186;C0358;2;5;224,27;215,08
V04500;2023-10-31;Tienda física;T009;E0049;28115;C0033;2;3;48,22;48,22
V04501;2023-08-15;Tienda física;T009;E0047;28079;C0559;4;4;62,83;58,94
V04502;2022-11-24;Online;ONLINE;ONLINE;8019;C0347;2;3;93,31;83,98
V04503;2022-10-01;Tienda física;T003;E0015;47186;C0669;1;1;35,47;33,7
V04504;2023-05-16;Tienda física;T008;E0045;28079;C0452;5;7;146,41;137,17
V04505;2023-05-20;Tienda física;T009;E0046;46192;C0465;1;3;61,68;61,68
V04506;2023-02-07;Tienda física;T004;E0022;29067;C0403;1;2;30,5;30,5
V04507;2022-01-21;Tienda física;T002;E0012;46192;C0384;6;6;127,95;124,71
V04508;2022-09-25;Online;ONLINE;ONLINE;46250;C0800;2;2;51,36;47,55
V04509;2023-09-18;Online;ONLINE;ONLINE;29067;C0217;2;2;46,26;44
V04510;2022-07-04;Online;ONLINE;ONLINE;46250;C0150;3;5;69,09;67,81
V04511;2022-01-03;Tienda física;T009;E0046;48044;SIN_REGISTRO;2;3;47,57;45,8
V04512;2023-03-27;Online;ONLINE;ONLINE;50297;C0407;4;4;110,7;104,7
V04513;2022-02-26;Online;ONLINE;ONLINE;28006;C0277;2;3;59,06;58,23
V04514;2023-11-14;Tienda física;T010;E0051;29069;SIN_REGISTRO;1;1;13,79;12,41
V04515;2023-06-24;Tienda física;T009;E0049;41091;C0264;3;3;58,07;57,19
V04516;2022-08-08;Online;ONLINE;ONLINE;8019;C0556;3;4;86,2;82,82
V04517;2022-05-22;Tienda física;T007;E0039;8019;C0391;2;6;93,57;88,82
V04518;2022-05-14;Online;ONLINE;ONLINE;28006;C0111;1;2;45,08;45,08
V04519;2023-11-23;Tienda física;T007;E0035;28079;C0647;4;5;98,47;96,18
V04520;2023-01-09;Online;ONLINE;ONLINE;48044;C0511;1;2;49,62;47,14
V04521;2023-07-16;Online;ONLINE;ONLINE;28074;C0140;1;1;19,22;19,22
V04522;2022-02-08;Tienda física;T007;E0039;29067;C0623;2;4;120,7;116,22
V04523;2023-07-22;Online;ONLINE;ONLINE;;SIN_REGISTRO;2;4;72,66;70,31
V04524;2023-06-16;Tienda física;T007;E0039;48044;C0596;1;1;37,09;33,38
V04525;2022-12-24;Tienda física;T003;E0016;41059;C0516;1;3;64,32;54,67
V04526;2023-12-11;Online;ONLINE;ONLINE;46192;C0748;7;8;117,78;110,74
V04527;2023-11-15;Online;ONLINE;ONLINE;41038;C0055;1;1;10,98;9,88
V04528;2022-07-09;Online;ONLINE;ONLINE;28079;C0722;2;3;43,91;43,91
V04529;2022-03-04;Online;ONLINE;ONLINE;28074;C0350;1;3;87,54;87,54
V04530;2022-01-18;Tienda física;T001;E0003;28079;C0142;1;2;59,5;59,5
V04531;2022-08-30;Tienda física;T004;E0020;28115;C0406;2;2;39,42;37,45
V04532;2023-08-10;Online;ONLINE;ONLINE;46192;C0007;5;9;328,34;325,99
V04533;2022-04-23;Online;ONLINE;ONLINE;46250;C0674;4;9;202,2;197,04
V04534;2022-12-22;Online;ONLINE;ONLINE;29069;C0639;2;4;66,36;64,68
V04535;2023-08-08;Tienda física;T011;E0059;8019;C0768;2;3;51,65;50,2
V04536;2022-06-02;Tienda física;T009;E0046;48020;C0201;4;6;103,79;96,21
V04537;2023-08-24;Tienda física;T005;E0026;28079;C0026;1;1;15,3;13,01
V04538;2023-11-11;Tienda física;T005;E0025;46192;C0465;6;11;202,84;189,78
V04539;2022-11-07;Tienda física;T004;E0019;47186;C0050;3;5;104,88;104,88
V04540;2022-10-11;Tienda física;T006;E0030;48020;C0702;2;2;32,27;29,21
V04541;2022-02-28;Tienda física;T006;E0032;41091;SIN_REGISTRO;3;3;73,21;69,38
V04542;2022-01-06;Tienda física;T009;E0046;29067;C0065;1;1;19,06;17,15
V04543;2023-04-27;Tienda física;T012;E0065;47186;C0247;1;1;14,74;14,74
V04544;2023-12-05;Online;ONLINE;ONLINE;8019;C0696;2;3;41,49;38,42
V04545;2022-04-06;Tienda física;T003;E0017;41059;C0721;3;5;85,42;80,64
V04546;2022-05-29;Tienda física;T007;E0037;29069;C0204;1;1;23,48;22,31
V04547;2023-10-11;Tienda física;T004;E0023;28074;C0136;3;3;58,9;56,96
V04548;2022-04-29;Tienda física;T006;E0034;46192;C0043;1;2;39,26;39,26
V04549;2022-05-01;Tienda física;T010;E0052;48044;C0003;1;2;60,96;51,82
V04550;2023-02-24;Online;ONLINE;ONLINE;47186;C0645;1;1;18,98;18,03
V04551;2022-02-24;Tienda física;T009;E0048;29067;C0661;1;2;26,42;26,42
V04552;2022-04-29;Tienda física;T004;E0022;41038;C0359;1;2;23,9;23,9
V04553;2023-02-17;Tienda física;T007;E0039;46250;SIN_REGISTRO;2;2;39,77;39,77
V04554;2022-07-05;Online;ONLINE;ONLINE;;SIN_REGISTRO;1;2;26,3;26,3
V04555;2023-09-25;Online;ONLINE;ONLINE;46192;C0195;1;1;16,91;14,37
V04556;2023-04-03;Online;ONLINE;ONLINE;28074;C0146;1;2;69,62;69,62
V04557;2023-11-09;Tienda física;T004;E0019;28065;C0755;2;3;65,22;57,45
V04558;2022-09-12;Online;ONLINE;ONLINE;28006;C0665;2;4;72,34;72,34
V04559;2022-02-07;Tienda física;T009;E0049;28079;C0684;6;7;155,51;145,57
V04560;2023-03-18;Tienda física;T011;E0056;29069;C0117;3;6;108,28;105,53
V04561;2022-08-02;Online;ONLINE;ONLINE;;SIN_REGISTRO;5;7;134,38;130,48
V04562;2023-11-08;Online;ONLINE;ONLINE;29067;C0037;2;3;42,71;41,92
V04563;2023-10-29;Online;ONLINE;ONLINE;;SIN_REGISTRO;1;1;17,74;15,08
V04564;2023-06-18;Tienda física;T002;E0010;46192;C0733;1;1;37,63;37,63
V04565;2022-10-16;Tienda física;T005;E0027;41038;C0700;1;1;20,36;20,36
V04566;2022-04-03;Tienda física;T004;E0019;48044;C0529;1;3;67,47;67,47
V04567;2023-07-26;Tienda física;T004;E0018;28074;C0789;1;2;41,36;35,16
V04568;2023-10-03;Online;ONLINE;ONLINE;48044;C0226;1;1;14,27;12,84
V04569;2022-12-12;Tienda física;T011;E0057;46192;C0435;1;1;13,03;13,03
V04570;2022-05-18;Online;ONLINE;ONLINE;8019;C0123;3;6;123,28;121,27
V04571;2023-01-20;Tienda física;T003;E0015;28079;SIN_REGISTRO;2;3;49,85;49,85
V04572;2023-08-29;Online;ONLINE;ONLINE;48020;C0450;1;2;57,04;57,04
V04573;2022-12-25;Tienda física;T009;E0046;48044;C0173;1;1;12,84;10,91
V04574;2022-03-09;Tienda física;T005;E0028;46250;C0527;3;3;48,28;44,36
V04575;2022-08-08;Online;ONLINE;ONLINE;28079;C0597;3;3;89,65;82,21
V04576;2022-05-12;Online;ONLINE;ONLINE;47186;C0463;1;1;18,14;15,42
V04577;2022-01-18;Tienda física;T007;E0035;46250;C0060;2;3;77,34;77,34
V04578;2023-04-10;Online;ONLINE;ONLINE;41059;C0590;1;1;20,42;20,42
V04579;2022-10-10;Online;ONLINE;ONLINE;8015;C0706;2;3;53,62;53,62
V04580;2023-01-03;Tienda física;T005;E0029;46250;C0291;1;2;22,76;20,48
V04581;2023-07-07;Tienda física;T007;E0035;28079;C0410;2;2;46,78;46,78
V04582;2022-11-11;Tienda física;T008;E0042;48044;C0226;5;12;381,73;373,08
V04583;2022-01-28;Online;ONLINE;ONLINE;41091;C0692;3;6;100,13;98,35
V04584;2022-06-09;Online;ONLINE;ONLINE;;SIN_REGISTRO;3;3;103,61;99,42
V04585;2023-05-09;Tienda física;T006;E0033;8019;C0298;1;2;38,28;38,28
V04586;2022-05-07;Tienda física;T005;E0028;29069;C0622;4;5;136,62;134,21
V04587;2023-05-06;Tienda física;T009;E0046;47186;C0292;4;4;95,57;92,03
V04588;2022-10-12;Tienda física;T010;E0055;41091;C0734;1;1;35,1;35,1
V04589;2023-09-06;Online;ONLINE;ONLINE;;SIN_REGISTRO;3;4;82,04;77,43
V04590;2023-03-30;Tienda física;T001;E0002;41038;C0107;3;4;87,63;81,38
V04591;2023-03-18;Online;ONLINE;ONLINE;41091;C0692;3;4;148,3;139,67
V04592;2023-02-27;Online;ONLINE;ONLINE;41091;C0264;1;1;25,8;25,8
V04593;2022-05-10;Tienda física;T002;E0012;8019;C0212;4;11;225,58;221,38
V04594;2022-12-17;Tienda física;T005;E0025;29069;C0650;3;4;75,61;74,49
V04595;2022-06-12;Tienda física;T005;E0025;48020;C0343;4;6;147,55;139,18
V04596;2022-08-16;Tienda física;T006;E0034;41091;SIN_REGISTRO;2;2;60,34;55,93
V04597;2022-02-03;Online;ONLINE;ONLINE;28065;C0253;1;4;53,48;53,48
V04598;2022-05-08;Tienda física;T012;E0064;46192;C0421;2;3;56,24;54,72
V04599;2023-02-20;Tienda física;T008;E0044;28079;C0760;1;2;25,92;24,62
V04600;2023-01-13;Online;ONLINE;ONLINE;29067;C0591;1;1;40,47;38,45
V04601;2023-09-30;Online;ONLINE;ONLINE;41038;C0077;1;1;12,39;12,39
V04602;2023-03-30;Tienda física;T007;E0037;28074;C0731;3;4;87,45;80,3
V04603;2023-01-16;Tienda física;T001;E0002;28079;SIN_REGISTRO;1;1;13,01;13,01
V04604;2022-06-26;Online;ONLINE;ONLINE;41091;C0125;3;4;80,51;80,51
V04605;2023-05-07;Tienda física;T012;E0063;47186;C0687;2;6;113,61;113,61
V04606;2022-09-15;Tienda física;T011;E0057;46192;C0043;4;4;74,35;72,15
V04607;2022-01-03;Online;ONLINE;ONLINE;29069;C0393;3;3;84,75;80,49
V04608;2023-07-23;Online;ONLINE;ONLINE;28065;C0480;2;2;57,98;57,98
V04609;2023-06-11;Tienda física;T007;E0035;48020;C0602;2;3;42,37;40,66
V04610;2022-08-01;Online;ONLINE;ONLINE;47186;C0595;2;2;31,77;31,77
V04611;2023-07-22;Online;ONLINE;ONLINE;;SIN_REGISTRO;1;1;12,8;12,8
V04612;2023-04-06;Tienda física;T008;E0044;48020;C0599;1;1;12;11,4
V04613;2022-04-03;Tienda física;T004;E0020;41059;C0672;1;2;40;38
V04614;2023-03-10;Tienda física;T011;E0058;8019;C0313;1;1;18,6;16,74
V04615;2023-07-12;Tienda física;T001;E0006;8019;C0236;3;4;66,56;65,77
V04616;2023-11-18;Tienda física;T006;E0032;28115;C0138;1;1;27,18;27,18
V04617;2022-04-20;Tienda física;T004;E0023;47186;C0151;1;1;20,06;20,06
V04618;2022-04-21;Tienda física;T007;E0036;48020;C0401;2;4;62,98;62,98
V04619;2023-04-20;Tienda física;T004;E0024;8019;C0274;1;1;17,23;17,23
V04620;2023-06-05;Tienda física;T007;E0038;8019;C0766;2;4;86,99;80,63
V04621;2023-04-09;Tienda física;T012;E0062;28079;C0377;2;5;70,68;70,68
V04622;2022-02-25;Online;ONLINE;ONLINE;50297;C0168;2;3;64,38;61,16
V04623;2022-12-07;Online;ONLINE;ONLINE;29069;C0235;2;2;55,77;53,52
V04624;2022-10-22;Online;ONLINE;ONLINE;8019;C0221;2;2;31,92;31,92
V04625;2023-05-19;Online;ONLINE;ONLINE;28006;C0366;9;10;285,45;278,38
V04626;2023-02-15;Online;ONLINE;ONLINE;50297;C0545;3;4;77,4;74,96
V04627;2023-12-22;Tienda física;T001;E0005;47186;C0223;1;1;16,47;16,47
V04628;2022-01-18;Tienda física;T006;E0034;29067;C0037;2;6;148,12;139,07
V04629;2022-07-06;Tienda física;T009;E0047;28074;C0424;1;2;34,44;34,44
V04630;2023-04-03;Online;ONLINE;ONLINE;29067;C0103;1;1;27,25;25,89
V04631;2023-09-03;Online;ONLINE;ONLINE;46192;C0748;1;3;63,3;63,3
V04632;2022-01-31;Tienda física;T002;E0012;29069;C0541;2;2;61,64;61,64
V04633;2023-07-29;Tienda física;T001;E0004;41038;C0101;4;4;93,81;88,38
V04634;2022-07-23;Online;ONLINE;ONLINE;;SIN_REGISTRO;1;1;12,55;10,67
V04635;2023-09-14;Online;ONLINE;ONLINE;46192;C0271;2;2;44,39;43,63
V04636;2023-03-27;Tienda física;T012;E0065;29067;C0217;1;1;17,6;17,6
V04637;2023-02-08;Online;ONLINE;ONLINE;8019;C0475;1;1;13,28;12,62
V04638;2022-03-22;Tienda física;T009;E0046;41059;C0014;4;7;141,1;141,1
V04639;2023-06-22;Tienda física;T005;E0026;28079;C0154;3;9;194,14;191,22
V04640;2023-12-18;Tienda física;T006;E0033;28074;C0664;3;5;77,71;73,22
V04641;2022-02-02;Online;ONLINE;ONLINE;46192;C0676;2;4;90,22;90,22
V04642;2023-02-17;Online;ONLINE;ONLINE;41038;C0110;1;2;26,64;25,31
V04643;2022-04-13;Tienda física;T008;E0040;48044;C0064;5;6;163,56;163,56
V04644;2023-10-04;Online;ONLINE;ONLINE;29067;C0293;2;4;63,45;60,74
V04645;2022-03-11;Tienda física;T003;E0014;28115;C0703;5;7;134,01;132,82
V04646;2023-04-03;Online;ONLINE;ONLINE;46192;C0384;4;4;117,01;113,92
V04647;2023-11-14;Tienda física;T007;E0037;41059;C0014;4;6;145,08;142,05
V04648;2022-09-16;Online;ONLINE;ONLINE;48020;C0513;1;2;54,02;54,02
V04649;2023-11-02;Tienda física;T002;E0009;28115;SIN_REGISTRO;5;6;88,71;85,57
V04650;2023-07-11;Tienda física;T006;E0031;48020;C0450;1;4;127,28;114,55
V04651;2023-07-31;Tienda física;T007;E0037;28074;C0208;1;3;43,86;37,28
V04652;2023-08-11;Online;ONLINE;ONLINE;;SIN_REGISTRO;2;5;92,93;92,93
V04653;2022-09-13;Tienda física;T010;E0050;50297;C0222;1;1;16,72;14,21
V04654;2022-11-21;Tienda física;T004;E0019;48044;C0503;2;4;52,12;52,12
V04655;2022-09-19;Tienda física;T007;E0035;8015;C0534;1;1;25,65;23,09
V04656;2023-08-27;Tienda física;T010;E0055;41038;C0660;4;6;244,2;230,43
V04657;2023-02-09;Online;ONLINE;ONLINE;8019;C0041;1;3;32,61;29,35
V04658;2023-10-17;Tienda física;T012;E0064;41059;C0621;2;3;63,72;61,85
V04659;2022-07-23;Tienda física;T012;E0063;41091;C0193;5;9;221,01;215,71
V04660;2023-12-03;Tienda física;T004;E0018;8019;C0274;2;5;93,21;90,35
V04661;2023-01-27;Tienda física;T002;E0010;48044;C0482;1;1;18,74;16,87
V04662;2022-04-15;Online;ONLINE;ONLINE;47186;C0572;4;6;235,47;219,05
V04663;2022-04-12;Online;ONLINE;ONLINE;28006;C0411;2;2;81,27;81,27
V04664;2023-05-12;Online;ONLINE;ONLINE;28079;C0544;3;5;91,4;91,4
V04665;2023-05-12;Tienda física;T009;E0047;46250;C0261;2;5;75,59;73,77
V04666;2022-09-12;Online;ONLINE;ONLINE;48044;C0568;7;10;274,98;269,74
V04667;2022-11-27;Tienda física;T007;E0035;41059;C0612;1;1;15,75;14,96
V04668;2022-08-04;Online;ONLINE;ONLINE;8019;C0479;4;4;80,71;74,96
V04669;2023-08-20;Tienda física;T012;E0061;46192;C0271;2;2;51,14;47,69
V04670;2023-09-18;Online;ONLINE;ONLINE;41038;C0638;3;5;124,86;114,43
V04671;2022-03-10;Tienda física;T004;E0024;29067;C0093;1;2;26,16;22,24
V04672;2022-06-19;Online;ONLINE;ONLINE;50297;C0295;2;4;62,5;59,38
V04673;2022-01-27;Tienda física;T008;E0041;46250;C0291;2;3;48,83;47,59
V04674;2022-02-22;Online;ONLINE;ONLINE;47186;C0483;2;2;29,94;26,95
V04675;2023-07-08;Tienda física;T005;E0029;29069;C0557;4;4;94,15;94,15
V04676;2022-04-02;Tienda física;T007;E0039;29069;C0278;5;7;131,28;130,49
V04677;2022-06-12;Online;ONLINE;ONLINE;46192;C0746;2;2;38,28;35,81
V04678;2023-10-08;Tienda física;T001;E0005;28079;C0597;1;1;13,12;11,15
V04679;2022-04-08;Tienda física;T001;E0001;48020;C0220;3;4;138,68;126,01
V04680;2022-08-29;Tienda física;T007;E0038;50297;C0711;1;1;26,82;26,82
V04681;2022-05-31;Tienda física;T005;E0025;28079;C0121;2;2;32,33;32,33
V04682;2023-04-01;Tienda física;T005;E0025;46192;C0238;3;6;101,46;95,39
V04683;2023-11-09;Tienda física;T012;E0061;46250;C0471;5;5;143,22;139,87
V04684;2022-03-14;Online;ONLINE;ONLINE;28065;C0179;7;12;167,99;164,53
V04685;2022-09-24;Tienda física;T002;E0009;50297;C0711;1;1;20,84;20,84
V04686;2022-06-14;Tienda física;T007;E0039;29067;C0283;3;3;112,85;112,85
V04687;2022-12-31;Tienda física;T008;E0040;41059;C0643;1;1;11,67;10,5
V04688;2023-08-08;Tienda física;T003;E0017;28006;C0366;4;6;193,89;189,21
V04689;2023-03-25;Tienda física;T011;E0056;28079;C0142;2;3;42,64;42,64
V04690;2022-03-05;Online;ONLINE;ONLINE;8019;C0180;1;1;26,34;26,34
V04691;2023-07-08;Tienda física;T007;E0039;50297;C0198;1;1;12,6;12,6
V04692;2023-05-01;Tienda física;T003;E0017;28079;SIN_REGISTRO;1;1;15,3;15,3
V04693;2023-11-14;Tienda física;T009;E0047;28006;C0752;2;3;83,42;80,89
V04694;2022-07-13;Online;ONLINE;ONLINE;48020;C0352;2;2;51,8;47,58
V04695;2022-11-03;Online;ONLINE;ONLINE;29069;C0781;1;3;46,68;42,01
V04696;2022-04-04;Tienda física;T005;E0027;29067;C0431;2;3;51,28;47,77
V04697;2022-06-11;Tienda física;T002;E0008;48020;C0362;1;1;10,34;9,31
V04698;2023-11-22;Online;ONLINE;ONLINE;41059;C0799;1;1;15,61;14,05
V04699;2022-06-19;Tienda física;T003;E0014;41038;C0761;3;4;86,41;84,08
V04700;2023-07-28;Online;ONLINE;ONLINE;47186;C0574;1;3;54,66;49,19
V04701;2023-04-20;Tienda física;T007;E0035;41059;C0751;1;1;44,33;37,68
V04702;2023-08-16;Online;ONLINE;ONLINE;8019;C0666;1;4;107,52;91,39
V04703;2023-11-12;Tienda física;T011;E0056;28115;C0701;1;2;91,96;78,17
V04704;2022-10-01;Online;ONLINE;ONLINE;47186;C0656;4;5;131,61;130,14
V04705;2022-08-23;Online;ONLINE;ONLINE;46192;C0252;2;3;61,9;55,57
V04706;2022-09-22;Tienda física;T009;E0048;47186;C0370;3;3;99,64;99,64
V04707;2022-04-26;Tienda física;T006;E0034;41091;C0259;4;4;89,08;85,29
V04708;2022-02-15;Tienda física;T005;E0026;28115;C0701;3;3;69,46;67,65
V04709;2022-07-01;Tienda física;T001;E0001;41038;C0540;1;1;15,19;14,43
V04710;2023-11-22;Tienda física;T007;E0038;50297;C0379;4;4;142,63;136,09
V04711;2022-12-08;Online;ONLINE;ONLINE;29069;C0235;5;7;199,85;191,55
V04712;2022-12-29;Tienda física;T003;E0017;28115;C0033;1;3;65,22;65,22
V04713;2023-08-18;Online;ONLINE;ONLINE;47186;C0601;3;3;60,6;55,69
V04714;2022-07-06;Tienda física;T009;E0049;41038;C0518;2;3;40,32;39,72
V04715;2023-09-12;Tienda física;T010;E0051;29069;C0040;2;3;44,46;42,24
V04716;2023-09-17;Online;ONLINE;ONLINE;;SIN_REGISTRO;2;2;35,83;33,06
V04717;2023-07-14;Tienda física;T007;E0037;8015;C0036;7;9;194,52;189,86
V04718;2023-09-19;Online;ONLINE;ONLINE;47186;C0687;2;4;71,59;69,14
V04719;2022-09-30;Tienda física;T003;E0015;50297;C0711;1;1;19,35;18,38
V04720;2022-06-05;Tienda física;T005;E0028;28079;C0404;3;7;255,41;249,98
V04721;2022-01-12;Tienda física;T003;E0015;48044;C0729;2;3;77,76;77,76
V04722;2022-04-15;Online;ONLINE;ONLINE;;SIN_REGISTRO;3;5;71,51;68,96
V04723;2022-06-13;Tienda física;T004;E0018;50297;C0777;1;1;9,84;9,84
V04724;2023-10-08;Online;ONLINE;ONLINE;;SIN_REGISTRO;1;1;23,77;22,58
V04725;2023-07-10;Tienda física;T012;E0064;46192;C0321;2;3;71,79;69,94
V04726;2022-01-01;Tienda física;T006;E0030;41091;SIN_REGISTRO;2;4;77,73;69,96
V04727;2022-09-30;Online;ONLINE;ONLINE;;SIN_REGISTRO;3;6;91,79;88,32
V04728;2023-06-30;Online;ONLINE;ONLINE;;SIN_REGISTRO;3;4;86,66;83,1
V04729;2023-09-21;Online;ONLINE;ONLINE;41059;C0339;5;9;153,12;152,28
V04730;2022-05-21;Online;ONLINE;ONLINE;48020;C0579;2;4;73,76;73,76
V04731;2023-05-07;Online;ONLINE;ONLINE;;SIN_REGISTRO;3;3;84,14;82,27
V04732;2023-09-09;Online;ONLINE;ONLINE;8019;C0667;4;6;158,77;157,25
V04733;2023-03-12;Online;ONLINE;ONLINE;41091;C0194;6;6;104,62;101,12
V04734;2022-04-02;Tienda física;T007;E0035;41091;C0124;7;9;204,8;192,17
V04735;2022-08-08;Online;ONLINE;ONLINE;28079;C0385;1;1;20,78;20,78
V04736;2023-01-02;Tienda física;T004;E0024;50297;C0777;2;2;41,33;38
V04737;2022-07-29;Online;ONLINE;ONLINE;46192;C0509;9;10;216,62;210,88
V04738;2022-04-21;Online;ONLINE;ONLINE;50297;C0689;1;1;19,75;19,75
V04739;2023-05-02;Tienda física;T005;E0027;28074;C0789;2;3;53,27;47,49
V04740;2022-01-01;Online;ONLINE;ONLINE;28115;C0614;4;5;135,49;135,49
V04741;2022-09-12;Tienda física;T003;E0015;28006;C0532;1;1;21,47;21,47
V04742;2022-11-25;Tienda física;T005;E0029;41059;C0516;2;2;35,07;32,34
V04743;2023-02-15;Tienda física;T004;E0020;47186;C0290;1;4;46,68;46,68
V04744;2022-06-19;Tienda física;T006;E0034;28074;C0524;2;4;148,76;147,14
V04745;2022-11-06;Tienda física;T009;E0047;8019;C0790;2;2;44,73;43,75
V04746;2022-09-26;Tienda física;T008;E0040;28079;C0760;1;1;19,14;19,14
V04747;2023-03-16;Tienda física;T003;E0016;28074;C0697;1;1;15,56;15,56
V04748;2022-07-17;Tienda física;T011;E0060;28074;C0580;1;1;13,88;11,8
V04749;2022-10-08;Tienda física;T004;E0021;28079;C0440;5;8;115,91;112,91
V04750;2023-02-16;Tienda física;T012;E0065;28006;SIN_REGISTRO;3;5;161,58;161,58
V04751;2023-05-11;Tienda física;T008;E0041;29067;C0618;3;6;100,05;96,72
V04752;2023-06-13;Online;ONLINE;ONLINE;50297;C0402;1;1;13,43;13,43
V04753;2023-09-01;Tienda física;T006;E0032;48020;C0191;1;1;22,65;20,38
V04754;2023-07-14;Tienda física;T007;E0039;29069;C0216;1;1;14,02;12,62
V04755;2023-02-15;Tienda física;T007;E0036;41091;C0022;2;2;28,57;27,14
V04756;2022-04-10;Tienda física;T007;E0037;47186;C0151;5;7;138,96;135,59
V04757;2023-03-30;Tienda física;T007;E0035;48020;C0068;3;3;42,06;41,48
V04758;2023-06-14;Tienda física;T003;E0014;29067;C0293;1;1;20,05;20,05
V04759;2022-12-01;Online;ONLINE;ONLINE;29067;C0217;1;2;25,96;23,36
V04760;2023-02-08;Tienda física;T012;E0062;48020;C0160;5;12;264,33;252,2
V04761;2022-09-29;Tienda física;T006;E0033;41059;C0315;2;3;63,48;57,13
V04762;2023-09-24;Online;ONLINE;ONLINE;50297;C0545;1;1;10,54;8,96
V04763;2023-12-17;Tienda física;T009;E0049;50297;C0079;1;2;56,78;51,1
V04764;2023-12-15;Online;ONLINE;ONLINE;48020;C0599;1;2;81,3;73,17
V04765;2022-11-16;Tienda física;T008;E0045;41059;C0018;3;4;161,25;146
V04766;2023-08-04;Tienda física;T010;E0050;47186;C0244;2;2;26,34;25,57
V04767;2022-12-02;Tienda física;T004;E0018;28065;C0416;3;3;92,79;92,79
V04768;2022-11-18;Online;ONLINE;ONLINE;41059;C0395;2;3;58,84;55,74
V04769;2022-04-24;Online;ONLINE;ONLINE;41059;C0672;2;2;42,4;42,4
V04770;2023-09-06;Online;ONLINE;ONLINE;;SIN_REGISTRO;1;3;81,42;69,21
V04771;2022-03-01;Tienda física;T011;E0056;47186;C0130;3;5;104,78;102,43
V04772;2023-01-05;Online;ONLINE;ONLINE;;SIN_REGISTRO;4;5;122,06;116,98
V04773;2023-12-13;Tienda física;T004;E0023;28074;C0512;4;7;106,03;105,01
V04774;2022-04-27;Tienda física;T011;E0060;28006;C0387;1;1;24,81;24,81
V04775;2022-03-22;Tienda física;T010;E0051;41038;C0518;1;1;11,42;10,85
V04776;2022-08-21;Tienda física;T005;E0027;8019;SIN_REGISTRO;1;2;32,8;29,52
V04777;2022-08-01;Tienda física;T002;E0012;29067;C0623;5;8;147,68;143,63
V04778;2022-09-12;Tienda física;T008;E0043;28074;C0663;3;3;93,62;92,89
V04779;2022-04-13;Online;ONLINE;ONLINE;28006;C0665;1;1;20,38;18,34
V04780;2022-12-02;Tienda física;T008;E0044;8019;C0475;2;2;29,72;29,72
V04781;2023-01-24;Tienda física;T010;E0050;8019;C0134;2;2;42,02;41,22
V04782;2022-02-20;Tienda física;T009;E0048;28115;C0701;3;3;67,57;67,57
V04783;2022-05-20;Tienda física;T004;E0022;28074;C0020;1;2;29,94;29,94
V04784;2022-07-03;Online;ONLINE;ONLINE;50297;C0299;2;5;109,09;109,09
V04785;2023-01-21;Tienda física;T009;E0048;8015;C0441;2;2;37,92;36,92
V04786;2023-07-25;Tienda física;T010;E0051;41059;C0590;1;3;46,8;42,12
V04787;2023-03-18;Tienda física;T002;E0007;28115;SIN_REGISTRO;2;4;55,64;54,05
V04788;2022-02-21;Tienda física;T002;E0008;46192;C0433;1;1;10,53;10,53
V04789;2022-09-26;Online;ONLINE;ONLINE;8019;C0255;2;4;81,06;76,39
V04790;2022-11-15;Online;ONLINE;ONLINE;8019;C0041;1;1;14,03;14,03
V04791;2023-01-08;Tienda física;T005;E0029;41038;C0105;2;2;42,34;41,62
V04792;2022-12-15;Tienda física;T012;E0065;8019;C0584;2;4;120,06;108,05
V04793;2023-08-08;Online;ONLINE;ONLINE;28006;C0181;1;1;12,01;11,41
V04794;2022-11-23;Tienda física;T012;E0064;28006;C0444;2;3;35,33;35,33
V04795;2023-06-03;Tienda física;T008;E0044;48020;C0579;7;11;177,73;173,36
V04796;2023-03-12;Tienda física;T009;E0047;28079;C0544;2;2;38,44;38,44
V04797;2023-01-14;Tienda física;T010;E0053;46250;C0261;1;1;11,99;11,99
V04798;2023-01-26;Online;ONLINE;ONLINE;28006;C0197;1;2;26,7;26,7
V04799;2023-03-05;Online;ONLINE;ONLINE;28074;C0608;1;2;18,96;18,96
V04800;2022-02-25;Tienda física;T011;E0057;29069;C0204;3;4;109,84;109,84
V04801;2023-10-10;Tienda física;T003;E0017;41091;C0506;1;2;30,76;30,76
V04802;2022-08-23;Online;ONLINE;ONLINE;41091;C0699;2;4;73,03;73,03
V04803;2023-12-13;Tienda física;T006;E0031;41091;SIN_REGISTRO;3;4;55,06;52,87
V04804;2022-06-14;Online;ONLINE;ONLINE;41059;C0032;3;4;207,21;203,71
V04805;2022-06-29;Online;ONLINE;ONLINE;;SIN_REGISTRO;3;5;127,28;127,28
V04806;2022-07-05;Online;ONLINE;ONLINE;48044;C0412;1;1;14,17;13,46
V04807;2023-05-05;Online;ONLINE;ONLINE;28074;C0608;3;4;68,49;66,67
V04808;2022-11-15;Online;ONLINE;ONLINE;48044;C0258;3;3;61,16;58
V04809;2022-11-20;Tienda física;T008;E0042;50297;C0042;5;7;180,4;174,56
V04810;2023-02-04;Online;ONLINE;ONLINE;47186;C0645;1;1;13,67;13,67
V04811;2022-03-22;Tienda física;T007;E0035;46192;C0009;2;3;55,71;55,71
V04812;2023-12-28;Online;ONLINE;ONLINE;41059;C0368;1;1;18,31;18,31
V04813;2023-01-17;Online;ONLINE;ONLINE;28065;C0087;1;4;48,08;43,27
V04814;2023-07-01;Tienda física;T007;E0039;50297;C0689;2;2;61,93;59,98
V04815;2022-03-03;Tienda física;T004;E0020;8019;SIN_REGISTRO;2;5;101,32;99,31
V04816;2022-04-21;Tienda física;T004;E0019;50297;C0711;2;2;57,44;56,5
V04817;2023-05-08;Online;ONLINE;ONLINE;8019;C0727;1;3;106,23;90,3
V04818;2023-07-27;Online;ONLINE;ONLINE;28006;C0444;2;2;77,08;77,08
V04819;2022-03-23;Tienda física;T008;E0045;28065;C0137;2;2;83,22;83,22
V04820;2023-03-31;Tienda física;T011;E0056;48044;C0064;1;1;14,52;14,52
V04821;2023-04-02;Online;ONLINE;ONLINE;;SIN_REGISTRO;2;2;19,62;19,62
V04822;2022-09-27;Online;ONLINE;ONLINE;29067;C0093;2;5;163,68;163,68
V04823;2022-03-19;Online;ONLINE;ONLINE;8015;C0717;1;1;16,27;16,27
V04824;2022-06-18;Online;ONLINE;ONLINE;;SIN_REGISTRO;1;3;80,43;80,43
V04825;2023-06-26;Tienda física;T002;E0013;28115;C0033;1;2;50,38;50,38
V04826;2023-05-06;Tienda física;T004;E0020;29067;C0093;1;1;20,06;20,06
V04827;2023-03-17;Tienda física;T005;E0028;28006;C0396;3;4;84,19;80,46
V04828;2023-06-30;Online;ONLINE;ONLINE;29067;C0037;1;1;17,27;17,27
V04829;2023-07-22;Online;ONLINE;ONLINE;41091;C0106;1;1;12,59;12,59
V04830;2023-01-13;Tienda física;T009;E0048;8019;C0571;1;3;68,67;68,67
V04831;2022-11-14;Online;ONLINE;ONLINE;28074;C0677;1;2;25,72;25,72
V04832;2023-11-19;Tienda física;T006;E0031;46192;C0508;6;8;148,67;141,3
V04833;2023-05-31;Online;ONLINE;ONLINE;28006;C0144;3;3;97,99;89,64
V04834;2023-01-06;Tienda física;T004;E0021;28006;C0373;1;2;33,64;33,64
V04835;2022-02-02;Online;ONLINE;ONLINE;41038;C0107;1;2;31,46;26,74
V04836;2022-09-18;Online;ONLINE;ONLINE;46192;C0321;2;3;39,72;38,76
V04837;2022-10-20;Tienda física;T009;E0046;29067;C0618;5;6;114,56;109,79
V04838;2022-12-13;Online;ONLINE;ONLINE;47186;C0655;2;3;90,11;82,48
V04839;2022-07-21;Online;ONLINE;ONLINE;;SIN_REGISTRO;5;6;146,06;138,96
V04840;2022-05-24;Online;ONLINE;ONLINE;29067;C0458;2;4;87,42;87,42
V04841;2024-01-01;Tienda física;T006;E0033;48044;C0490;3;6;170,08;169,25
V04842;2023-07-05;Online;ONLINE;ONLINE;28079;C0104;3;3;76,48;72,85
V04843;2023-11-30;Tienda física;T012;E0062;41059;C0751;1;1;28,45;25,61
V04844;2023-04-07;Tienda física;T009;E0049;28074;C0580;2;3;43,93;42,38
V04845;2022-07-31;Tienda física;T004;E0022;50297;C0407;2;2;28,18;28,18
V04846;2023-10-23;Tienda física;T006;E0031;28065;C0755;3;4;76,22;69,87
V04847;2023-05-17;Online;ONLINE;ONLINE;28079;C0673;1;1;15,77;15,77
V04848;2022-07-16;Online;ONLINE;ONLINE;48020;C0362;2;2;37,6;36,14
V04849;2023-12-03;Tienda física;T009;E0046;48044;SIN_REGISTRO;2;5;138,26;131,65
V04850;2023-05-02;Tienda física;T008;E0042;41091;C0734;4;4;88,02;86,27
V04851;2023-11-02;Online;ONLINE;ONLINE;28079;C0026;2;2;43,43;40,83
V04852;2022-03-10;Tienda física;T009;E0049;41059;C0799;2;4;62,33;57,25
V04853;2022-09-10;Online;ONLINE;ONLINE;28079;C0184;2;4;61,2;61,2
V04854;2022-12-03;Tienda física;T007;E0038;28079;C0086;1;1;22,17;18,84
V04855;2022-02-03;Tienda física;T010;E0053;41059;C0035;2;3;56,07;53,27
V04856;2022-11-29;Online;ONLINE;ONLINE;8019;C0415;5;9;168,6;157,28
V04857;2022-10-01;Online;ONLINE;ONLINE;8019;C0556;5;5;80,57;78,15
V04858;2022-12-05;Tienda física;T006;E0031;41038;C0525;1;2;56,34;56,34
V04859;2022-01-13;Online;ONLINE;ONLINE;48020;C0365;3;5;109,43;108,75
V04860;2023-06-12;Online;ONLINE;ONLINE;46192;C0754;4;7;161,45;156,02
V04861;2023-03-28;Online;ONLINE;ONLINE;28079;C0005;1;1;15,78;14,99
V04862;2023-06-11;Online;ONLINE;ONLINE;8015;C0493;2;5;129,56;122,89
V04863;2022-12-20;Tienda física;T008;E0040;28006;C0713;2;2;60,87;60,87
V04864;2022-09-18;Tienda física;T001;E0006;28079;SIN_REGISTRO;2;2;30,61;29,98
V04865;2022-09-25;Online;ONLINE;ONLINE;46192;C0676;2;2;39,73;37,16
V04866;2022-02-24;Online;ONLINE;ONLINE;28115;C0345;4;4;103,36;98,9
V04867;2023-07-02;Tienda física;T003;E0017;28074;C0357;2;4;117,85;117,85
V04868;2023-05-02;Online;ONLINE;ONLINE;28079;C0154;1;2;25,16;22,64
V04869;2023-04-07;Online;ONLINE;ONLINE;29067;C0034;2;2;48,89;44,97
V04870;2022-01-16;Tienda física;T007;E0036;8019;C0189;2;3;69,65;59,94
V04871;2022-09-04;Tienda física;T004;E0019;8019;SIN_REGISTRO;3;5;81,71;77,2
V04872;2022-05-31;Online;ONLINE;ONLINE;;SIN_REGISTRO;2;2;46,27;44,95
V04873;2023-05-30;Online;ONLINE;ONLINE;29069;C0209;1;1;14,31;12,88
V04874;2023-07-06;Tienda física;T009;E0047;47186;C0388;3;3;63,34;59,09
V04875;2023-09-30;Tienda física;T012;E0063;8015;C0029;1;1;26,52;23,87
V04876;2023-08-24;Online;ONLINE;ONLINE;48020;C0362;3;5;78,26;74,88
V04877;2023-12-09;Tienda física;T002;E0011;28115;SIN_REGISTRO;1;1;11,78;10,6
V04878;2022-11-10;Online;ONLINE;ONLINE;41091;C0066;2;4;79,87;79,87
V04879;2023-08-16;Online;ONLINE;ONLINE;41091;C0699;1;2;62;52,7
V04880;2023-05-06;Tienda física;T009;E0047;41038;C0301;1;2;28,22;28,22
V04881;2023-04-06;Tienda física;T010;E0051;50297;C0143;3;3;85,18;79,09
V04882;2022-09-17;Tienda física;T012;E0064;41038;C0171;2;2;34,52;32,79
V04883;2022-02-07;Tienda física;T004;E0021;41091;C0124;1;2;48,68;48,68
V04884;2023-12-29;Online;ONLINE;ONLINE;8019;C0696;5;6;246,57;244,05
V04885;2022-10-02;Tienda física;T005;E0029;48044;C0772;4;5;85,59;81,37
V04886;2023-07-25;Online;ONLINE;ONLINE;28074;C0187;3;5;100,94;94,22
V04887;2023-08-30;Tienda física;T002;E0008;28079;C0544;2;2;42,22;40,11
V04888;2023-06-18;Tienda física;T005;E0025;48020;C0132;2;3;137,48;133,76
V04889;2023-08-05;Tienda física;T002;E0007;8019;C0473;2;2;45,83;43,37
V04890;2022-04-26;Tienda física;T009;E0047;46250;C0119;1;1;14,38;12,22
V04891;2022-01-31;Online;ONLINE;ONLINE;46250;C0609;2;2;82,27;81,58
V04892;2023-08-04;Tienda física;T001;E0003;8019;C0196;1;1;20,39;20,39
V04893;2023-06-14;Online;ONLINE;ONLINE;29067;C0403;1;1;10,52;9,47
V04894;2023-12-30;Tienda física;T011;E0060;48020;C0272;1;2;25,56;23
V04895;2022-06-21;Tienda física;T004;E0018;48044;C0172;1;1;24,14;24,14
V04896;2022-02-15;Tienda física;T003;E0014;29067;C0093;2;3;96,01;91,27
V04897;2022-07-09;Online;ONLINE;ONLINE;;SIN_REGISTRO;2;3;56,29;54,48
V04898;2022-01-03;Online;ONLINE;ONLINE;48020;C0671;2;2;56,89;55,84
V04899;2023-12-10;Online;ONLINE;ONLINE;28079;C0722;3;3;35,96;32,94
V04900;2023-04-18;Tienda física;T012;E0062;47186;C0762;2;4;81,98;78,48
V04901;2022-04-28;Tienda física;T002;E0012;28115;SIN_REGISTRO;4;4;80,52;78
V04902;2023-06-05;Tienda física;T007;E0038;50297;C0079;1;4;94,32;80,17
V04903;2023-01-31;Tienda física;T006;E0034;46192;C0007;2;3;157,78;157,78
V04904;2023-07-15;Tienda física;T006;E0033;8015;C0284;3;5;107,74;107,74
V04905;2022-07-13;Tienda física;T006;E0030;46192;C0640;4;6;104,91;104,28
V04906;2022-04-06;Online;ONLINE;ONLINE;29067;C0093;2;2;60,4;58,53
V04907;2022-08-29;Online;ONLINE;ONLINE;8019;C0494;3;5;164,51;148,05
V04908;2022-11-23;Tienda física;T002;E0012;28115;SIN_REGISTRO;1;1;14,13;12,01
V04909;2023-10-19;Tienda física;T003;E0014;48020;C0401;3;4;68,22;64,14
V04910;2023-05-10;Tienda física;T007;E0039;46192;C0384;3;3;90,62;86,78
V04911;2023-07-18;Online;ONLINE;ONLINE;46192;C0321;4;6;156,61;145,87
V04912;2022-07-19;Tienda física;T010;E0055;48044;C0772;2;3;70,25;68,32
V04913;2023-02-23;Online;ONLINE;ONLINE;46250;C0207;1;1;16,37;14,73
V04914;2023-11-24;Online;ONLINE;ONLINE;48020;C0365;5;6;108,2;104,39
V04915;2022-01-04;Tienda física;T004;E0020;8019;C0790;2;4;84,96;84,96
V04916;2023-04-14;Tienda física;T003;E0014;41038;C0183;3;3;68,32;67,73
V04917;2022-01-04;Online;ONLINE;ONLINE;46192;C0252;2;2;29,19;29,19
V04918;2022-12-04;Tienda física;T011;E0060;8019;C0571;1;1;18,24;15,5
V04919;2023-03-25;Online;ONLINE;ONLINE;48020;C0629;2;6;151,94;151,94
V04920;2022-01-21;Online;ONLINE;ONLINE;;SIN_REGISTRO;1;2;27,38;23,27
V04921;2023-03-23;Online;ONLINE;ONLINE;28074;C0663;2;3;70,67;68,72
V04922;2023-03-09;Tienda física;T003;E0014;29067;C0103;4;10;149,54;146,62
V04923;2022-03-17;Tienda física;T012;E0065;28079;C0543;2;3;50,07;47,45
V04924;2023-01-15;Tienda física;T010;E0052;8019;C0221;2;2;38;38
V04925;2023-12-27;Online;ONLINE;ONLINE;;SIN_REGISTRO;2;2;69,51;63,98
V04926;2022-10-16;Tienda física;T003;E0017;8015;C0725;2;3;51,52;51,52
V04927;2023-07-09;Tienda física;T006;E0030;28065;C0683;2;2;32,76;32,76
V04928;2023-02-13;Tienda física;T001;E0005;41038;C0186;3;4;84,1;79,27
V04929;2023-09-26;Tienda física;T008;E0045;28115;C0427;1;2;31,28;29,72
V04930;2023-06-20;Tienda física;T004;E0020;41038;C0061;1;2;26,06;23,45
V04931;2023-01-12;Online;ONLINE;ONLINE;;SIN_REGISTRO;2;2;35,65;34,23
V04932;2023-03-17;Tienda física;T002;E0011;41059;C0108;3;3;52,5;50,96
V04933;2022-10-29;Tienda física;T003;E0014;28074;C0328;2;4;85,12;77,76
V04934;2023-01-22;Tienda física;T011;E0058;28079;C0410;3;3;69,6;66,38
V04935;2022-06-13;Tienda física;T008;E0045;46250;C0229;1;1;13,23;12,57
V04936;2022-01-16;Tienda física;T009;E0049;41059;C0218;3;7;161,84;158,05
V04937;2023-07-07;Tienda física;T007;E0037;8015;C0316;2;4;125,95;117,26
V04938;2023-04-29;Online;ONLINE;ONLINE;46250;C0735;1;1;29,02;26,12
V04939;2023-09-22;Tienda física;T003;E0016;48044;C0763;2;5;181,56;181,56
V04940;2022-02-01;Online;ONLINE;ONLINE;41091;C0159;1;2;31,18;31,18
V04941;2022-07-04;Tienda física;T011;E0058;47186;C0094;2;4;218,6;208,36
V04942;2022-03-21;Tienda física;T010;E0050;29069;C0557;2;2;38,56;36,78
V04943;2023-01-22;Online;ONLINE;ONLINE;8019;C0312;2;2;38,05;38,05
V04944;2022-05-10;Tienda física;T009;E0049;8019;C0646;3;4;56,09;54,71
V04945;2022-05-16;Tienda física;T011;E0056;48020;C0599;5;10;211,61;199,83
V04946;2023-04-11;Tienda física;T012;E0065;28079;C0162;1;1;14,79;12,57
V04947;2023-01-25;Tienda física;T001;E0002;28074;C0664;4;8;140,93;136,56
V04948;2022-03-22;Tienda física;T007;E0036;48044;C0175;3;4;116,36;109,65
V04949;2023-08-09;Online;ONLINE;ONLINE;28115;C0307;1;3;57,75;57,75
V04950;2022-03-16;Online;ONLINE;ONLINE;48020;C0234;2;2;26,97;26,15
V04951;2022-12-10;Tienda física;T001;E0006;8015;C0604;6;7;154,72;146,2
V04952;2022-05-01;Tienda física;T010;E0054;41038;C0231;2;2;31,9;30,31
V04953;2023-04-13;Online;ONLINE;ONLINE;48044;C0482;2;3;46,99;46,99
V04954;2023-11-19;Tienda física;T007;E0039;28074;C0389;3;3;64,49;61,94
V04955;2023-05-15;Tienda física;T011;E0058;41091;C0439;1;1;22,05;22,05
V04956;2023-09-09;Online;ONLINE;ONLINE;46250;C0659;6;9;255,8;254,9
V04957;2022-04-09;Tienda física;T001;E0001;28079;C0453;6;11;204;193,96
V04958;2022-10-15;Tienda física;T011;E0056;50297;SIN_REGISTRO;2;3;61,08;60,04
V04959;2022-05-22;Tienda física;T012;E0061;29069;C0575;1;3;56,79;53,95
V04960;2022-07-01;Online;ONLINE;ONLINE;28074;C0328;4;5;115,36;108,98
V04961;2023-09-10;Online;ONLINE;ONLINE;28115;C0033;3;7;290,08;275,58
V04962;2023-06-09;Online;ONLINE;ONLINE;;SIN_REGISTRO;2;4;70,38;63,35
V04963;2023-04-06;Tienda física;T006;E0034;41091;C0744;2;2;25,75;25,75
V04964;2023-01-11;Online;ONLINE;ONLINE;46192;C0341;4;4;130,82;130,82
V04965;2022-04-18;Tienda física;T006;E0033;8019;C0053;2;2;43,38;39,04
V04966;2023-11-29;Online;ONLINE;ONLINE;29067;C0786;3;6;126,45;125,51
V04967;2023-05-13;Tienda física;T005;E0025;29069;C0613;1;1;16,03;16,03
V04968;2023-03-22;Online;ONLINE;ONLINE;46250;C0447;5;10;290,9;269,85
V04969;2022-01-03;Tienda física;T001;E0001;50297;C0120;4;6;94,09;88,78
V04970;2022-05-10;Tienda física;T001;E0005;29069;C0266;1;1;22,06;22,06
V04971;2022-01-01;Online;ONLINE;ONLINE;41091;C0264;1;1;28,02;23,82
V04972;2022-02-20;Online;ONLINE;ONLINE;48044;C0636;2;3;95,39;95,39
V04973;2022-08-13;Tienda física;T004;E0022;28074;C0020;3;5;127,94;122,77
V04974;2023-02-24;Tienda física;T010;E0053;48020;C0365;1;1;14,9;14,9
V04975;2023-04-16;Online;ONLINE;ONLINE;50297;C0777;1;1;15,21;15,21
V04976;2022-05-20;Tienda física;T001;E0002;29069;C0248;2;3;60,07;58,53
V04977;2022-07-01;Tienda física;T010;E0050;41059;C0395;1;1;12,89;11,6
V04978;2023-07-28;Tienda física;T007;E0037;47186;C0050;4;6;83,9;77,75
V04979;2022-10-14;Tienda física;T002;E0009;29069;C0040;1;1;23,05;23,05
V04980;2022-04-02;Tienda física;T012;E0064;29069;C0533;6;9;217,4;212,75
V04981;2022-06-14;Online;ONLINE;ONLINE;41059;C0045;2;2;41,17;36,1
V04982;2023-04-09;Online;ONLINE;ONLINE;46250;C0150;1;1;24,22;24,22
V04983;2022-05-20;Tienda física;T004;E0021;28065;C0755;1;1;12,47;11,85
V04984;2023-02-03;Tienda física;T011;E0056;28006;C0641;3;7;293,07;268,7
V04985;2022-01-07;Tienda física;T011;E0056;46250;C0547;4;5;72,78;71,98
V04986;2022-03-02;Tienda física;T009;E0049;48020;C0616;3;6;103,28;98,12
V04987;2022-04-04;Online;ONLINE;ONLINE;28006;C0113;4;7;142,43;140,85
V04988;2022-01-02;Tienda física;T012;E0063;46192;C0341;3;6;96,83;89,84
V04989;2023-04-20;Tienda física;T003;E0015;29069;C0705;10;15;341,86;339,55
V04990;2022-11-19;Tienda física;T007;E0036;50297;C0214;3;4;82,38;82,38
V04991;2022-03-24;Online;ONLINE;ONLINE;28115;C0033;1;1;16,36;13,91
V04992;2023-01-07;Online;ONLINE;ONLINE;28074;C0361;4;5;131,58;129,39
V04993;2022-02-24;Tienda física;T005;E0025;50297;C0017;7;13;295,17;279,68
V04994;2022-07-24;Tienda física;T008;E0042;41059;C0799;2;3;71,81;68,95
V04995;2023-04-19;Online;ONLINE;ONLINE;46192;C0754;3;6;192,74;181,21
V04996;2023-08-31;Online;ONLINE;ONLINE;28074;C0570;1;1;10,35;10,35
V04997;2022-01-05;Tienda física;T011;E0058;48020;C0704;1;2;50,38;47,86
V04998;2023-12-19;Online;ONLINE;ONLINE;8019;C0556;1;1;14,82;12,6
V04999;2023-06-01;Online;ONLINE;ONLINE;28115;C0320;4;5;96,48;88,58
V05000;2023-07-30;Online;ONLINE;ONLINE;48044;C0064;2;2;43,56;39,94
V05001;2023-12-17;Tienda física;T011;E0057;50297;SIN_REGISTRO;3;4;108,55;103,81
V05002;2023-10-24;Online;ONLINE;ONLINE;41038;C0749;2;4;131,46;121,75
V05003;2023-02-28;Tienda física;T007;E0035;28115;C0775;3;5;121,76;116,55
V05004;2023-02-27;Tienda física;T004;E0018;48044;C0090;3;5;99,53;98,27
V05005;2023-09-02;Tienda física;T011;E0060;41091;C0502;2;2;41,24;41,24
V05006;2023-04-29;Online;ONLINE;ONLINE;;SIN_REGISTRO;1;4;82,96;82,96
V05007;2022-04-01;Online;ONLINE;ONLINE;8019;C0148;1;2;41,2;37,08
V05008;2023-05-01;Tienda física;T010;E0055;50297;C0213;1;1;11,8;11,8
V05009;2023-07-06;Tienda física;T004;E0024;8019;SIN_REGISTRO;1;1;11,3;11,3
V05010;2022-03-14;Tienda física;T002;E0012;28115;SIN_REGISTRO;1;1;21,68;21,68
V05011;2022-12-07;Online;ONLINE;ONLINE;28079;C0690;2;2;42,22;41,38
V05012;2022-12-27;Tienda física;T007;E0039;28115;C0614;3;4;106,92;101,66
V05013;2022-08-16;Tienda física;T005;E0027;29069;C0639;3;3;54,78;47,91
V05014;2022-03-12;Tienda física;T008;E0041;29069;C0420;4;5;126,98;122,28
V05015;2022-08-07;Online;ONLINE;ONLINE;28065;C0780;3;6;182,62;169,49
V05016;2023-03-25;Tienda física;T010;E0051;29069;C0265;1;1;35,25;35,25
V05017;2022-12-12;Online;ONLINE;ONLINE;28079;C0304;1;3;38,43;38,43
V05018;2023-06-27;Online;ONLINE;ONLINE;28079;C0750;1;2;37,98;37,98
V05019;2022-10-07;Tienda física;T012;E0063;41038;C0285;1;1;18,55;16,7
V05020;2022-02-09;Online;ONLINE;ONLINE;50297;C0168;1;3;68,37;58,11
V05021;2023-04-04;Tienda física;T004;E0022;8019;C0210;1;1;30,3;30,3
V05022;2022-09-15;Online;ONLINE;ONLINE;28079;C0760;2;2;37,13;37,13
V05023;2023-07-15;Tienda física;T009;E0049;41059;C0672;2;2;66,01;66,01
V05024;2022-11-22;Tienda física;T006;E0031;48020;C0401;1;1;28,31;28,31
V05025;2023-10-08;Tienda física;T005;E0028;28074;C0608;1;1;14,57;14,57
V05026;2022-05-22;Online;ONLINE;ONLINE;46192;C0456;3;3;65,08;63,31
V05027;2022-12-05;Online;ONLINE;ONLINE;28006;C0387;3;3;127,4;124,08
V05028;2023-04-02;Online;ONLINE;ONLINE;29069;C0781;4;6;121,01;112,41
V05029;2023-12-23;Tienda física;T009;E0047;48044;SIN_REGISTRO;1;1;36,16;36,16
V05030;2023-01-04;Tienda física;T003;E0015;29069;C0266;1;3;90,75;86,21
V05031;2022-12-27;Tienda física;T010;E0055;28079;C0377;6;9;227,43;219,11
V05032;2023-02-11;Tienda física;T011;E0060;28074;C0461;1;1;13,9;13,9
V05033;2023-08-02;Online;ONLINE;ONLINE;8015;C0287;1;4;48;48
V05034;2023-09-01;Tienda física;T006;E0034;41038;C0171;2;3;34,24;34,24
V05035;2022-11-29;Online;ONLINE;ONLINE;50297;C0776;1;3;69,3;69,3
V05036;2023-05-21;Tienda física;T005;E0029;50297;C0270;2;3;104,58;100,84
V05037;2022-01-29;Online;ONLINE;ONLINE;41059;C0405;1;3;41,97;35,67
V05038;2022-08-28;Tienda física;T011;E0058;28074;C0753;2;2;74,95;68,97
V05039;2022-04-13;Tienda física;T004;E0022;48044;C0172;2;3;67,89;65,13
V05040;2022-04-08;Online;ONLINE;ONLINE;46250;C0680;1;1;23,34;21,01
V05041;2022-05-26;Online;ONLINE;ONLINE;41059;C0014;7;9;189,2;184,85
V05042;2023-12-23;Tienda física;T011;E0060;41038;C0695;2;2;34,2;31,94
V05043;2022-02-25;Online;ONLINE;ONLINE;50297;C0367;2;2;67,3;65,43
V05044;2022-06-22;Online;ONLINE;ONLINE;41038;C0607;6;7;109,93;101,51
V05045;2023-02-20;Tienda física;T011;E0059;28065;C0745;1;1;20,87;17,74
V05046;2022-08-28;Tienda física;T002;E0010;8019;C0041;1;1;9,21;9,21
V05047;2023-12-17;Tienda física;T007;E0037;8019;C0210;2;2;67,19;64,79
V05048;2022-01-01;Tienda física;T011;E0060;47186;C0398;3;5;172,2;172,2
V05049;2022-07-06;Tienda física;T006;E0030;50297;C0437;1;1;14,79;14,05
V05050;2023-08-03;Online;ONLINE;ONLINE;48020;C0234;2;4;70,4;70,4
V05051;2022-01-11;Online;ONLINE;ONLINE;29067;C0217;1;1;14,61;14,61
V05052;2023-12-18;Online;ONLINE;ONLINE;28079;C0453;1;3;40,08;40,08
V05053;2022-11-24;Online;ONLINE;ONLINE;;SIN_REGISTRO;3;4;95,94;93,56
V05054;2022-08-08;Online;ONLINE;ONLINE;28065;C0147;2;2;44,99;42,02
V05055;2022-12-22;Online;ONLINE;ONLINE;48020;C0579;3;5;78,07;69,05
V05056;2023-03-27;Tienda física;T003;E0017;8015;C0530;2;2;36,87;33,99
V05057;2022-02-02;Online;ONLINE;ONLINE;29067;C0678;1;1;12,19;11,58
V05058;2022-02-14;Tienda física;T004;E0019;29069;C0117;1;1;20,12;19,11
V05059;2023-03-30;Online;ONLINE;ONLINE;8015;C0029;7;9;260,43;256,09
V05060;2022-05-13;Online;ONLINE;ONLINE;41038;C0101;1;1;16,03;15,23
V05061;2022-12-29;Tienda física;T004;E0021;29069;C0040;7;10;228,22;218,52
V05062;2023-10-22;Online;ONLINE;ONLINE;28006;C0348;2;2;74,1;69,2
V05063;2023-11-14;Tienda física;T004;E0021;48020;C0616;1;1;43,4;43,4
V05064;2022-01-10;Online;ONLINE;ONLINE;50297;C0567;3;4;57,44;55,1
V05065;2023-11-25;Tienda física;T005;E0025;28079;C0354;1;2;53,36;48,02
V05066;2022-11-08;Online;ONLINE;ONLINE;29067;C0097;3;6;228,28;211,43
V05067;2022-07-28;Online;ONLINE;ONLINE;41091;C0489;1;3;41,91;35,62
V05068;2022-01-04;Online;ONLINE;ONLINE;46192;C0507;3;3;66,7;66,7
V05069;2022-05-10;Online;ONLINE;ONLINE;46250;C0679;2;2;33,9;32,97
V05070;2023-03-15;Tienda física;T005;E0025;28115;C0269;1;3;101,79;101,79
V05071;2022-03-07;Tienda física;T006;E0034;48020;C0599;3;4;86,76;84,86
V05072;2023-10-04;Tienda física;T004;E0018;28065;C0564;2;2;82,39;79,55
V05073;2022-08-15;Tienda física;T002;E0007;8019;C0246;2;2;30,35;27,63
V05074;2023-09-23;Online;ONLINE;ONLINE;41038;C0638;2;2;22,06;20,7
V05075;2023-07-13;Online;ONLINE;ONLINE;41091;C0194;2;3;57,02;54,51
V05076;2022-09-07;Online;ONLINE;ONLINE;8019;C0155;2;3;84,4;84,4
V05077;2022-05-31;Tienda física;T002;E0012;46250;C0527;1;1;30,37;30,37
V05078;2023-02-02;Online;ONLINE;ONLINE;29067;C0093;4;8;212,12;205,62
V05079;2022-03-02;Tienda física;T006;E0033;46250;C0793;1;2;74,92;71,17
V05080;2023-08-07;Tienda física;T007;E0036;41038;C0607;2;4;65,68;61,46
V05081;2023-10-22;Tienda física;T003;E0017;28079;SIN_REGISTRO;2;3;60,33;60,33
V05082;2023-08-08;Online;ONLINE;ONLINE;8015;C0717;3;3;42,37;40,69
V05083;2022-03-17;Online;ONLINE;ONLINE;28079;C0304;2;4;74,65;70
V05084;2023-03-26;Tienda física;T001;E0003;47186;C0206;2;5;138,88;127,93
V05085;2022-02-15;Tienda física;T012;E0061;48044;C0792;1;1;33,01;28,06
V05086;2023-05-06;Online;ONLINE;ONLINE;28065;C0294;1;1;18,12;16,31
V05087;2023-12-13;Tienda física;T004;E0022;48044;C0603;7;9;160,85;154,58
V05088;2022-08-12;Online;ONLINE;ONLINE;46250;C0150;1;1;16,27;13,83
V05089;2023-08-07;Online;ONLINE;ONLINE;28079;C0049;2;3;43,11;43,11
V05090;2023-08-18;Online;ONLINE;ONLINE;48044;C0603;2;5;175,52;153,58
V05091;2022-08-19;Online;ONLINE;ONLINE;48020;C0702;2;4;153,7;153,7
V05092;2023-02-07;Tienda física;T005;E0029;48020;C0365;1;1;12,23;11,62
V05093;2023-01-22;Tienda física;T012;E0061;46192;C0254;1;1;13,86;13,86
V05094;2022-12-02;Tienda física;T006;E0032;41091;SIN_REGISTRO;2;2;30,35;30,35
V05095;2022-06-14;Online;ONLINE;ONLINE;41038;C0749;4;7;204,47;199,13
V05096;2022-01-12;Tienda física;T007;E0036;41091;C0153;4;5;160,33;154,71
V05097;2022-08-06;Tienda física;T006;E0031;28079;C0750;1;1;18,81;17,87
V05098;2022-09-19;Tienda física;T004;E0019;48020;C0629;2;4;116,08;116,08
V05099;2022-07-08;Tienda física;T003;E0016;41038;C0359;3;5;76,96;73,73
V05100;2023-04-16;Tienda física;T008;E0041;41038;C0096;2;2;32,28;30,75
V05101;2022-07-08;Online;ONLINE;ONLINE;29069;C0216;1;2;41,16;37,04
V05102;2023-10-05;Online;ONLINE;ONLINE;50297;C0567;1;1;11,79;11,79
V05103;2022-08-13;Online;ONLINE;ONLINE;41059;C0590;2;2;32,81;32,81
V05104;2022-12-05;Tienda física;T010;E0052;41059;C0091;3;4;115,94;108,58
V05105;2022-01-16;Online;ONLINE;ONLINE;;SIN_REGISTRO;6;8;214,89;206,48
V05106;2023-08-09;Online;ONLINE;ONLINE;47186;C0370;3;3;92,9;92,16
V05107;2023-11-25;Tienda física;T010;E0053;50297;C0214;5;7;115,23;114,53
V05108;2022-09-08;Tienda física;T006;E0033;50297;C0594;1;2;25,3;25,3
V05109;2023-06-07;Tienda física;T011;E0060;46250;C0445;2;3;50,71;48,95
V05110;2022-01-15;Tienda física;T010;E0052;50297;C0030;2;2;72,37;70,37
V05111;2022-04-01;Tienda física;T008;E0045;28074;C0146;4;4;86,6;85,36
V05112;2023-03-31;Tienda física;T009;E0048;48044;SIN_REGISTRO;1;4;111,96;111,96
V05113;2023-09-24;Online;ONLINE;ONLINE;8019;C0163;1;2;24,26;24,26
V05114;2023-11-26;Tienda física;T001;E0003;41038;C0749;1;1;17,18;17,18
V05115;2022-12-09;Tienda física;T009;E0047;8019;C0556;1;1;17,55;15,8
V05116;2022-11-28;Tienda física;T001;E0004;28115;C0300;4;6;207,15;193,81
V05117;2022-03-31;Online;ONLINE;ONLINE;46250;C0176;2;3;48,83;48,83
V05118;2022-11-16;Tienda física;T005;E0029;8019;C0268;2;4;179,75;171,41
V05119;2022-02-17;Tienda física;T009;E0048;41038;C0466;1;2;36,6;36,6
V05120;2023-03-06;Online;ONLINE;ONLINE;50297;C0092;2;3;49,88;44,53
V05121;2022-01-09;Tienda física;T008;E0042;28074;C0020;4;6;109,4;104,65
V05122;2023-04-14;Tienda física;T009;E0046;8015;C0668;5;9;244,74;241,06
V05123;2023-06-18;Tienda física;T005;E0028;46192;C0715;1;1;16,34;16,34
V05124;2022-09-19;Tienda física;T010;E0053;28006;C0736;2;2;37,1;36,38
V05125;2022-01-26;Tienda física;T006;E0033;41059;C0332;2;3;66,96;60,64
V05126;2022-01-02;Tienda física;T008;E0043;28006;C0387;3;7;84,17;78,71
V05127;2022-04-04;Online;ONLINE;ONLINE;41059;C0536;1;1;13,68;13,68
V05128;2022-08-20;Tienda física;T002;E0012;46250;C0546;4;7;147,12;133,19
V05129;2022-07-05;Tienda física;T012;E0063;50297;C0092;1;1;32,86;32,86
V05130;2023-12-19;Tienda física;T010;E0055;46250;C0757;1;2;32,42;32,42
V05131;2023-10-25;Online;ONLINE;ONLINE;47186;C0390;2;3;94,55;89,95
V05132;2022-03-11;Tienda física;T005;E0026;28115;C0720;1;2;39,56;39,56
V05133;2023-06-19;Tienda física;T011;E0056;28079;C0563;1;3;94,17;84,75
V05134;2022-01-05;Tienda física;T002;E0013;46192;C0238;4;6;124,32;115,61
V05135;2023-08-03;Tienda física;T004;E0023;8019;C0584;1;1;13,98;13,98
V05136;2022-04-19;Tienda física;T001;E0004;41091;C0031;3;5;93,94;93,94
V05137;2022-08-05;Online;ONLINE;ONLINE;;SIN_REGISTRO;2;4;91,02;83,87
V05138;2022-12-07;Tienda física;T009;E0048;41091;C0627;1;1;11,47;10,32
V05139;2023-08-26;Tienda física;T001;E0005;48020;C0702;1;1;25,82;25,82
V05140;2023-12-08;Tienda física;T005;E0027;46250;C0135;3;3;81,98;76,79
V05141;2023-12-22;Online;ONLINE;ONLINE;8019;C0174;3;4;91,54;83,66
V05142;2023-01-26;Online;ONLINE;ONLINE;29067;C0458;1;2;62,24;56,02
V05143;2023-12-27;Online;ONLINE;ONLINE;50297;C0334;1;1;17,45;17,45
V05144;2022-08-31;Online;ONLINE;ONLINE;41091;C0194;5;7;144,86;136,75
V05145;2022-03-10;Online;ONLINE;ONLINE;8019;C0479;2;2;94,61;85,15
V05146;2023-09-16;Tienda física;T005;E0025;28006;C0752;2;2;24,57;24,57
V05147;2022-06-26;Tienda física;T005;E0028;28074;C0697;4;6;101,67;97,74
V05148;2022-12-06;Online;ONLINE;ONLINE;8019;C0163;2;4;72,29;66,62
V05149;2023-11-05;Tienda física;T003;E0017;8019;C0099;2;2;61,85;59,78
V05150;2022-06-22;Online;ONLINE;ONLINE;29069;C0705;5;7;176,9;161,67
V05151;2022-06-16;Tienda física;T006;E0032;28079;C0104;1;4;63,6;63,6
V05152;2022-07-01;Tienda física;T010;E0052;41091;C0464;1;1;37,21;33,49
V05153;2023-09-22;Tienda física;T010;E0053;50297;C0141;1;3;40,44;40,44
V05154;2023-10-03;Tienda física;T005;E0027;48044;C0490;1;1;13,35;13,35
V05155;2023-11-10;Online;ONLINE;ONLINE;46192;C0754;2;3;37,12;36,59
V05156;2022-09-16;Online;ONLINE;ONLINE;46192;C0051;1;1;13,72;13,72
V05157;2022-10-13;Tienda física;T008;E0045;46192;C0009;3;4;99,03;89,8
V05158;2023-11-02;Tienda física;T012;E0063;29069;C0204;1;2;20,94;20,94
V05159;2023-06-22;Online;ONLINE;ONLINE;28115;C0426;1;1;17,59;14,95
V05160;2022-03-09;Tienda física;T011;E0060;41059;C0059;2;2;56,66;53,82
V05161;2023-08-15;Online;ONLINE;ONLINE;41059;C0112;4;4;83,3;80,95
V05162;2023-12-19;Tienda física;T008;E0043;8015;C0287;1;1;33,05;33,05
V05163;2023-10-05;Online;ONLINE;ONLINE;29069;C0650;1;1;19,65;16,7
V05164;2022-05-11;Tienda física;T003;E0016;48020;C0602;1;1;21,54;21,54
V05165;2022-02-21;Tienda física;T001;E0002;29069;C0588;2;6;155,82;152,77
V05166;2022-08-13;Online;ONLINE;ONLINE;8015;C0717;3;4;113,74;113,74
V05167;2023-03-26;Tienda física;T012;E0063;28006;SIN_REGISTRO;4;4;73,72;72,86
V05168;2022-05-11;Tienda física;T008;E0040;28065;C0592;2;4;60,88;54,41
V05169;2022-09-07;Online;ONLINE;ONLINE;29067;C0037;1;1;21,46;21,46
V05170;2022-02-12;Online;ONLINE;ONLINE;46192;C0619;1;2;31,96;31,96
V05171;2023-03-04;Tienda física;T012;E0061;41038;C0486;2;3;67,96;65,85
V05172;2023-02-21;Tienda física;T003;E0014;46192;C0325;1;1;16,04;16,04
V05173;2022-07-21;Online;ONLINE;ONLINE;28006;C0288;1;1;17,94;17,94
V05174;2022-12-19;Tienda física;T007;E0036;8015;C0725;1;1;24,22;20,59
V05175;2023-03-27;Online;ONLINE;ONLINE;29069;C0278;3;4;87,88;83,21
V05176;2022-12-31;Tienda física;T004;E0019;46250;C0291;3;3;50,82;49,32
V05177;2023-09-18;Online;ONLINE;ONLINE;47186;C0292;1;2;25;22,5
V05178;2022-05-16;Tienda física;T001;E0001;50297;C0545;4;4;81,81;80,26
V05179;2023-10-30;Online;ONLINE;ONLINE;48020;C0629;2;4;109,92;109,92
V05180;2023-03-02;Online;ONLINE;ONLINE;28065;C0372;2;4;73,28;68,67
V05181;2023-04-26;Tienda física;T009;E0049;47186;C0156;1;4;100,52;100,52
V05182;2023-09-15;Tienda física;T008;E0043;48020;SIN_REGISTRO;1;3;45,54;45,54
V05183;2023-08-20;Tienda física;T007;E0038;8015;C0381;3;4;147,82;137,4
V05184;2022-05-03;Tienda física;T005;E0028;48044;C0075;1;2;42,92;42,92
V05185;2022-09-11;Tienda física;T010;E0053;29067;C0351;1;2;43,6;37,06
V05186;2022-03-10;Online;ONLINE;ONLINE;;SIN_REGISTRO;1;2;48,2;43,38
V05187;2023-02-06;Online;ONLINE;ONLINE;;SIN_REGISTRO;1;2;28,66;28,66
V05188;2023-08-05;Online;ONLINE;ONLINE;29069;C0575;1;3;81,6;81,6
V05189;2022-05-02;Tienda física;T002;E0010;48044;C0636;3;5;119,2;116,82
V05190;2022-01-15;Tienda física;T007;E0037;48044;C0568;5;7;114,12;108,97
V05191;2023-01-11;Online;ONLINE;ONLINE;29067;C0217;1;1;19,67;18,69
V05192;2023-03-04;Online;ONLINE;ONLINE;41038;C0110;3;5;84,36;82,88
V05193;2022-02-11;Tienda física;T009;E0048;41091;C0438;2;2;54,86;53,73
V05194;2023-12-19;Online;ONLINE;ONLINE;28079;C0377;1;1;22,19;21,08
V05195;2022-03-28;Tienda física;T010;E0051;48044;C0763;1;4;64,48;58,03
V05196;2023-01-06;Online;ONLINE;ONLINE;28006;C0215;1;1;12,89;12,89
V05197;2022-11-07;Online;ONLINE;ONLINE;47186;C0762;8;9;183,03;175,09
V05198;2022-09-18;Online;ONLINE;ONLINE;;SIN_REGISTRO;2;4;57,91;57,91
V05199;2023-03-28;Tienda física;T006;E0034;28074;C0524;3;4;83,23;82,24
V05200;2022-07-21;Tienda física;T005;E0028;46192;C0382;1;1;11,04;9,38
V05201;2023-09-12;Tienda física;T003;E0017;46192;C0088;2;3;85,77;85,77
V05202;2023-08-05;Online;ONLINE;ONLINE;8015;C0724;2;4;71,2;68,48
V05203;2022-01-09;Online;ONLINE;ONLINE;29067;C0338;2;6;170,22;170,22
V05204;2022-06-21;Tienda física;T010;E0051;28079;C0026;1;1;30,27;28,76
V05205;2022-05-13;Tienda física;T005;E0026;48020;C0492;2;2;25,66;24,33
V05206;2022-05-18;Online;ONLINE;ONLINE;41091;C0699;2;2;77,3;75,91
V05207;2022-04-01;Online;ONLINE;ONLINE;28006;C0641;4;5;105,66;101,15
V05208;2022-09-19;Tienda física;T002;E0012;28074;C0512;4;4;82,97;80,12
V05209;2023-11-13;Online;ONLINE;ONLINE;41091;C0125;1;4;103,2;103,2
V05210;2023-11-02;Tienda física;T008;E0040;50297;C0299;4;4;68,62;67,07
V05211;2022-09-30;Online;ONLINE;ONLINE;48020;C0738;2;2;33,05;28,83
V05212;2022-04-14;Tienda física;T008;E0044;28006;C0396;7;12;275,06;260,78
V05213;2023-07-01;Online;ONLINE;ONLINE;28079;C0544;2;3;45,18;39,94
V05214;2023-09-01;Online;ONLINE;ONLINE;8019;C0386;3;4;77,1;68,73
V05215;2023-09-30;Online;ONLINE;ONLINE;41091;C0787;1;2;26,34;25,02
V05216;2023-10-17;Tienda física;T006;E0033;50297;C0545;4;6;199,1;199,1
V05217;2023-12-30;Tienda física;T009;E0047;48044;SIN_REGISTRO;2;4;90,12;86,95
V05218;2022-09-27;Tienda física;T004;E0019;50297;C0711;1;2;27,12;27,12
V05219;2023-07-28;Online;ONLINE;ONLINE;28115;C0703;1;1;19,75;19,75
V05220;2022-05-18;Tienda física;T003;E0014;29067;C0403;6;8;221,24;214,08
V05221;2023-04-17;Tienda física;T007;E0039;48020;C0401;2;5;73,86;72,52
V05222;2023-11-14;Tienda física;T007;E0036;29067;C0217;2;3;69,32;67,3
V05223;2023-06-29;Tienda física;T006;E0034;46192;C0501;2;5;78,05;74,06
V05224;2022-09-09;Online;ONLINE;ONLINE;28079;C0559;1;2;33,46;33,46
V05225;2022-02-05;Online;ONLINE;ONLINE;41059;C0332;1;1;18,9;16,06
V05226;2022-03-21;Tienda física;T012;E0065;41091;C0467;1;1;11,67;11,67
V05227;2023-11-16;Tienda física;T002;E0011;8015;C0725;1;4;63;56,7
V05228;2023-02-20;Tienda física;T001;E0003;46192;C0522;7;9;198,95;196,05
V05229;2022-10-01;Tienda física;T005;E0027;8019;SIN_REGISTRO;2;3;55,76;55,76
V05230;2023-02-04;Tienda física;T004;E0021;8019;SIN_REGISTRO;1;4;59,92;50,93
V05231;2023-05-27;Tienda física;T004;E0022;46192;C0507;1;2;35,84;35,84
V05232;2023-02-16;Tienda física;T006;E0030;28079;C0257;3;6;132,64;124,97
V05233;2023-10-13;Online;ONLINE;ONLINE;28079;C0056;4;5;167,44;167,44
V05234;2023-01-05;Tienda física;T004;E0024;28065;C0084;2;2;52,08;52,08
V05235;2023-01-15;Online;ONLINE;ONLINE;29067;C0431;2;2;30,79;28,6
V05236;2022-10-05;Tienda física;T011;E0056;28079;C0086;4;4;87,1;86,21
V05237;2023-09-01;Tienda física;T004;E0018;28115;C0703;1;2;41,92;37,73
V05238;2022-03-07;Tienda física;T002;E0012;28115;SIN_REGISTRO;3;4;94,34;91,64
V05239;2022-10-15;Tienda física;T003;E0016;28079;SIN_REGISTRO;3;3;53,17;51,76
V05240;2022-07-01;Tienda física;T010;E0054;8015;C0279;1;3;74,37;74,37
V05241;2023-01-14;Tienda física;T010;E0055;28115;C0305;1;3;55,98;55,98
V05242;2023-08-10;Tienda física;T009;E0047;28065;C0593;2;2;33,67;33,67
V05243;2023-06-05;Online;ONLINE;ONLINE;8019;C0109;3;7;186,64;184,36
V05244;2022-07-09;Tienda física;T004;E0024;41038;C0301;2;5;81,13;77,75
V05245;2022-11-27;Online;ONLINE;ONLINE;41091;C0774;1;1;13,45;13,45
V05246;2023-02-11;Tienda física;T005;E0028;8019;C0409;7;9;307,22;305,41
V05247;2022-07-06;Online;ONLINE;ONLINE;46250;C0291;4;9;166,54;162,49
V05248;2022-01-14;Online;ONLINE;ONLINE;41038;C0518;5;5;89,91;84,57
V05249;2022-05-20;Tienda física;T005;E0028;50297;C0567;5;7;140,71;137,32
V05250;2023-08-26;Tienda física;T006;E0031;28074;C0187;1;2;46,88;46,88
V05251;2022-07-05;Tienda física;T002;E0011;28074;C0361;3;6;158,41;154,44
V05252;2022-10-20;Tienda física;T004;E0019;28115;C0720;1;1;14,5;14,5
V05253;2023-10-29;Tienda física;T012;E0063;46192;C0043;1;1;12,13;10,92
V05254;2022-09-11;Online;ONLINE;ONLINE;8015;C0287;3;4;110,61;103,53
V05255;2022-04-30;Online;ONLINE;ONLINE;46250;C0150;2;3;53,63;53,63
V05256;2022-11-13;Tienda física;T005;E0028;41038;C0540;2;2;52,03;48,05
V05257;2023-04-09;Tienda física;T001;E0003;41059;C0108;1;1;27,44;24,7
V05258;2022-08-14;Online;ONLINE;ONLINE;28079;C0485;1;1;26,83;22,81
V05259;2022-08-20;Tienda física;T001;E0001;41091;C0744;1;1;18,93;18,93
V05260;2022-01-31;Tienda física;T012;E0065;29067;C0338;1;1;17,24;15,52
V05261;2023-05-23;Tienda física;T005;E0025;8015;C0316;1;1;23,2;20,88
V05262;2022-06-21;Tienda física;T008;E0045;8019;C0099;1;1;15,78;15,78
V05263;2022-03-23;Online;ONLINE;ONLINE;29067;C0097;3;4;116;109,2
V05264;2022-04-05;Online;ONLINE;ONLINE;;SIN_REGISTRO;1;1;14,24;12,82
V05265;2022-11-22;Tienda física;T006;E0030;41091;SIN_REGISTRO;4;4;66,83;65,1
V05266;2023-01-07;Online;ONLINE;ONLINE;46250;C0119;3;7;297,37;273,26
V05267;2022-06-30;Tienda física;T009;E0049;28065;C0087;4;4;82,46;80,39
V05268;2022-09-23;Tienda física;T007;E0036;28115;C0326;1;2;36,86;36,86
V05269;2022-02-19;Tienda física;T003;E0017;46250;C0679;1;1;23,82;23,82
V05270;2022-07-18;Tienda física;T009;E0048;28079;C0559;2;2;31,25;28,39
V05271;2023-10-26;Online;ONLINE;ONLINE;28115;C0310;2;2;66,57;57,3
V05272;2023-12-10;Tienda física;T001;E0003;28079;SIN_REGISTRO;2;2;42,3;39,52
V05273;2022-12-16;Tienda física;T007;E0035;29069;C0117;2;2;31,21;29,08
V05274;2022-08-16;Online;ONLINE;ONLINE;8015;C0717;1;3;88,35;83,93
V05275;2023-04-09;Tienda física;T008;E0045;46192;C0746;1;1;21,56;21,56
V05276;2023-02-14;Tienda física;T011;E0056;28065;C0169;1;1;12,02;10,22
V05277;2023-02-21;Online;ONLINE;ONLINE;41038;C0448;2;3;48,74;47,39
V05278;2023-04-25;Online;ONLINE;ONLINE;;SIN_REGISTRO;1;1;13,91;13,91
V05279;2022-10-13;Online;ONLINE;ONLINE;47186;C0655;3;4;66,61;63,8
V05280;2023-10-07;Tienda física;T005;E0027;28074;C0740;4;5;105,16;99,88
V05281;2022-06-06;Tienda física;T010;E0055;41059;C0721;1;4;62,68;59,55
V05282;2022-01-26;Tienda física;T004;E0024;28065;C0137;3;8;120,9;120,9
V05283;2023-10-27;Tienda física;T002;E0011;28006;C0396;4;5;74,43;70,62
V05284;2022-02-07;Online;ONLINE;ONLINE;48044;C0076;1;2;26,84;26,84
V05285;2023-05-11;Tienda física;T002;E0007;48020;C0364;1;3;65,16;55,39
V05286;2022-05-12;Tienda física;T004;E0019;28074;C0140;2;2;33,34;33,34
V05287;2022-07-10;Tienda física;T002;E0012;48044;C0798;4;4;86,01;84,33
V05288;2023-11-10;Tienda física;T003;E0016;48044;C0763;5;5;132,12;129,74
V05289;2023-03-12;Online;ONLINE;ONLINE;46250;C0331;2;2;44,86;43,83
V05290;2022-08-21;Online;ONLINE;ONLINE;47186;C0542;2;4;76,36;73,87
V05291;2022-08-11;Online;ONLINE;ONLINE;50297;C0214;3;3;84,77;83,52
V05292;2023-05-22;Tienda física;T010;E0051;41059;C0770;3;4;77,39;77,39
V05293;2022-07-23;Tienda física;T007;E0038;28065;C0780;1;4;74,2;74,2
V05294;2023-01-23;Tienda física;T002;E0012;48044;C0311;1;1;22,4;20,16
V05295;2022-12-26;Tienda física;T004;E0023;29067;C0591;1;1;16,34;13,89
V05296;2023-06-15;Tienda física;T004;E0021;41038;C0518;1;2;46,18;43,87
V05297;2022-01-28;Tienda física;T004;E0022;28079;C0184;1;1;14,52;13,07
V05298;2023-08-13;Tienda física;T004;E0024;48044;C0158;6;9;232,73;216,66
V05299;2022-09-10;Online;ONLINE;ONLINE;50297;C0198;1;1;11,76;11,76
V05300;2023-01-18;Tienda física;T009;E0049;48044;SIN_REGISTRO;2;2;26,78;25,37
V05301;2023-11-07;Online;ONLINE;ONLINE;41059;C0032;2;2;26,66;24,99
V05302;2022-08-29;Online;ONLINE;ONLINE;;SIN_REGISTRO;1;4;66,32;66,32
V05303;2022-06-04;Online;ONLINE;ONLINE;;SIN_REGISTRO;4;5;65,59;59,66
V05304;2022-08-21;Tienda física;T004;E0022;29067;C0028;1;3;41,94;35,65
V05305;2023-06-19;Tienda física;T005;E0026;48044;C0226;1;1;23,51;21,16
V05306;2022-01-02;Online;ONLINE;ONLINE;29069;C0557;2;2;63,38;63,38
V05307;2023-05-01;Tienda física;T002;E0011;28006;C0455;2;3;72,76;65,44
V05308;2022-12-29;Tienda física;T003;E0017;41059;C0721;3;6;120,1;120,1
V05309;2022-08-21;Tienda física;T004;E0022;8019;C0236;2;3;75,76;73,27
V05310;2022-03-31;Tienda física;T008;E0045;28079;C0543;1;2;41,98;37,78
V05311;2022-02-05;Tienda física;T004;E0018;28115;C0241;1;1;29,61;28,13
V05312;2022-04-04;Tienda física;T001;E0002;41091;C0263;1;1;12,76;12,76
V05313;2022-02-16;Tienda física;T005;E0029;28006;C0256;1;1;29,64;26,68
V05314;2023-02-03;Online;ONLINE;ONLINE;28065;C0166;8;11;250,17;242,22
V05315;2022-05-04;Online;ONLINE;ONLINE;47186;C0687;1;1;37,35;33,62
V05316;2022-07-24;Online;ONLINE;ONLINE;28115;C0326;1;1;12,54;11,91
V05317;2022-04-12;Tienda física;T004;E0022;28079;C0742;1;1;15,37;15,37
V05318;2022-05-08;Tienda física;T012;E0065;8019;C0727;1;1;34,79;34,79
V05319;2022-04-13;Tienda física;T007;E0039;28006;C0779;1;1;12,6;12,6
V05320;2023-07-26;Tienda física;T003;E0017;46192;C0509;1;1;12,07;10,26
V05321;2023-12-25;Tienda física;T007;E0036;46250;SIN_REGISTRO;1;4;49,48;49,48
V05322;2023-11-14;Tienda física;T003;E0016;48020;C0329;6;8;241,73;225,81
V05323;2023-12-26;Online;ONLINE;ONLINE;29069;C0648;4;8;160,3;155,86
V05324;2023-02-17;Tienda física;T011;E0060;28065;C0470;6;8;197,23;193,67
V05325;2022-11-29;Tienda física;T005;E0025;8019;SIN_REGISTRO;1;1;17,76;16,87
V05326;2022-05-15;Tienda física;T011;E0059;50297;C0079;2;3;149,8;149,8
V05327;2022-08-10;Online;ONLINE;ONLINE;41059;C0018;2;2;38,41;36,44
V05328;2022-05-26;Tienda física;T010;E0053;50297;C0120;2;2;30,08;28,64
V05329;2023-10-12;Online;ONLINE;ONLINE;8019;C0318;1;1;18,47;18,47
V05330;2022-09-17;Online;ONLINE;ONLINE;46250;C0331;2;2;33,02;32,25
V05331;2023-07-28;Tienda física;T011;E0059;50297;SIN_REGISTRO;1;1;13,19;11,21
V05332;2023-11-12;Online;ONLINE;ONLINE;28079;C0026;1;2;46,86;39,83
V05333;2022-07-02;Tienda física;T007;E0035;41059;C0536;1;1;15,06;12,8
V05334;2023-02-19;Tienda física;T002;E0008;8019;C0041;3;4;116,54;114,56
V05335;2022-07-07;Tienda física;T002;E0009;28079;C0005;3;5;113,15;105,67
V05336;2022-08-05;Tienda física;T004;E0023;8019;C0415;1;2;50,5;50,5
V05337;2023-02-03;Online;ONLINE;ONLINE;48044;C0078;1;2;52,66;52,66
V05338;2022-09-08;Tienda física;T005;E0025;46192;C0321;3;5;112,74;112,74
V05339;2023-06-29;Tienda física;T006;E0033;8015;C0287;2;4;102,8;99,45
V05340;2023-02-11;Tienda física;T010;E0054;29067;C0230;3;5;103,69;97,04
V05341;2022-10-10;Tienda física;T012;E0062;48020;C0234;3;7;109,88;104,13
V05342;2022-01-07;Online;ONLINE;ONLINE;8019;C0318;4;6;178,91;177,27
V05343;2022-08-23;Online;ONLINE;ONLINE;46192;C0382;1;3;37,77;33,99
V05344;2022-05-05;Tienda física;T009;E0049;8019;C0312;2;2;59;51,88
V05345;2022-06-02;Tienda física;T002;E0011;28074;C0424;3;4;121,76;121,76
V05346;2022-08-14;Tienda física;T006;E0031;47186;C0398;5;6;79,62;77,94
V05347;2023-02-15;Online;ONLINE;ONLINE;;SIN_REGISTRO;2;5;127,45;112,9
V05348;2023-06-05;Online;ONLINE;ONLINE;50297;C0198;1;1;11,98;11,98
V05349;2022-08-23;Tienda física;T002;E0011;8015;C0668;4;7;140,92;133,83
V05350;2023-11-04;Online;ONLINE;ONLINE;41038;C0061;5;7;193,83;190,2
V05351;2022-03-06;Tienda física;T005;E0027;41091;C0438;2;4;129,42;128,68
V05352;2023-05-03;Tienda física;T006;E0033;47186;C0653;1;4;62,64;62,64
V05353;2022-11-23;Online;ONLINE;ONLINE;48020;C0329;5;7;232,03;223,64
V05354;2022-06-28;Tienda física;T004;E0023;46192;C0676;2;4;168,02;149,76
V05355;2023-01-13;Online;ONLINE;ONLINE;41059;C0048;2;5;166,03;166,03
V05356;2022-10-02;Online;ONLINE;ONLINE;28074;C0512;3;4;83,65;83,1
V05357;2023-08-03;Online;ONLINE;ONLINE;8019;C0196;2;2;61,11;56,6
V05358;2022-12-04;Tienda física;T003;E0016;41038;C0171;3;7;147,88;141,21
V05359;2022-01-18;Tienda física;T004;E0019;29067;C0591;2;2;54,26;48,84
V05360;2023-08-14;Online;ONLINE;ONLINE;48044;C0490;1;1;14,63;12,44
V05361;2023-08-30;Tienda física;T002;E0008;28079;C0005;3;4;186,33;184,53
V05362;2023-04-07;Tienda física;T011;E0056;50297;SIN_REGISTRO;1;1;20,45;18,41
V05363;2023-01-02;Tienda física;T007;E0036;47186;C0394;1;3;29,76;29,76
V05364;2023-05-04;Tienda física;T001;E0001;29069;C0586;4;5;99,06;98,34
V05365;2022-01-19;Online;ONLINE;ONLINE;48044;C0765;7;10;308,42;299,04
V05366;2023-03-22;Tienda física;T010;E0050;29069;C0781;1;2;41,92;41,92
V05367;2022-03-14;Online;ONLINE;ONLINE;41091;C0692;2;3;46,02;43,06
V05368;2022-04-09;Online;ONLINE;ONLINE;48044;C0226;4;8;187,62;181,25
V05369;2022-06-03;Tienda física;T008;E0041;28074;C0716;2;4;59,36;59,36
V05370;2022-07-26;Online;ONLINE;ONLINE;;SIN_REGISTRO;3;6;244,13;226,07
V05371;2023-03-17;Online;ONLINE;ONLINE;28074;C0589;1;4;52,76;47,48
V05372;2023-04-19;Online;ONLINE;ONLINE;47186;C0595;1;1;14,77;13,29
V05373;2023-02-20;Tienda física;T008;E0040;41059;C0516;3;6;187,18;173,64
V05374;2022-08-09;Online;ONLINE;ONLINE;47186;C0572;3;5;107,94;107,94
V05375;2023-03-13;Tienda física;T004;E0020;8019;SIN_REGISTRO;1;1;18,2;17,29
V05376;2022-08-25;Tienda física;T004;E0022;28065;C0340;1;1;9,72;9,72
V05377;2022-05-16;Tienda física;T004;E0021;41059;C0516;3;7;126,38;123,97
V05378;2023-11-23;Tienda física;T001;E0005;50297;C0042;1;1;27,99;27,99
V05379;2022-12-14;Online;ONLINE;ONLINE;48020;C0343;2;2;50,25;47,58
V05380;2023-10-27;Online;ONLINE;ONLINE;48020;C0272;6;6;101,91;95,51
V05381;2022-12-27;Online;ONLINE;ONLINE;28074;C0085;2;2;38,51;38,51
V05382;2023-10-09;Online;ONLINE;ONLINE;41038;C0171;1;2;50,36;42,81
V05383;2022-07-27;Tienda física;T003;E0015;28079;SIN_REGISTRO;2;3;164,26;149,46
V05384;2023-10-08;Online;ONLINE;ONLINE;41091;C0243;3;3;44,84;44
V05385;2022-11-13;Online;ONLINE;ONLINE;41059;C0405;1;2;23,06;23,06
V05386;2023-06-09;Tienda física;T010;E0052;29067;C0419;1;1;12,44;10,57
V05387;2022-07-06;Tienda física;T002;E0013;29069;C0557;4;4;83,62;79,65
V05388;2022-05-29;Online;ONLINE;ONLINE;28079;C0251;2;3;54,49;54,49
V05389;2022-05-04;Tienda física;T011;E0056;8019;C0414;5;9;213,35;198,23
V05390;2022-12-27;Tienda física;T010;E0050;46250;C0176;1;2;38,06;38,06
V05391;2023-05-13;Tienda física;T010;E0054;50297;C0747;4;5;101,3;97,42
V05392;2022-10-17;Tienda física;T004;E0022;8019;SIN_REGISTRO;1;2;60,58;54,52
V05393;2022-10-18;Tienda física;T003;E0015;47186;C0151;1;4;63,36;60,19
V05394;2023-12-30;Tienda física;T002;E0011;8019;C0790;1;2;42,76;42,76
V05395;2022-05-24;Online;ONLINE;ONLINE;;SIN_REGISTRO;3;4;70,69;66,22
V05396;2023-02-10;Online;ONLINE;ONLINE;;SIN_REGISTRO;2;3;137,83;137,83
V05397;2023-07-12;Online;ONLINE;ONLINE;;SIN_REGISTRO;1;1;28,52;24,24
V05398;2023-05-24;Tienda física;T011;E0058;8019;C0475;4;5;103,85;103,21
V05399;2023-08-10;Tienda física;T001;E0003;8019;C0318;3;3;53,67;50,96
V05400;2022-11-13;Tienda física;T001;E0006;28079;C0452;1;1;14,67;14,67
V05401;2022-07-26;Online;ONLINE;ONLINE;28079;C0440;1;2;25,3;24,04
V05402;2023-03-13;Online;ONLINE;ONLINE;;SIN_REGISTRO;3;3;87,05;83,37
V05403;2022-09-21;Tienda física;T007;E0036;28006;C0157;1;2;29,76;29,76
V05404;2022-01-24;Tienda física;T006;E0031;29069;C0202;1;2;42,38;40,26
V05405;2022-12-28;Tienda física;T008;E0044;29067;C0028;1;2;27,1;27,1
V05406;2023-04-27;Tienda física;T002;E0009;28074;C0753;1;1;13,45;13,45
V05407;2023-08-26;Tienda física;T005;E0029;28115;C0500;3;4;77,99;67,13
V05408;2022-10-06;Tienda física;T007;E0037;29069;C0239;4;6;151,1;148,36
V05409;2023-09-24;Tienda física;T005;E0028;50297;C0306;2;3;59,91;59,91
V05410;2023-03-28;Online;ONLINE;ONLINE;28065;C0147;2;2;34,87;34,28
V05411;2023-10-13;Tienda física;T002;E0007;8019;C0363;1;2;29,36;26,42
V05412;2022-05-21;Tienda física;T010;E0053;47186;C0151;2;2;30,66;28,87
V05413;2022-08-17;Tienda física;T003;E0016;8019;C0192;2;4;92,76;91,52
V05414;2022-02-20;Tienda física;T008;E0040;41038;C0061;2;4;110,75;95,82
V05415;2023-08-31;Tienda física;T011;E0060;46250;C0261;8;10;298,82;289,2
V05416;2022-07-03;Tienda física;T011;E0057;50297;SIN_REGISTRO;2;3;67,63;65,83
V05417;2022-04-23;Online;ONLINE;ONLINE;29067;C0691;2;2;38,91;38,91
V05418;2023-04-19;Online;ONLINE;ONLINE;47186;C0601;3;4;102,64;94,75
V05419;2023-03-13;Online;ONLINE;ONLINE;47186;C0308;4;4;111,77;107,63
V05420;2022-03-22;Tienda física;T007;E0038;8015;C0528;2;4;96,67;96,67
V05421;2023-06-22;Online;ONLINE;ONLINE;48044;C0175;2;4;121,56;119,1
V05422;2023-09-19;Tienda física;T009;E0048;41091;C0506;1;2;36,14;34,33
V05423;2022-10-16;Online;ONLINE;ONLINE;46192;C0520;4;4;112,43;110,98
V05424;2022-09-11;Tienda física;T002;E0007;48044;C0491;6;8;132,89;128,8
V05425;2022-09-26;Tienda física;T010;E0052;28006;C0526;1;1;30,42;30,42
V05426;2022-11-11;Tienda física;T004;E0018;48020;C0012;2;3;54,36;52,3
V05427;2022-03-16;Tienda física;T002;E0011;8019;C0556;1;2;93,54;93,54
V05428;2023-02-10;Online;ONLINE;ONLINE;28065;C0372;1;1;27,26;24,53
V05429;2023-09-15;Tienda física;T007;E0038;8015;C0717;2;2;34,42;34,42
V05430;2022-10-10;Tienda física;T009;E0046;48044;SIN_REGISTRO;1;2;36,34;32,71
V05431;2022-10-19;Tienda física;T004;E0020;48044;C0158;1;1;29,88;29,88
V05432;2023-02-24;Online;ONLINE;ONLINE;28079;C0377;1;2;22,6;22,6
V05433;2023-06-23;Tienda física;T008;E0045;48020;SIN_REGISTRO;3;3;125,03;114,86
V05434;2022-05-30;Online;ONLINE;ONLINE;;SIN_REGISTRO;2;3;67,91;66
V05435;2023-08-31;Tienda física;T010;E0052;46192;C0349;4;8;145,99;142,83
V05436;2022-05-12;Tienda física;T012;E0062;41038;C0237;2;4;71,9;69,82
V05437;2022-08-12;Tienda física;T010;E0053;41038;C0044;1;1;16,4;14,76
V05438;2022-04-13;Tienda física;T009;E0048;8019;C0155;1;1;35,35;35,35
V05439;2022-04-17;Tienda física;T007;E0035;28065;C0147;2;2;54,18;54,18
V05440;2022-05-13;Tienda física;T006;E0034;28074;C0361;2;6;108;101,07
V05441;2022-04-28;Tienda física;T005;E0025;8019;SIN_REGISTRO;1;3;29,01;27,56
V05442;2023-05-06;Tienda física;T004;E0021;48044;C0058;2;2;39,86;39,86
V05443;2023-06-16;Tienda física;T004;E0024;28074;C0632;1;1;17,36;17,36
V05444;2022-10-21;Online;ONLINE;ONLINE;47186;C0398;3;4;80,49;71,68
V05445;2023-01-15;Online;ONLINE;ONLINE;47186;C0483;2;2;42,17;42,17
V05446;2023-08-23;Online;ONLINE;ONLINE;48020;C0704;6;7;101,11;99,09
V05447;2022-02-08;Online;ONLINE;ONLINE;48044;C0158;2;3;66,06;66,06
V05448;2022-02-13;Tienda física;T012;E0062;47186;C0130;3;4;101,08;100,34
V05449;2023-08-04;Online;ONLINE;ONLINE;28065;C0147;1;1;15,99;15,19
V05450;2023-01-26;Tienda física;T005;E0025;29067;C0097;2;7;215,4;204,91
V05451;2023-09-18;Tienda física;T012;E0065;50297;C0330;2;3;106,97;106,97
V05452;2022-01-29;Online;ONLINE;ONLINE;41038;C0448;3;5;171,71;171,71
V05453;2022-04-20;Tienda física;T006;E0030;29069;C0613;1;3;94,95;94,95
V05454;2022-07-28;Tienda física;T010;E0051;28065;C0179;1;1;19;16,15
V05455;2022-12-08;Online;ONLINE;ONLINE;28074;C0424;1;3;38,1;36,2
V05456;2023-06-26;Tienda física;T003;E0016;48020;C0353;1;1;13,93;11,84
V05457;2022-07-14;Online;ONLINE;ONLINE;8019;C0475;2;2;33,59;33,59
V05458;2023-10-06;Tienda física;T011;E0058;28115;C0449;1;1;19,03;16,18
V05459;2022-01-03;Tienda física;T012;E0062;28006;C0713;3;6;156,84;146,69
V05460;2022-03-22;Tienda física;T010;E0050;46192;C0433;1;1;29,06;26,15
V05461;2022-03-12;Online;ONLINE;ONLINE;;SIN_REGISTRO;1;2;67,58;67,58
V05462;2023-07-20;Tienda física;T010;E0052;29067;C0129;1;2;28,66;28,66
V05463;2022-09-23;Tienda física;T009;E0048;8019;C0363;1;2;26,56;22,58
V05464;2023-02-11;Online;ONLINE;ONLINE;29069;C0235;1;1;19,02;18,07
V05465;2022-03-28;Online;ONLINE;ONLINE;41059;C0315;2;3;37,18;36,42
V05466;2023-07-10;Tienda física;T010;E0050;8019;C0386;1;2;27,26;24,53
V05467;2022-02-19;Tienda física;T001;E0003;48044;C0185;5;5;202,05;198,9
V05468;2022-07-07;Tienda física;T005;E0026;29069;C0239;1;2;34,94;34,94
V05469;2022-06-11;Online;ONLINE;ONLINE;48020;C0232;1;3;51,69;43,94
V05470;2022-02-04;Tienda física;T012;E0061;8019;C0274;1;1;32,99;32,99
V05471;2022-11-14;Tienda física;T003;E0016;41091;C0125;3;4;71,23;66,44
V05472;2022-07-07;Tienda física;T005;E0026;28079;C0442;8;10;263,19;258,21
V05473;2022-08-01;Tienda física;T010;E0051;50297;C0407;3;6;132,62;119,06
V05474;2022-01-20;Tienda física;T011;E0060;28079;C0242;1;4;137,72;137,72
V05475;2023-11-11;Tienda física;T002;E0011;48020;C0160;1;4;67,2;63,84
V05476;2023-06-01;Online;ONLINE;ONLINE;;SIN_REGISTRO;2;3;48,93;42,75
V05477;2023-07-08;Tienda física;T011;E0059;28006;C0396;3;4;97,17;97,17
V05478;2023-07-20;Online;ONLINE;ONLINE;;SIN_REGISTRO;1;1;12,6;10,71
V05479;2023-12-29;Online;ONLINE;ONLINE;46192;C0551;1;1;19,06;16,2
V05480;2023-08-06;Tienda física;T004;E0021;29067;C0474;4;5;63,51;63,12
V05481;2023-08-20;Tienda física;T009;E0048;28006;C0519;2;4;56,11;56,11
V05482;2023-11-01;Tienda física;T003;E0014;28079;C0056;3;6;189,27;186,93
V05483;2023-03-25;Online;ONLINE;ONLINE;28065;C0745;3;5;72,44;68,9
V05484;2023-04-22;Online;ONLINE;ONLINE;29069;C0557;2;3;54,29;54,29
V05485;2022-02-08;Tienda física;T008;E0044;28006;C0366;1;1;28,7;28,7
V05486;2022-11-23;Online;ONLINE;ONLINE;29067;C0585;4;6;110,46;104,09
V05487;2022-08-22;Tienda física;T011;E0060;29067;C0217;1;1;11,31;10,18
V05488;2022-02-18;Online;ONLINE;ONLINE;48044;C0772;1;1;32,21;32,21
V05489;2023-07-27;Tienda física;T012;E0062;8015;C0668;8;15;305,08;290,8
V05490;2023-03-09;Tienda física;T009;E0048;48020;C0012;1;1;11,59;11,01
V05491;2022-07-05;Tienda física;T009;E0047;48044;SIN_REGISTRO;3;3;69,22;66,47
V05492;2022-06-13;Tienda física;T002;E0011;29069;C0278;1;1;15,87;15,87
V05493;2022-05-17;Online;ONLINE;ONLINE;;SIN_REGISTRO;3;5;168;156,38
V05494;2023-10-01;Tienda física;T010;E0055;41038;C0448;1;1;34,46;34,46
V05495;2022-05-20;Tienda física;T001;E0004;48020;C0478;3;4;146,74;146,74
V05496;2022-12-05;Tienda física;T002;E0010;50297;C0013;1;3;102,69;97,56
V05497;2022-08-09;Tienda física;T010;E0054;28065;C0294;1;2;28,04;28,04
V05498;2022-08-24;Tienda física;T001;E0003;28079;SIN_REGISTRO;5;7;175,4;169,12
V05499;2022-07-22;Online;ONLINE;ONLINE;28079;C0385;2;2;44,65;42,09
V05500;2023-04-25;Tienda física;T008;E0045;46192;C0520;5;8;171,85;170,79
V05501;2023-12-10;Online;ONLINE;ONLINE;46250;C0471;4;7;175,68;175,68
V05502;2023-04-13;Online;ONLINE;ONLINE;29069;C0248;5;8;124,32;121,81
V05503;2023-03-25;Tienda física;T007;E0037;29069;C0040;3;5;81,06;78,94
V05504;2023-05-05;Tienda física;T008;E0043;28006;C0063;2;4;59,25;55,06
V05505;2022-11-19;Tienda física;T011;E0060;46192;C0465;2;5;83,21;82,49
V05506;2022-06-27;Online;ONLINE;ONLINE;29067;C0037;4;4;79,79;77,89
V05507;2022-08-04;Tienda física;T010;E0055;8019;C0312;4;5;106,35;99,1
V05508;2022-06-27;Online;ONLINE;ONLINE;8015;C0446;1;1;12,77;12,77
V05509;2023-05-15;Online;ONLINE;ONLINE;41038;C0110;2;4;193,09;185,1
V05510;2022-01-30;Tienda física;T008;E0045;28079;C0082;1;1;15,08;15,08
V05511;2022-05-15;Online;ONLINE;ONLINE;41059;C0368;2;3;87,63;87,63
V05512;2023-07-08;Tienda física;T012;E0062;41091;C0531;2;3;76,88;70,63
V05513;2022-03-11;Online;ONLINE;ONLINE;8019;C0164;2;2;31,01;28,43
V05514;2022-04-04;Online;ONLINE;ONLINE;29069;C0639;4;5;138,17;130,55
V05515;2022-06-17;Online;ONLINE;ONLINE;48020;C0352;2;4;120,14;111,24
V05516;2022-10-27;Online;ONLINE;ONLINE;46192;C0640;3;3;88,95;85,48
V05517;2022-03-01;Tienda física;T002;E0013;46192;C0498;3;4;91,14;88,88
V05518;2022-09-23;Online;ONLINE;ONLINE;41059;C0059;2;3;86,55;77,11
V05519;2022-04-15;Tienda física;T012;E0061;41038;C0250;1;2;48,74;46,3
V05520;2022-11-25;Online;ONLINE;ONLINE;28079;C0624;1;2;29,34;29,34
V05521;2022-04-19;Online;ONLINE;ONLINE;28074;C0100;1;3;58,56;52,7
V05522;2022-09-28;Online;ONLINE;ONLINE;28074;C0789;1;1;15,57;15,57
V05523;2023-01-04;Tienda física;T003;E0016;28006;C0197;2;3;49,26;47,51
V05524;2023-07-04;Online;ONLINE;ONLINE;46192;C0349;2;3;54,55;52,63
V05525;2023-11-25;Online;ONLINE;ONLINE;29069;C0617;1;4;58;55,1
V05526;2022-12-14;Tienda física;T009;E0048;46250;C0150;5;9;219,78;214
V05527;2022-07-04;Tienda física;T008;E0044;29069;C0015;2;4;118,97;118,97
V05528;2023-09-06;Online;ONLINE;ONLINE;47186;C0710;1;1;26;26
V05529;2023-01-30;Online;ONLINE;ONLINE;47186;C0390;2;4;77,55;73,67
V05530;2023-12-31;Tienda física;T011;E0056;28006;C0366;2;2;32,35;31,48
V05531;2022-09-11;Tienda física;T009;E0046;48044;SIN_REGISTRO;1;1;39,04;37,09
V05532;2023-10-05;Tienda física;T004;E0018;28079;C0019;1;1;14,73;14,73
V05533;2023-08-11;Online;ONLINE;ONLINE;50297;C0611;3;3;91,23;90,39
V05534;2022-04-13;Online;ONLINE;ONLINE;48044;C0314;9;12;241,44;229,68
V05535;2022-03-30;Tienda física;T006;E0033;28006;C0532;1;1;17,18;17,18
V05536;2023-06-28;Tienda física;T005;E0029;46192;C0676;2;2;63,42;60,25
V05537;2022-08-30;Tienda física;T005;E0026;48044;C0798;1;3;50,79;43,17
V05538;2023-12-06;Tienda física;T001;E0005;50297;C0260;10;12;344,2;328,91
V05539;2023-09-21;Online;ONLINE;ONLINE;41091;C0069;1;2;19,68;19,68
V05540;2023-04-11;Tienda física;T010;E0050;48020;C0759;1;1;15,82;15,82
V05541;2022-10-26;Tienda física;T001;E0003;28006;C0373;2;2;40,58;37,28
V05542;2023-10-07;Tienda física;T011;E0057;8015;C0577;3;3;96,47;90,1
V05543;2022-12-27;Online;ONLINE;ONLINE;41059;C0035;3;5;106,43;105,89
V05544;2023-12-13;Tienda física;T004;E0018;41091;C0644;2;2;27,69;26,95
V05545;2023-09-05;Online;ONLINE;ONLINE;47186;C0555;1;2;35,3;35,3
V05546;2023-05-21;Tienda física;T008;E0042;8015;C0662;2;5;109,44;103,18
V05547;2022-06-29;Online;ONLINE;ONLINE;;SIN_REGISTRO;2;2;71,63;71,63
V05548;2023-02-02;Tienda física;T002;E0007;48020;C0131;1;2;50,48;42,91
V05549;2022-09-13;Online;ONLINE;ONLINE;48044;C0765;1;2;57,68;57,68
V05550;2022-07-06;Online;ONLINE;ONLINE;48044;C0568;1;4;95,16;95,16
V05551;2023-01-05;Tienda física;T006;E0033;28006;C0288;1;1;22,03;22,03
V05552;2022-05-28;Tienda física;T001;E0005;46192;C0488;3;4;96,8;94,04
V05553;2022-06-30;Tienda física;T001;E0004;28065;C0289;1;1;22,43;21,31
V05554;2023-12-03;Tienda física;T003;E0014;28079;SIN_REGISTRO;4;6;127,56;126,25
V05555;2022-07-16;Tienda física;T002;E0009;28006;C0688;2;2;38,84;37,03
V05556;2023-12-10;Tienda física;T004;E0022;29069;C0504;5;6;148,54;141,63
V05557;2022-07-27;Online;ONLINE;ONLINE;28074;C0663;4;4;129,52;127,88
V05558;2022-11-06;Tienda física;T011;E0058;28065;C0416;3;3;53,39;50,07
V05559;2022-11-09;Tienda física;T006;E0033;29067;C0785;4;5;139,24;132
V05560;2023-06-05;Online;ONLINE;ONLINE;28006;C0455;2;3;52,37;49,91
V05561;2022-01-13;Tienda física;T001;E0006;28079;SIN_REGISTRO;2;3;64,78;63,13
V05562;2022-01-22;Online;ONLINE;ONLINE;48020;C0495;1;1;32,77;32,77
V05563;2023-01-19;Tienda física;T004;E0023;28006;C0455;4;9;242,65;236,1
V05564;2023-06-04;Tienda física;T011;E0059;47186;C0595;2;4;47,71;45,53
V05565;2022-03-15;Tienda física;T007;E0039;28074;C0461;2;4;130,73;118,68
V05566;2022-07-14;Online;ONLINE;ONLINE;47186;C0388;2;3;66,96;65,59
V05567;2023-05-24;Online;ONLINE;ONLINE;8019;C0155;5;5;103,94;101,9
V05568;2023-02-11;Online;ONLINE;ONLINE;8015;C0725;2;2;34,01;33,06
V05569;2022-06-13;Tienda física;T006;E0032;29067;C0591;2;2;25,48;22,93
V05570;2023-03-01;Tienda física;T003;E0016;28079;C0452;1;1;15,67;15,67
V05571;2022-07-09;Online;ONLINE;ONLINE;8019;C0174;1;2;42,36;40,24
V05572;2023-05-01;Online;ONLINE;ONLINE;41059;C0430;2;2;34,11;33,08
V05573;2022-06-13;Tienda física;T006;E0033;50297;C0306;1;1;18,49;18,49
V05574;2022-01-18;Tienda física;T005;E0026;46192;C0341;1;1;15,73;14,94
V05575;2023-02-13;Tienda física;T009;E0049;46192;C0252;2;2;70,98;70,98
V05576;2022-05-26;Online;ONLINE;ONLINE;;SIN_REGISTRO;2;3;49,52;45,85
V05577;2022-01-29;Tienda física;T002;E0007;28115;C0449;1;1;16,35;13,9
V05578;2023-08-10;Tienda física;T002;E0007;28115;SIN_REGISTRO;2;2;28,47;24,98
V05579;2022-06-04;Tienda física;T004;E0022;41091;C0124;2;3;80,56;75,58
V05580;2022-04-30;Tienda física;T001;E0001;28079;SIN_REGISTRO;2;4;97,65;97,04
V05581;2023-02-25;Tienda física;T005;E0025;8019;C0070;2;3;56,8;56,8
V05582;2022-06-05;Online;ONLINE;ONLINE;50297;C0567;2;3;77,27;73,29
V05583;2022-11-20;Online;ONLINE;ONLINE;;SIN_REGISTRO;1;1;25,77;21,9
V05584;2022-08-27;Online;ONLINE;ONLINE;8019;C0764;1;2;42,26;40,15
V05585;2023-04-20;Online;ONLINE;ONLINE;29069;C0393;2;5;115,4;102,28
V05586;2023-10-24;Online;ONLINE;ONLINE;;SIN_REGISTRO;2;2;52,01;48,15
V05587;2023-09-30;Online;ONLINE;ONLINE;28079;C0377;6;12;202,42;198,7
V05588;2023-11-12;Online;ONLINE;ONLINE;28006;C0526;4;6;193,55;184,39
V05589;2023-03-18;Online;ONLINE;ONLINE;41091;C0699;2;2;36,77;36,13
V05590;2022-12-10;Online;ONLINE;ONLINE;48020;C0738;1;3;48;40,8
V05591;2023-10-01;Tienda física;T007;E0038;48044;C0772;4;6;126,12;114,13
V05592;2023-10-24;Online;ONLINE;ONLINE;28115;C0138;2;3;40,46;36,58
V05593;2022-04-10;Tienda física;T009;E0049;28074;C0580;2;5;88,4;88,4
V05594;2022-04-20;Tienda física;T011;E0057;46192;C0551;2;3;94,6;90,86
V05595;2022-02-14;Online;ONLINE;ONLINE;41091;C0139;1;1;13,09;13,09
V05596;2023-12-23;Tienda física;T001;E0003;48044;C0314;1;1;14,17;14,17
V05597;2023-10-20;Tienda física;T011;E0060;46250;C0546;1;1;15,04;15,04
V05598;2022-06-05;Tienda física;T006;E0032;29067;C0065;2;3;72,68;66,97
V05599;2022-03-20;Online;ONLINE;ONLINE;29069;C0266;1;1;22,15;22,15
V05600;2023-06-08;Tienda física;T005;E0025;41091;C0651;5;7;130,77;123,41
V05601;2023-12-30;Tienda física;T012;E0061;48044;C0280;2;2;37,99;37,99
V05602;2023-03-22;Tienda física;T012;E0062;48020;C0272;3;7;132,87;122,78
V05603;2023-07-03;Tienda física;T010;E0055;47186;C0574;1;4;53,08;50,43
V05604;2022-11-02;Tienda física;T010;E0051;28065;C0470;1;1;15,64;15,64
V05605;2023-08-20;Tienda física;T005;E0026;50297;C0222;4;6;128,79;126,34
V05606;2022-09-26;Online;ONLINE;ONLINE;28079;C0544;1;2;30,12;27,11
V05607;2023-02-03;Tienda física;T009;E0046;28115;C0138;3;5;70,43;68,96
V05608;2022-05-17;Online;ONLINE;ONLINE;46192;C0509;8;10;180,27;174,67
V05609;2022-02-13;Online;ONLINE;ONLINE;41059;C0621;10;10;202,34;197,18
V05610;2023-08-07;Online;ONLINE;ONLINE;28079;C0698;3;5;83,81;76,54
V05611;2023-03-29;Tienda física;T001;E0005;28074;C0457;2;2;52,83;48,14
V05612;2022-09-08;Tienda física;T005;E0029;48020;C0600;3;3;86,17;85,39
V05613;2023-02-02;Tienda física;T011;E0058;29069;C0235;3;5;109,93;101,97
V05614;2022-10-16;Tienda física;T011;E0059;8019;C0318;2;2;45,2;44,02
V05615;2022-05-02;Tienda física;T001;E0003;29067;C0691;2;2;69,04;67,77
V05616;2022-05-13;Tienda física;T008;E0043;41038;C0638;1;1;18,41;18,41
V05617;2023-11-06;Online;ONLINE;ONLINE;29067;C0093;2;2;41,22;41,22
V05618;2023-09-18;Tienda física;T001;E0006;28074;C0245;1;1;20,15;20,15
V05619;2022-05-29;Tienda física;T008;E0041;41038;C0061;1;1;21,91;21,91
V05620;2022-07-17;Online;ONLINE;ONLINE;28074;C0225;2;2;68,52;68,52
V05621;2022-11-09;Online;ONLINE;ONLINE;46250;C0445;1;2;45,34;38,54
V05622;2022-02-16;Tienda física;T010;E0052;47186;C0247;3;5;86,82;85,13
V05623;2023-09-19;Online;ONLINE;ONLINE;28115;C0510;3;3;93,32;93,32
V05624;2022-04-26;Online;ONLINE;ONLINE;29067;C0618;2;3;38,94;38,16
V05625;2023-06-08;Online;ONLINE;ONLINE;48020;C0401;1;2;25,04;22,54
V05626;2022-04-03;Tienda física;T003;E0017;46192;C0200;3;5;94,69;90,72
V05627;2022-06-07;Tienda física;T005;E0027;8019;C0099;2;2;32,04;30,93
V05628;2023-08-13;Tienda física;T001;E0003;50297;C0756;6;8;211,23;207,25
V05629;2023-10-30;Online;ONLINE;ONLINE;;SIN_REGISTRO;1;1;25,3;25,3
V05630;2022-04-24;Tienda física;T006;E0033;28065;C0372;1;2;43,44;36,92
V05631;2022-02-28;Tienda física;T002;E0013;28079;C0698;1;2;49,4;49,4
V05632;2023-03-09;Tienda física;T004;E0024;8019;C0298;2;2;77,49;76,57
V05633;2023-12-06;Online;ONLINE;ONLINE;48044;C0078;1;2;32,36;27,51
V05634;2023-12-25;Tienda física;T007;E0036;28065;C0084;1;2;53,54;53,54
V05635;2022-01-06;Tienda física;T002;E0011;41091;C0439;1;1;16,86;16,86
V05636;2022-06-15;Online;ONLINE;ONLINE;46192;C0508;1;2;54,46;49,01
V05637;2022-07-18;Online;ONLINE;ONLINE;48020;C0738;1;1;17,45;15,71
V05638;2022-07-13;Online;ONLINE;ONLINE;29067;C0338;4;5;96,39;95,11
V05639;2022-11-26;Online;ONLINE;ONLINE;;SIN_REGISTRO;4;6;103,19;101,51
V05640;2022-12-01;Tienda física;T009;E0049;48020;C0160;1;1;18,63;18,63
V05641;2022-09-08;Tienda física;T002;E0008;41059;C0770;4;7;246,02;237,93
V05642;2023-07-18;Online;ONLINE;ONLINE;50297;C0654;1;2;30,56;25,98
V05643;2022-12-30;Tienda física;T004;E0022;46192;C0715;3;4;50,13;46,71
V05644;2023-03-04;Online;ONLINE;ONLINE;50297;C0654;1;2;39,7;35,73
V05645;2023-11-07;Tienda física;T010;E0053;8015;C0287;5;6;149,06;140,48
V05646;2022-03-03;Tienda física;T009;E0046;48044;C0003;1;2;25,46;24,19
V05647;2023-07-01;Tienda física;T009;E0047;50297;C0080;4;5;115,24;111,09
V05648;2022-06-17;Tienda física;T010;E0055;28115;C0782;2;2;33,66;32,6
V05649;2022-09-07;Tienda física;T004;E0021;28006;C0113;1;1;30,03;30,03
V05650;2023-07-24;Tienda física;T012;E0064;8019;C0386;1;2;25,44;25,44
V05651;2023-11-21;Tienda física;T005;E0027;28115;C0791;1;1;24,62;24,62
V05652;2023-05-11;Online;ONLINE;ONLINE;28074;C0136;1;1;17,43;16,56
V05653;2023-06-02;Tienda física;T005;E0025;29069;C0266;2;5;135,12;135,12
V05654;2023-10-09;Tienda física;T011;E0058;48020;C0401;2;2;70,16;63,15
V05655;2022-07-01;Online;ONLINE;ONLINE;8019;C0236;9;14;192,64;184,64
V05656;2022-04-18;Tienda física;T007;E0036;46192;C0456;2;4;130,65;128,46
V05657;2023-07-20;Online;ONLINE;ONLINE;8019;C0386;10;15;384,74;379,19
V05658;2022-01-01;Online;ONLINE;ONLINE;28006;C0688;6;8;126,86;126,22
V05659;2022-06-08;Tienda física;T003;E0016;47186;C0071;4;4;70,08;67,23
V05660;2022-07-25;Tienda física;T005;E0028;8019;C0178;2;3;35,82;35,82
V05661;2022-04-12;Online;ONLINE;ONLINE;50297;C0777;1;2;18,6;15,81
V05662;2022-12-24;Online;ONLINE;ONLINE;41059;C0405;1;1;11,74;11,74
V05663;2023-09-07;Tienda física;T001;E0002;28079;SIN_REGISTRO;1;1;14,62;12,43
V05664;2023-06-26;Tienda física;T006;E0034;28079;C0443;1;1;13,82;13,13
V05665;2023-12-27;Online;ONLINE;ONLINE;46192;C0254;1;2;26;22,1
V05666;2023-02-20;Tienda física;T002;E0010;8019;C0282;2;2;39,8;38,24
V05667;2023-01-30;Tienda física;T003;E0014;28065;C0372;1;1;17,2;17,2
V05668;2023-03-09;Tienda física;T007;E0036;46250;SIN_REGISTRO;6;7;143,14;140,19
V05669;2023-08-19;Tienda física;T001;E0004;28079;SIN_REGISTRO;1;1;16,77;16,77
V05670;2023-10-13;Online;ONLINE;ONLINE;28115;C0720;2;5;95,68;88,07
V05671;2023-11-01;Online;ONLINE;ONLINE;48020;C0579;2;3;75,65;73
V05672;2022-03-18;Online;ONLINE;ONLINE;50297;C0747;3;8;125,92;114,56
V05673;2023-04-24;Tienda física;T005;E0025;46250;C0383;1;1;31,49;28,34
V05674;2023-02-24;Online;ONLINE;ONLINE;48044;C0792;4;5;121,58;117,88
V05675;2023-05-31;Online;ONLINE;ONLINE;48020;C0505;1;1;16,36;13,91
V05676;2022-12-27;Tienda física;T008;E0040;41038;C0518;4;7;156,33;151,76
V05677;2023-08-17;Tienda física;T005;E0025;28079;C0560;4;9;96,47;87,8
V05678;2023-07-09;Online;ONLINE;ONLINE;28079;C0184;5;5;132,25;125,88
V05679;2022-12-25;Online;ONLINE;ONLINE;8019;C0062;1;1;40,65;34,55
V05680;2022-07-02;Tienda física;T004;E0019;8015;C0397;5;7;122,04;113,09
V05681;2022-06-04;Tienda física;T008;E0045;28074;C0773;2;3;73,06;65,75
V05682;2023-01-21;Tienda física;T003;E0015;28065;C0480;1;1;21,67;21,67
V05683;2023-07-01;Tienda física;T003;E0017;28074;C0038;1;1;27,84;26,45
V05684;2023-09-19;Tienda física;T002;E0010;46250;C0547;3;3;68,31;64,73
V05685;2022-05-22;Tienda física;T005;E0029;46192;C0384;1;2;32,68;32,68
V05686;2022-07-29;Tienda física;T008;E0045;8019;C0164;2;2;70,93;70,93
V05687;2022-12-18;Online;ONLINE;ONLINE;28079;C0154;1;1;29,89;29,89
V05688;2023-09-09;Tienda física;T004;E0021;46192;C0238;1;2;64,82;64,82
V05689;2023-10-06;Online;ONLINE;ONLINE;28006;C0496;2;3;47,07;41,61
V05690;2023-04-01;Tienda física;T009;E0049;47186;C0095;3;3;55,41;53,37
V05691;2022-05-20;Tienda física;T012;E0063;8019;C0318;2;5;121,17;109,05
V05692;2023-04-01;Tienda física;T011;E0058;50297;C0567;7;10;302,77;291,04
V05693;2022-05-27;Online;ONLINE;ONLINE;28074;C0608;1;4;38,24;34,42
V05694;2023-03-10;Online;ONLINE;ONLINE;;SIN_REGISTRO;4;5;63,45;62,01
V05695;2022-03-06;Tienda física;T005;E0028;46250;C0176;2;2;28,35;26,18
V05696;2023-05-12;Tienda física;T005;E0025;8019;SIN_REGISTRO;1;2;53,44;53,44
V05697;2023-07-21;Online;ONLINE;ONLINE;41091;C0651;2;2;33,49;30,14
V05698;2022-11-11;Online;ONLINE;ONLINE;28079;C0008;3;3;42,42;39,31
V05699;2022-09-19;Tienda física;T010;E0053;28065;C0340;2;2;29,35;27,24
V05700;2023-12-04;Tienda física;T002;E0013;48044;C0412;4;7;185,64;176,21
V05701;2023-02-20;Online;ONLINE;ONLINE;28074;C0461;2;2;25,07;23,85
V05702;2023-06-06;Tienda física;T010;E0050;29069;SIN_REGISTRO;2;2;62,54;62,54
V05703;2022-04-26;Tienda física;T007;E0038;47186;C0308;4;8;198,65;194,1
V05704;2022-09-06;Online;ONLINE;ONLINE;28074;C0524;2;3;79,68;74,76
V05705;2023-06-16;Tienda física;T001;E0006;28079;SIN_REGISTRO;1;1;16,44;13,97
V05706;2022-07-31;Tienda física;T011;E0059;48044;C0763;1;1;22,11;21
V05707;2023-01-25;Tienda física;T002;E0007;29069;C0374;2;2;29,15;29,15
V05708;2022-09-29;Tienda física;T011;E0057;8019;C0062;1;1;17,66;17,66
V05709;2022-01-11;Tienda física;T011;E0060;41059;C0430;1;1;19,86;17,87
V05710;2023-11-10;Tienda física;T004;E0020;50297;C0594;2;4;65,76;58,02
V05711;2022-01-11;Tienda física;T011;E0060;41091;C0774;10;13;247,86;239,81
V05712;2022-05-02;Online;ONLINE;ONLINE;;SIN_REGISTRO;2;3;57,24;57,24
V05713;2023-02-13;Tienda física;T009;E0046;48044;C0190;2;3;98,87;93,17
V05714;2022-02-10;Online;ONLINE;ONLINE;48044;C0175;6;8;236,95;231,58
V05715;2022-10-24;Online;ONLINE;ONLINE;48020;C0054;3;7;156,26;143,79
V05716;2022-01-19;Tienda física;T011;E0058;29069;C0705;1;1;15,51;13,96
V05717;2022-10-05;Tienda física;T011;E0060;8015;C0316;2;2;29,24;26,31
V05718;2023-01-03;Online;ONLINE;ONLINE;28079;C0162;4;4;50,36;48,06
V05719;2022-08-15;Tienda física;T007;E0036;41038;C0250;1;1;12,48;12,48
V05720;2023-11-13;Tienda física;T008;E0040;28065;C0087;6;11;252,11;247,54
V05721;2023-05-10;Tienda física;T012;E0062;28079;C0442;1;1;17,33;17,33
V05722;2023-09-26;Tienda física;T008;E0043;29067;C0786;3;5;94,36;92,63
V05723;2022-09-26;Tienda física;T012;E0064;8019;C0766;3;5;87,37;82,66
V05724;2023-07-21;Tienda física;T001;E0002;28079;SIN_REGISTRO;3;3;83,79;82,6
V05725;2022-08-31;Tienda física;T005;E0026;41091;C0531;1;1;11,78;11,78
V05726;2023-04-03;Online;ONLINE;ONLINE;41059;C0694;2;2;43,44;42,34
V05727;2022-02-18;Tienda física;T012;E0065;41059;C0014;1;1;22,48;22,48
V05728;2022-02-17;Tienda física;T001;E0003;41091;C0651;2;2;57,46;50,81
V05729;2023-02-04;Tienda física;T011;E0057;28074;C0589;4;4;85,8;83,67
V05730;2022-04-15;Tienda física;T005;E0025;28065;C0480;2;2;36,46;33,37
V05731;2023-10-23;Tienda física;T006;E0032;50297;C0330;2;2;112,54;108,63
V05732;2023-01-02;Online;ONLINE;ONLINE;46192;C0200;1;1;19,57;18,59
V05733;2022-04-10;Tienda física;T005;E0026;8019;C0178;2;3;38,76;36,45
V05734;2023-08-02;Online;ONLINE;ONLINE;28115;C0224;1;1;20,21;20,21
V05735;2023-07-09;Online;ONLINE;ONLINE;28065;C0147;1;1;16,55;14,07
V05736;2023-03-19;Online;ONLINE;ONLINE;28074;C0663;2;2;37,24;35,94
V05737;2023-05-30;Tienda física;T011;E0056;28006;C0519;1;3;37,2;35,34
V05738;2023-11-01;Online;ONLINE;ONLINE;29067;C0585;4;6;116,33;109,53
V05739;2022-06-15;Tienda física;T007;E0035;48020;C0600;1;4;61,92;58,82
V05740;2022-02-01;Online;ONLINE;ONLINE;8019;C0584;1;1;15,99;15,99
V05741;2023-03-14;Tienda física;T005;E0026;28006;C0348;4;10;173,52;168,84
V05742;2022-02-18;Tienda física;T004;E0021;46192;C0509;2;2;21,86;21,86
V05743;2022-10-30;Tienda física;T004;E0020;8019;SIN_REGISTRO;1;2;38,1;38,1
V05744;2022-05-15;Tienda física;T008;E0045;8019;C0521;1;1;12,47;11,22
V05745;2023-02-07;Tienda física;T011;E0058;28006;C0455;2;2;41,76;38,63
V05746;2023-11-13;Online;ONLINE;ONLINE;8015;C0476;4;4;83,96;82,43
V05747;2023-07-27;Online;ONLINE;ONLINE;47186;C0710;2;2;58,02;56,51
V05748;2022-06-18;Tienda física;T012;E0065;28065;C0683;5;7;153,63;148,97
V05749;2023-01-22;Online;ONLINE;ONLINE;41038;C0237;1;2;29,28;29,28
V05750;2022-04-30;Tienda física;T007;E0039;8015;C0717;1;4;55,52;55,52
V05751;2023-09-18;Tienda física;T007;E0035;41038;C0466;1;3;37,26;33,53
V05752;2023-05-05;Tienda física;T006;E0032;41091;SIN_REGISTRO;1;2;30,24;30,24
V05753;2023-03-12;Online;ONLINE;ONLINE;50297;C0567;2;2;36,32;36,32
V05754;2022-07-05;Tienda física;T009;E0046;48044;SIN_REGISTRO;2;4;94,22;94,22
V05755;2022-12-06;Tienda física;T009;E0049;8019;C0796;1;4;74,12;74,12
V05756;2023-10-13;Tienda física;T003;E0014;28074;C0461;2;2;27,96;25,42
V05757;2023-03-27;Online;ONLINE;ONLINE;50297;C0437;1;1;17,27;17,27
V05758;2023-05-26;Tienda física;T005;E0025;41038;C0237;1;1;19,03;19,03
V05759;2023-02-03;Tienda física;T002;E0007;47186;C0149;6;7;135,83;134,16
V05760;2023-12-03;Online;ONLINE;ONLINE;46192;C0522;1;2;25,7;25,7
V05761;2023-09-04;Online;ONLINE;ONLINE;48044;C0552;3;3;65,36;65,36
V05762;2022-12-01;Online;ONLINE;ONLINE;;SIN_REGISTRO;3;4;126,75;124,16
V05763;2022-08-26;Tienda física;T002;E0013;48044;C0075;1;1;15,6;14,04
V05764;2022-11-17;Tienda física;T006;E0031;48020;C0451;1;1;19,85;19,85
V05765;2022-03-25;Tienda física;T007;E0035;46250;SIN_REGISTRO;3;4;78,35;76,9
V05766;2022-12-08;Online;ONLINE;ONLINE;29069;C0504;2;4;82,04;72,19
V05767;2022-08-12;Tienda física;T005;E0027;41091;C0193;2;2;56,43;56,43
V05768;2023-12-20;Tienda física;T010;E0053;28079;C0142;3;7;128,96;120,46
V05769;2022-01-04;Online;ONLINE;ONLINE;8019;C0041;1;1;9,17;7,79
V05770;2023-02-08;Tienda física;T011;E0060;50297;SIN_REGISTRO;1;2;51,92;51,92
V05771;2022-04-04;Tienda física;T006;E0031;8019;C0454;2;3;115,37;115,37
V05772;2022-08-31;Tienda física;T012;E0062;8019;C0318;3;5;85,61;77,68
V05773;2023-10-11;Online;ONLINE;ONLINE;8019;C0768;1;2;43,78;41,59
V05774;2022-06-10;Online;ONLINE;ONLINE;28079;C0142;1;1;18,82;17,88
V05775;2023-07-03;Online;ONLINE;ONLINE;28006;C0215;1;2;24,36;20,71
V05776;2023-09-25;Online;ONLINE;ONLINE;28006;C0422;3;4;73,88;72,2
V05777;2023-12-31;Online;ONLINE;ONLINE;29067;C0785;1;3;27,96;23,77
V05778;2023-07-22;Online;ONLINE;ONLINE;28074;C0570;2;3;100,33;100,33
V05779;2022-07-05;Online;ONLINE;ONLINE;;SIN_REGISTRO;3;5;127,32;125,06
V05780;2022-06-24;Tienda física;T011;E0056;41059;C0429;1;2;46,78;39,76
V05781;2022-05-24;Tienda física;T008;E0042;46250;C0447;4;6;146,77;143,8
V05782;2022-04-14;Tienda física;T002;E0007;46250;C0176;8;11;210,48;209,71
V05783;2023-05-30;Online;ONLINE;ONLINE;50297;C0567;2;3;53,76;53,17
V05784;2023-01-13;Online;ONLINE;ONLINE;8015;C0587;1;1;12,35;11,12
V05785;2023-04-05;Online;ONLINE;ONLINE;29069;C0265;7;12;261,36;257,62
V05786;2022-12-11;Online;ONLINE;ONLINE;29069;C0248;3;3;52,86;52,86
V05787;2023-01-07;Online;ONLINE;ONLINE;28079;C0005;5;7;125,22;122,14
V05788;2022-09-22;Online;ONLINE;ONLINE;8019;C0741;2;2;23;21,36
V05789;2022-11-11;Tienda física;T007;E0038;41091;C0259;1;1;14,18;14,18
V05790;2022-08-24;Online;ONLINE;ONLINE;;SIN_REGISTRO;6;9;208,78;205,35
V05791;2023-01-01;Online;ONLINE;ONLINE;8019;C0016;2;4;121,43;121,43
V05792;2023-03-25;Online;ONLINE;ONLINE;;SIN_REGISTRO;3;8;248,35;230,84
V05793;2022-04-25;Online;ONLINE;ONLINE;41059;C0610;2;3;59,59;56,61
V05794;2022-12-31;Tienda física;T003;E0017;28115;C0484;1;2;36,26;32,63
V05795;2023-12-21;Tienda física;T010;E0055;29069;SIN_REGISTRO;1;1;20,67;18,6
V05796;2022-07-24;Tienda física;T005;E0025;8015;C0036;3;3;59,73;55,18
V05797;2023-09-10;Tienda física;T004;E0018;8019;C0163;1;2;37,6;37,6
V05798;2022-12-08;Tienda física;T010;E0054;28079;C0560;1;3;85,35;85,35
V05799;2023-06-07;Tienda física;T009;E0046;29067;C0708;1;1;15,4;13,86
V05800;2022-08-16;Tienda física;T006;E0032;8015;C0446;2;2;28,32;27,86
V05801;2023-06-27;Online;ONLINE;ONLINE;50297;C0092;1;1;14,11;14,11
V05802;2022-03-27;Online;ONLINE;ONLINE;8019;C0778;1;1;14,44;14,44
V05803;2022-09-03;Tienda física;T012;E0062;41091;C0489;2;2;25,81;22,55
V05804;2023-03-14;Online;ONLINE;ONLINE;48020;C0343;2;3;68,5;68,5
V05805;2023-06-03;Online;ONLINE;ONLINE;8019;C0778;3;3;69,16;67,17
V05806;2023-07-25;Online;ONLINE;ONLINE;8019;C0274;2;2;29,2;27,56
V05807;2022-06-28;Online;ONLINE;ONLINE;48044;C0596;1;1;14,61;13,88
V05808;2022-07-21;Online;ONLINE;ONLINE;41038;C0285;4;4;84,91;83,69
V05809;2023-07-23;Tienda física;T009;E0048;28115;C0426;2;4;100,48;93,21
V05810;2022-11-20;Online;ONLINE;ONLINE;29069;C0209;1;1;19,97;16,97
V05811;2022-11-17;Tienda física;T012;E0063;29067;C0351;1;2;36,84;36,84
V05812;2023-04-01;Tienda física;T007;E0039;28079;C0002;2;2;46,07;40,73
V05813;2023-02-23;Tienda física;T007;E0035;41038;C0098;1;1;29,59;29,59
V05814;2022-12-02;Tienda física;T002;E0011;46250;C0291;1;2;26,26;22,32
V05815;2023-05-10;Tienda física;T011;E0060;48044;C0173;2;6;290,46;284,2
V05816;2022-04-14;Tienda física;T001;E0005;28006;C0519;4;6;179,47;175,47
V05817;2022-12-31;Online;ONLINE;ONLINE;;SIN_REGISTRO;3;3;104,41;95,33
V05818;2022-07-12;Online;ONLINE;ONLINE;8019;C0298;2;3;58,14;57,56
V05819;2023-01-26;Tienda física;T005;E0029;48044;C0552;2;2;21,24;20,18
V05820;2023-05-06;Tienda física;T005;E0025;41038;C0466;1;3;88,41;83,99
V05821;2022-06-16;Tienda física;T004;E0020;28074;C0245;2;2;64,27;59,2
V05822;2023-08-26;Tienda física;T005;E0027;47186;C0390;1;3;53,22;53,22
V05823;2022-08-18;Tienda física;T001;E0004;28115;C0427;4;7;136,37;135,29
V05824;2022-05-20;Online;ONLINE;ONLINE;50297;C0747;2;2;36,51;35,55
V05825;2023-01-21;Tienda física;T001;E0001;28079;C0443;4;6;93,3;85,56
V05826;2022-09-26;Online;ONLINE;ONLINE;28079;C0750;1;2;32,04;32,04
V05827;2023-09-17;Tienda física;T002;E0009;28079;C0649;1;1;23,93;21,54
V05828;2023-12-08;Tienda física;T012;E0061;28006;C0444;2;4;78,88;75,43
V05829;2022-02-19;Online;ONLINE;ONLINE;28115;C0449;3;4;85,95;77,36
V05830;2023-05-07;Online;ONLINE;ONLINE;28079;C0005;2;2;31,06;31,06
V05831;2023-06-29;Tienda física;T009;E0049;28079;C0354;2;5;131,8;131,8
V05832;2022-06-17;Online;ONLINE;ONLINE;50297;C0042;5;7;130,66;126,74
V05833;2023-07-08;Tienda física;T008;E0043;50297;C0402;2;3;42,45;38,94
V05834;2023-11-11;Tienda física;T012;E0064;28006;SIN_REGISTRO;4;5;133,24;127,53
V05835;2022-10-22;Online;ONLINE;ONLINE;28115;C0500;1;1;32,28;32,28
V05836;2023-02-04;Online;ONLINE;ONLINE;28079;C0118;1;1;21,79;21,79
V05837;2023-09-27;Tienda física;T004;E0020;41059;C0672;1;1;23,76;20,2
V05838;2023-08-20;Tienda física;T001;E0003;48020;C0738;1;1;13,57;13,57
V05839;2022-06-24;Tienda física;T012;E0065;8015;C0476;2;5;84,77;77,64
V05840;2023-05-18;Online;ONLINE;ONLINE;41059;C0799;1;2;50,52;50,52
V05841;2023-06-17;Tienda física;T001;E0003;46192;C0498;2;4;71,24;69,25
V05842;2023-08-30;Tienda física;T002;E0007;29067;C0591;1;2;50,68;50,68
V05843;2022-05-27;Tienda física;T006;E0031;41059;C0035;1;3;66,57;66,57
V05844;2023-08-21;Tienda física;T012;E0065;28074;C0728;1;2;48,56;46,13
V05845;2022-05-21;Tienda física;T003;E0016;41091;C0193;1;3;31,38;31,38
V05846;2023-10-17;Tienda física;T009;E0049;48044;C0258;3;5;86,56;83,55
V05847;2022-03-25;Tienda física;T011;E0058;46192;C0349;2;2;36,32;33,39
V05848;2022-12-03;Online;ONLINE;ONLINE;28115;C0499;2;5;88,89;82,36
V05849;2022-09-26;Online;ONLINE;ONLINE;28115;C0701;1;2;25,52;25,52
V05850;2022-09-30;Online;ONLINE;ONLINE;8019;C0771;3;5;77,83;76,18
V05851;2023-05-24;Tienda física;T002;E0009;8015;C0446;3;5;90,3;89,72
V05852;2023-06-20;Tienda física;T006;E0033;28079;C0008;4;4;64,21;59,92
V05853;2022-07-06;Tienda física;T004;E0024;50297;C0777;1;2;37,82;32,15
V05854;2023-10-16;Online;ONLINE;ONLINE;48020;C0616;1;1;18,86;18,86
V05855;2023-06-25;Tienda física;T009;E0046;48044;C0175;3;3;74,77;73,17
V05856;2023-03-21;Tienda física;T003;E0014;28079;SIN_REGISTRO;1;1;21,1;18,99
V05857;2022-03-25;Online;ONLINE;ONLINE;41038;C0250;1;3;56,58;50,92
V05858;2023-09-17;Tienda física;T010;E0053;28074;C0773;1;1;12,8;12,16
V05859;2022-10-09;Online;ONLINE;ONLINE;29067;C0028;2;5;67,3;67,3
V05860;2022-01-24;Tienda física;T005;E0029;8019;SIN_REGISTRO;3;4;96,71;85,82
V05861;2022-04-18;Online;ONLINE;ONLINE;28079;C0019;1;1;13,24;12,58
V05862;2023-08-14;Tienda física;T012;E0062;46250;C0207;2;2;28,22;27,51
V05863;2022-11-20;Tienda física;T002;E0012;47186;C0542;3;5;83,81;82,99
V05864;2023-03-10;Tienda física;T009;E0047;48044;C0075;2;5;128,99;118,26
V05865;2022-08-15;Online;ONLINE;ONLINE;41059;C0621;1;2;42,24;42,24
V05866;2023-10-06;Online;ONLINE;ONLINE;47186;C0308;1;1;16,67;14,17
V05867;2023-06-01;Tienda física;T006;E0033;41091;C0106;3;4;34,57;32,55
V05868;2023-04-21;Online;ONLINE;ONLINE;;SIN_REGISTRO;2;3;131,4;114,08
V05869;2023-11-16;Online;ONLINE;ONLINE;46250;C0447;1;1;12,47;12,47
V05870;2022-05-10;Tienda física;T004;E0023;28074;C0517;3;7;262,82;253,72
V05871;2022-01-21;Online;ONLINE;ONLINE;8019;C0790;2;2;34,02;30,28
V05872;2022-05-05;Tienda física;T008;E0041;28079;C0443;1;1;11,51;10,36
V05873;2023-08-22;Tienda física;T004;E0023;47186;C0388;1;2;35,16;35,16
V05874;2022-09-12;Online;ONLINE;ONLINE;48020;C0451;2;3;100,62;92,44
V05875;2023-08-11;Tienda física;T008;E0044;48044;C0314;5;8;220,19;211,73
V05876;2022-05-18;Online;ONLINE;ONLINE;8019;C0414;5;7;192,05;184,24
V05877;2022-12-24;Online;ONLINE;ONLINE;8019;C0571;3;4;73,94;71,11
V05878;2023-03-13;Online;ONLINE;ONLINE;46250;C0383;2;4;57,95;57,95
V05879;2023-12-08;Online;ONLINE;ONLINE;41059;C0643;2;2;25,52;23,57
V05880;2023-07-02;Tienda física;T003;E0016;8019;C0768;2;2;39,51;39,51
V05881;2022-02-13;Tienda física;T012;E0065;46192;C0551;5;7;185,82;182,62
V05882;2022-03-04;Tienda física;T008;E0040;29067;C0230;1;3;67,59;67,59
V05883;2022-08-06;Online;ONLINE;ONLINE;50297;C0306;3;3;54,37;49,64
V05884;2022-07-31;Tienda física;T012;E0062;8019;C0274;3;3;41,22;39,82
V05885;2022-12-18;Online;ONLINE;ONLINE;46250;C0471;7;10;184,01;176,66
V05886;2022-07-30;Tienda física;T006;E0034;48044;C0412;1;1;19,19;18,23
V05887;2022-05-24;Tienda física;T010;E0051;28115;C0307;2;2;29,18;28,33
V05888;2022-08-11;Online;ONLINE;ONLINE;28006;C0558;2;3;60,25;58,1
V05889;2023-06-06;Online;ONLINE;ONLINE;8019;C0192;1;2;62,32;52,97
V05890;2023-08-05;Tienda física;T011;E0056;28074;C0716;2;3;44,48;44,48
V05891;2022-12-28;Tienda física;T004;E0020;46192;C0520;1;3;68,34;68,34
V05892;2023-12-23;Online;ONLINE;ONLINE;28006;C0111;2;3;31,76;30,89
V05893;2023-07-12;Online;ONLINE;ONLINE;;SIN_REGISTRO;3;5;95,45;94,35
V05894;2022-04-03;Tienda física;T012;E0064;8019;C0556;2;2;46,89;44,92
V05895;2023-04-07;Online;ONLINE;ONLINE;41038;C0186;4;6;171,26;157,36
V05896;2022-03-30;Tienda física;T012;E0064;28006;SIN_REGISTRO;3;4;96,79;90,55
V05897;2023-01-31;Online;ONLINE;ONLINE;8015;C0446;3;3;65,17;62,84
V05898;2023-08-22;Online;ONLINE;ONLINE;28079;C0354;1;3;39,48;37,51
V05899;2023-01-01;Online;ONLINE;ONLINE;48020;C0436;2;3;51,79;51,21
V05900;2022-04-14;Online;ONLINE;ONLINE;50297;C0295;9;13;210,35;207,31
V05901;2022-09-10;Online;ONLINE;ONLINE;41038;C0061;1;3;53,94;51,24
V05902;2023-11-07;Online;ONLINE;ONLINE;46250;C0229;4;5;82,79;79,41
V05903;2023-04-28;Online;ONLINE;ONLINE;;SIN_REGISTRO;4;5;88,05;86,05
V05904;2023-04-13;Tienda física;T001;E0006;47186;C0398;2;2;33,69;33,69
V05905;2023-07-12;Tienda física;T012;E0065;47186;C0292;1;2;50,84;45,76
V05906;2023-10-28;Tienda física;T010;E0055;28115;C0047;2;4;130,71;124,18
V05907;2022-01-05;Tienda física;T011;E0059;48020;C0600;1;1;17,49;17,49
V05908;2022-10-30;Tienda física;T010;E0052;47186;C0244;1;1;27,55;27,55
V05909;2023-01-22;Online;ONLINE;ONLINE;8019;C0469;2;3;96,92;96,92
V05910;2022-03-12;Tienda física;T004;E0022;28079;C0116;6;8;158,07;147,2
V05911;2022-03-20;Tienda física;T005;E0025;29069;C0209;1;1;16,25;16,25
V05912;2023-10-01;Tienda física;T001;E0005;28065;C0470;1;1;22,66;19,26
V05913;2022-11-28;Online;ONLINE;ONLINE;29067;C0549;7;10;182,1;167,14
V05914;2022-12-09;Tienda física;T004;E0023;41038;C0660;2;2;68,87;66,54
V05915;2023-02-24;Tienda física;T001;E0004;46250;C0527;1;1;14,73;14,73
V05916;2023-01-18;Online;ONLINE;ONLINE;28079;C0056;1;1;17,58;17,58
V05917;2022-07-13;Tienda física;T012;E0062;8019;C0667;1;1;13,79;11,72
V05918;2022-05-19;Tienda física;T006;E0033;48020;C0652;1;1;20,57;19,54
V05919;2022-01-09;Tienda física;T011;E0057;28079;C0673;3;4;86,65;84,63
V05920;2023-05-14;Online;ONLINE;ONLINE;50297;C0776;4;5;188,74;174,74
V05921;2023-03-09;Tienda física;T009;E0049;28079;C0649;1;2;29,58;29,58
V05922;2022-09-27;Tienda física;T008;E0045;28115;C0345;1;2;36,5;31,02
V05923;2023-11-24;Tienda física;T011;E0057;28115;C0224;3;4;87,78;87,78
V05924;2022-04-29;Online;ONLINE;ONLINE;29067;C0786;2;2;39,89;36,75
V05925;2023-08-30;Online;ONLINE;ONLINE;28006;C0039;3;5;155,89;153,94
V05926;2022-01-23;Tienda física;T012;E0065;29067;C0283;1;1;29,84;26,86
V05927;2023-08-12;Online;ONLINE;ONLINE;28074;C0517;2;3;52,58;52,58
V05928;2023-05-23;Tienda física;T004;E0019;28074;C0716;1;2;25,48;24,21
V05929;2023-12-13;Online;ONLINE;ONLINE;41038;C0231;1;1;14,8;12,58
V05930;2023-08-07;Tienda física;T011;E0057;48020;C0201;3;7;102,51;98,7
V05931;2023-06-02;Tienda física;T006;E0033;28074;C0052;1;2;34,24;30,82
V05932;2023-09-21;Tienda física;T010;E0050;41091;C0531;2;2;43,87;41,13
V05933;2022-10-04;Online;ONLINE;ONLINE;;SIN_REGISTRO;3;3;111,36;111,36
V05934;2022-04-25;Online;ONLINE;ONLINE;8015;C0309;6;9;169,21;152,56
V05935;2022-12-03;Tienda física;T003;E0016;29069;C0239;1;2;29,12;26,21
V05936;2022-05-20;Online;ONLINE;ONLINE;48020;C0629;2;2;24,22;23,01
V05937;2023-04-10;Tienda física;T006;E0031;41091;SIN_REGISTRO;1;2;38,56;38,56
V05938;2022-01-22;Online;ONLINE;ONLINE;48044;C0798;2;2;48,36;43,54
V05939;2023-07-21;Tienda física;T011;E0059;48044;C0729;1;2;35,28;31,75
V05940;2022-04-19;Tienda física;T003;E0016;47186;C0656;2;3;69,27;66,55
V05941;2022-02-05;Tienda física;T012;E0065;48020;C0652;1;1;18,91;18,91
V05942;2022-08-02;Online;ONLINE;ONLINE;8019;C0714;1;1;31,04;27,94
V05943;2023-06-04;Tienda física;T002;E0007;41059;C0430;2;4;63,59;61,49
V05944;2023-07-16;Online;ONLINE;ONLINE;46192;C0758;2;2;37,2;36,24
V05945;2023-10-30;Tienda física;T008;E0041;48020;SIN_REGISTRO;1;3;57,21;48,63
V05946;2023-06-09;Tienda física;T010;E0053;41091;C0001;1;2;42,7;42,7
V05947;2022-08-08;Tienda física;T005;E0029;8019;C0386;1;1;17,26;16,4
V05948;2023-05-02;Tienda física;T002;E0011;29069;C0622;3;4;106,78;104,69
V05949;2022-09-15;Online;ONLINE;ONLINE;;SIN_REGISTRO;2;2;50,18;48,78
V05950;2022-01-09;Online;ONLINE;ONLINE;28074;C0663;1;1;13,91;12,52
V05951;2023-09-30;Tienda física;T005;E0025;50297;C0198;2;4;60,65;60,65
V05952;2022-07-17;Tienda física;T011;E0060;28079;C0597;1;1;14,9;13,41
V05953;2022-01-24;Online;ONLINE;ONLINE;28074;C0731;1;1;17,83;17,83
V05954;2023-02-10;Tienda física;T001;E0005;8019;C0212;2;3;108,73;108,73
V05955;2022-09-28;Online;ONLINE;ONLINE;48020;C0505;1;1;13,5;13,5
V05956;2022-09-26;Online;ONLINE;ONLINE;8019;C0766;1;1;9,93;9,93
V05957;2022-08-27;Tienda física;T007;E0036;28115;C0775;1;1;31,12;31,12
V05958;2023-10-31;Tienda física;T003;E0016;8019;C0784;2;3;52,99;52,99
V05959;2023-04-18;Online;ONLINE;ONLINE;28065;C0432;6;9;268,1;263,97
V05960;2022-10-02;Tienda física;T009;E0049;8019;C0355;3;4;78,22;78,22
V05961;2022-01-21;Online;ONLINE;ONLINE;47186;C0247;7;8;168,4;162,84
V05962;2023-12-08;Online;ONLINE;ONLINE;41059;C0228;6;7;183,71;173,69
V05963;2022-04-13;Online;ONLINE;ONLINE;41059;C0072;1;1;15,43;13,89
V05964;2022-06-13;Tienda física;T007;E0036;47186;C0390;1;1;18,07;18,07
V05965;2022-09-03;Tienda física;T002;E0013;50297;C0295;1;1;19,61;17,65
V05966;2022-03-02;Online;ONLINE;ONLINE;8019;C0400;2;3;40,3;37,94
V05967;2023-09-23;Tienda física;T012;E0062;29067;C0549;1;1;14,94;14,94
V05968;2023-10-12;Tienda física;T009;E0047;48044;C0311;1;1;12,84;12,84
V05969;2022-10-11;Online;ONLINE;ONLINE;28079;C0410;2;4;97,54;87,79
V05970;2022-01-29;Online;ONLINE;ONLINE;28065;C0166;1;1;11;9,9
V05971;2022-06-04;Online;ONLINE;ONLINE;28065;C0147;1;2;24,34;20,69
V05972;2022-09-19;Tienda física;T006;E0030;48044;C0205;1;2;48,96;44,06
V05973;2022-07-29;Tienda física;T003;E0016;50297;C0594;2;7;167,72;155,9
V05974;2023-01-18;Tienda física;T005;E0026;29067;C0769;1;2;31,32;31,32
V05975;2022-11-02;Tienda física;T003;E0016;46192;C0252;1;1;13,09;13,09
V05976;2022-10-24;Tienda física;T008;E0045;28079;C0019;2;3;45,45;45,45
V05977;2023-12-12;Online;ONLINE;ONLINE;28074;C0753;2;5;254,63;246,25
V05978;2022-06-26;Online;ONLINE;ONLINE;;SIN_REGISTRO;1;1;20,84;19,8
V05979;2022-04-21;Tienda física;T008;E0042;28074;C0140;3;4;65,85;64,69
V05980;2022-02-06;Tienda física;T007;E0037;29067;C0691;2;3;41,2;41,2
V05981;2023-01-27;Online;ONLINE;ONLINE;;SIN_REGISTRO;10;16;268,06;255,81
V05982;2022-04-12;Tienda física;T011;E0057;29067;C0549;5;7;124,23;118,21
V05983;2022-08-09;Tienda física;T009;E0049;48020;C0492;1;2;31,34;31,34
V05984;2022-01-13;Tienda física;T009;E0048;46250;C0229;3;3;87,11;87,11
V05985;2023-04-05;Tienda física;T006;E0033;8019;C0391;3;3;41,37;39,44
V05986;2022-02-27;Tienda física;T011;E0058;28074;C0731;1;1;11,91;11,91
V05987;2022-02-02;Tienda física;T008;E0045;28115;C0499;2;2;62,04;57,72
V05988;2022-08-31;Online;ONLINE;ONLINE;8015;C0309;1;2;19,42;18,45
V05989;2022-05-19;Tienda física;T004;E0022;41059;C0035;4;7;249,23;237,41
V05990;2022-07-21;Tienda física;T006;E0031;50297;C0306;2;3;70,9;70,09
V05991;2022-01-11;Tienda física;T001;E0004;41038;C0107;2;5;78,13;78,13
V05992;2023-05-03;Tienda física;T003;E0017;28065;C0416;1;1;29,03;26,13
V05993;2022-01-31;Online;ONLINE;ONLINE;50297;C0367;1;1;9,08;9,08
V05994;2023-05-22;Online;ONLINE;ONLINE;8019;C0274;6;10;227,47;220,65
V05995;2022-12-08;Tienda física;T003;E0016;28074;C0457;4;4;95,02;87,55
V05996;2022-01-27;Tienda física;T001;E0001;28074;C0664;1;2;40,96;38,91
V05997;2023-09-23;Tienda física;T002;E0011;28115;C0794;2;2;37,22;36,23
V05998;2022-07-14;Tienda física;T003;E0014;46192;C0384;1;2;25,06;25,06
V05999;2022-06-25;Online;ONLINE;ONLINE;;SIN_REGISTRO;2;4;80,26;80,26
V06000;2022-04-22;Tienda física;T005;E0026;8019;SIN_REGISTRO;4;7;177,01;175,27
V06001;2023-08-03;Online;ONLINE;ONLINE;41059;C0218;6;6;145,9;145,9
V06002;2022-03-19;Online;ONLINE;ONLINE;50297;C0042;2;2;35,39;32,65
V06003;2023-05-23;Online;ONLINE;ONLINE;48044;C0090;1;4;64,36;64,36
V06004;2022-05-03;Online;ONLINE;ONLINE;28079;C0709;2;2;37,51;35,88
V06005;2022-11-20;Tienda física;T008;E0040;50297;C0407;1;1;27,75;23,59
V06006;2023-02-22;Online;ONLINE;ONLINE;41038;C0448;4;5;88,57;88,06
V06007;2022-04-24;Online;ONLINE;ONLINE;46192;C0509;2;2;49,95;44,95
V06008;2023-07-15;Online;ONLINE;ONLINE;46192;C0252;1;1;29,39;29,39
V06009;2022-01-07;Tienda física;T005;E0028;28006;C0157;2;2;61,82;60,48
V06010;2022-11-10;Tienda física;T007;E0035;46192;C0195;5;8;167,13;167,13
V06011;2022-02-25;Tienda física;T002;E0009;8019;C0741;1;2;48,18;48,18
V06012;2022-11-05;Tienda física;T006;E0034;28065;C0372;5;6;124,4;120,25
V06013;2022-07-08;Tienda física;T010;E0052;46250;C0445;1;1;20,66;20,66
V06014;2022-04-06;Online;ONLINE;ONLINE;48044;C0004;2;3;59,37;52,13
V06015;2022-01-16;Tienda física;T011;E0060;29067;C0275;2;3;103,31;100,19
V06016;2022-07-05;Online;ONLINE;ONLINE;50297;C0141;1;1;17,9;17,9
V06017;2022-03-26;Tienda física;T009;E0048;41038;C0096;1;3;43,23;43,23
V06018;2023-08-21;Tienda física;T004;E0020;28006;C0779;2;2;39,41;39,41
V06019;2023-04-02;Tienda física;T008;E0042;41059;C0538;4;4;127,48;125,84
V06020;2023-01-20;Online;ONLINE;ONLINE;28074;C0570;1;1;11,55;10,4
V06021;2022-08-02;Tienda física;T006;E0033;28079;C0597;4;5;138,89;134,37
V06022;2023-03-07;Tienda física;T003;E0014;29067;C0458;1;1;18,47;15,7
V06023;2022-11-20;Tienda física;T012;E0063;28006;SIN_REGISTRO;4;5;129,6;123,99
V06024;2022-05-14;Tienda física;T008;E0040;48020;C0602;2;2;31,33;29,76
V06025;2022-03-22;Tienda física;T011;E0057;48020;C0615;3;5;119,71;115,89
V06026;2023-09-10;Tienda física;T007;E0035;47186;C0156;2;2;42,47;42,47
V06027;2023-11-25;Online;ONLINE;ONLINE;28074;C0140;2;2;33,76;33,12
V06028;2022-12-20;Tienda física;T003;E0015;41038;C0540;3;3;58,02;53,68
V06029;2023-08-22;Tienda física;T009;E0048;28115;C0427;5;5;165,6;158,47
V06030;2022-04-25;Tienda física;T011;E0058;29069;C0575;2;4;91,59;90,42
V06031;2022-05-15;Tienda física;T007;E0039;28115;C0788;1;1;24,6;24,6
V06032;2023-08-12;Online;ONLINE;ONLINE;48044;C0490;1;1;17,83;15,16
V06033;2022-11-24;Tienda física;T001;E0005;29069;C0622;3;6;114,46;104,96
V06034;2022-06-24;Tienda física;T011;E0058;28079;C0385;1;1;14,78;14,04
V06035;2023-12-21;Online;ONLINE;ONLINE;29069;C0182;2;4;65,22;63,35
V06036;2022-09-19;Tienda física;T010;E0054;8019;C0409;2;2;62,37;59,25
V06037;2023-06-11;Tienda física;T001;E0004;28079;SIN_REGISTRO;3;6;129,88;120,37
V06038;2022-05-10;Tienda física;T010;E0051;41059;C0643;3;4;54,85;54,3
V06039;2023-01-24;Online;ONLINE;ONLINE;41091;C0069;1;1;29,49;29,49
V06040;2023-05-28;Tienda física;T008;E0042;48020;SIN_REGISTRO;1;1;18,46;16,61
V06041;2022-11-16;Online;ONLINE;ONLINE;28079;C0145;1;2;62,54;59,41
V06042;2022-01-25;Tienda física;T010;E0052;29069;SIN_REGISTRO;1;1;12,93;11,64
V06043;2023-03-25;Online;ONLINE;ONLINE;;SIN_REGISTRO;1;1;23,19;19,71
V06044;2023-08-02;Online;ONLINE;ONLINE;41059;C0610;1;2;35,46;35,46
V06045;2023-05-18;Tienda física;T012;E0065;50297;C0654;1;1;13,01;13,01
V06046;2022-03-29;Online;ONLINE;ONLINE;41038;C0327;1;2;25,48;24,21
V06047;2022-02-14;Online;ONLINE;ONLINE;;SIN_REGISTRO;1;2;37,24;37,24
V06048;2023-08-08;Online;ONLINE;ONLINE;28065;C0480;2;2;25,68;23,54
V06049;2023-02-07;Tienda física;T008;E0045;28074;C0357;7;8;236,13;233,9
V06050;2022-07-22;Tienda física;T009;E0048;29069;C0459;1;1;17,16;17,16
V06051;2022-10-13;Online;ONLINE;ONLINE;50297;C0369;2;4;162,64;146,37
V06052;2023-06-07;Online;ONLINE;ONLINE;28079;C0067;5;8;240,11;238,88
V06053;2023-04-05;Tienda física;T002;E0009;48020;C0329;1;2;27,6;27,6
V06054;2022-05-01;Online;ONLINE;ONLINE;29069;C0374;1;1;20,72;20,72
V06055;2022-11-23;Online;ONLINE;ONLINE;;SIN_REGISTRO;2;4;55,89;55,89
V06056;2022-07-11;Online;ONLINE;ONLINE;47186;C0642;1;1;12,58;12,58
V06057;2022-06-22;Online;ONLINE;ONLINE;8015;C0725;1;1;13,29;13,29
V06058;2022-07-24;Tienda física;T008;E0044;46250;C0679;1;1;21,38;18,17
V06059;2023-12-04;Tienda física;T008;E0042;8019;C0155;2;3;82,83;72,19
V06060;2022-01-15;Tienda física;T003;E0017;28079;SIN_REGISTRO;1;3;56,01;56,01
V06061;2022-01-02;Online;ONLINE;ONLINE;28079;C0089;2;2;40,71;40,71
V06062;2022-01-03;Online;ONLINE;ONLINE;29067;C0034;1;1;19,8;19,8
V06063;2022-01-19;Online;ONLINE;ONLINE;41059;C0795;1;1;17,09;15,38
V06064;2022-09-12;Online;ONLINE;ONLINE;41059;C0368;9;11;190,45;178,76
V06065;2023-04-10;Tienda física;T001;E0006;29069;C0557;2;6;102,15;99,84
V06066;2023-09-19;Online;ONLINE;ONLINE;8019;C0771;2;3;69,79;65,08
V06067;2023-06-13;Tienda física;T011;E0057;28074;C0020;2;3;57,08;51,37
V06068;2022-05-05;Tienda física;T012;E0063;50297;C0030;1;1;18,78;18,78
V06069;2023-02-20;Tienda física;T012;E0065;8019;C0454;1;2;26,32;26,32
V06070;2023-08-17;Tienda física;T006;E0033;48020;C0652;1;2;37,2;37,2
V06071;2023-08-05;Tienda física;T010;E0052;28006;C0641;1;2;61,22;52,04
V06072;2022-08-29;Online;ONLINE;ONLINE;50297;C0222;2;2;44,92;44,14
V06073;2022-07-26;Tienda física;T012;E0063;50297;C0141;1;1;17,35;16,48
V06074;2023-09-25;Tienda física;T003;E0016;48020;C0738;1;3;42,36;42,36
V06075;2022-01-10;Tienda física;T005;E0025;41091;C0263;1;1;22,55;20,3
V06076;2022-11-04;Online;ONLINE;ONLINE;28065;C0413;3;3;46,96;45,66
V06077;2023-07-15;Tienda física;T007;E0037;41059;C0799;2;3;50,4;47,88
V06078;2022-09-22;Tienda física;T002;E0010;47186;C0762;5;5;80,52;77,37
V06079;2022-02-11;Tienda física;T009;E0047;48044;SIN_REGISTRO;2;3;83,26;83,26
V06080;2023-09-04;Online;ONLINE;ONLINE;50297;C0747;6;9;238,23;234,37
V06081;2023-12-02;Tienda física;T004;E0021;8019;C0667;2;2;92,79;85,97
V06082;2023-03-21;Tienda física;T006;E0030;28115;C0484;1;2;61,8;61,8
V06083;2022-09-08;Online;ONLINE;ONLINE;8019;C0764;2;5;133,44;129,77
V06084;2022-04-09;Tienda física;T006;E0033;41091;C0011;3;5;81,84;80,53
V06085;2022-11-22;Tienda física;T009;E0048;8019;C0696;1;2;73,44;73,44
V06086;2023-12-12;Tienda física;T011;E0060;41091;C0439;2;3;72,74;72,74
V06087;2023-05-29;Tienda física;T011;E0059;28065;C0683;1;1;14,67;14,67
V06088;2022-06-03;Tienda física;T006;E0031;41091;SIN_REGISTRO;4;6;130,83;130,15
V06089;2023-10-14;Tienda física;T011;E0059;28006;C0348;2;3;72,27;70,36
V06090;2022-03-12;Tienda física;T001;E0003;29067;C0034;2;2;45,27;45,27
V06091;2022-11-28;Tienda física;T004;E0020;41038;C0250;4;4;58,1;55,27
V06092;2023-02-27;Tienda física;T007;E0036;28074;C0625;2;3;81,21;80,25
V06093;2023-04-03;Online;ONLINE;ONLINE;8019;C0739;2;2;41,98;40,69
V06094;2023-08-12;Online;ONLINE;ONLINE;28079;C0304;1;2;26,3;23,67
V06095;2022-10-18;Online;ONLINE;ONLINE;41059;C0018;1;1;15,27;13,74
V06096;2023-02-19;Online;ONLINE;ONLINE;29069;C0420;2;2;38,48;38,03
V06097;2022-06-01;Tienda física;T010;E0053;28074;C0357;3;4;74,46;70,15
V06098;2022-04-08;Online;ONLINE;ONLINE;41091;C0489;2;3;50,57;47,32
V06099;2022-10-01;Online;ONLINE;ONLINE;46192;C0501;2;3;49,79;45,8
V06100;2022-05-23;Online;ONLINE;ONLINE;41091;C0467;1;2;24,62;20,93
V06101;2023-12-07;Tienda física;T009;E0046;29069;C0235;4;4;77,28;73,62
V06102;2022-05-22;Online;ONLINE;ONLINE;28079;C0535;3;5;94,36;86,93
V06103;2023-06-10;Tienda física;T001;E0005;50297;C0369;2;2;50,79;46,59
V06104;2022-01-02;Online;ONLINE;ONLINE;41091;C0692;7;9;333;326,69
V06105;2022-05-25;Online;ONLINE;ONLINE;28074;C0740;3;7;195,66;195,66
V06106;2023-05-28;Tienda física;T012;E0062;28006;SIN_REGISTRO;4;7;186,7;182,42
V06107;2022-09-26;Tienda física;T003;E0015;48020;C0191;2;3;49,72;44,38
V06108;2022-05-20;Tienda física;T003;E0017;29069;C0557;3;4;51,43;48,55
V06109;2023-01-03;Tienda física;T007;E0035;46250;C0115;3;4;109,41;104,88
V06110;2023-02-26;Online;ONLINE;ONLINE;;SIN_REGISTRO;4;6;132,46;132,46
V06111;2022-08-16;Tienda física;T008;E0044;28079;C0049;1;2;70,24;70,24
V06112;2022-01-18;Tienda física;T003;E0017;28079;SIN_REGISTRO;1;1;13,3;13,3
V06113;2022-03-31;Tienda física;T003;E0016;50297;C0681;3;4;58,33;58,33
V06114;2023-07-28;Tienda física;T009;E0046;48020;C0495;2;2;38,25;38,25
V06115;2022-04-20;Online;ONLINE;ONLINE;29069;C0504;1;2;23,28;20,95
V06116;2023-12-05;Tienda física;T005;E0029;8019;SIN_REGISTRO;1;1;20,26;19,25
V06117;2023-10-06;Online;ONLINE;ONLINE;47186;C0642;1;1;35,14;35,14
V06118;2022-12-21;Tienda física;T002;E0010;8019;C0784;2;2;42,08;39,59
V06119;2022-10-21;Tienda física;T007;E0039;46192;C0219;2;5;141,78;124,18
V06120;2022-04-28;Tienda física;T011;E0057;28065;C0084;4;5;76,99;75,57
V06121;2023-04-21;Tienda física;T004;E0020;28079;C0005;2;2;36,41;35,2
V06122;2022-08-13;Online;ONLINE;ONLINE;8019;C0454;1;1;28,46;28,46
V06123;2023-03-13;Online;ONLINE;ONLINE;41038;C0077;2;5;56,54;54,46
V06124;2022-02-25;Tienda física;T002;E0007;46250;C0527;4;7;172,44;170,82
V06125;2023-07-30;Online;ONLINE;ONLINE;41091;C0439;2;4;114,1;112,69
V06126;2023-04-15;Tienda física;T009;E0048;28074;C0524;1;2;30,98;30,98
V06127;2022-04-02;Tienda física;T009;E0049;41059;C0035;2;5;63,47;58,82
V06128;2022-07-25;Online;ONLINE;ONLINE;46192;C0195;1;1;10,19;10,19
V06129;2022-03-12;Tienda física;T003;E0015;41091;C0657;1;2;40,56;40,56
V06130;2022-05-09;Online;ONLINE;ONLINE;28115;C0047;5;8;148,32;146,4
V06131;2023-06-30;Online;ONLINE;ONLINE;28074;C0021;1;2;44,24;37,6
V06132;2022-01-12;Online;ONLINE;ONLINE;;SIN_REGISTRO;6;10;257,77;253,09
V06133;2023-03-22;Online;ONLINE;ONLINE;46250;C0735;1;2;27,78;27,78
V06134;2022-09-22;Online;ONLINE;ONLINE;46192;C0254;10;11;194,6;188,03
V06135;2022-02-17;Tienda física;T012;E0062;48044;C0226;4;5;86,23;85,16
V06136;2022-05-28;Online;ONLINE;ONLINE;46192;C0384;1;1;15,12;14,36
V06137;2022-08-13;Tienda física;T008;E0045;46192;C0619;1;2;35,66;30,31
V06138;2023-01-28;Online;ONLINE;ONLINE;;SIN_REGISTRO;1;1;30,59;30,59
V06139;2023-09-29;Tienda física;T002;E0010;29067;C0028;4;4;64,94;63,28
V06140;2022-08-31;Tienda física;T011;E0057;28079;C0056;2;5;106,4;106,4
V06141;2023-05-27;Tienda física;T006;E0030;8019;C0584;1;4;81,12;68,95
V06142;2022-11-13;Online;ONLINE;ONLINE;46250;C0679;5;8;157,22;152,03
V06143;2022-09-23;Online;ONLINE;ONLINE;41091;C0692;2;2;41,04;41,04
V06144;2023-07-26;Tienda física;T007;E0039;8019;C0041;1;2;43,72;41,53
V06145;2023-05-18;Tienda física;T004;E0018;48044;C0792;2;2;47,04;46,11
V06146;2022-06-17;Tienda física;T012;E0064;47186;C0095;6;9;136,99;134,23
V06147;2023-11-27;Online;ONLINE;ONLINE;8019;C0236;1;1;44,02;44,02
V06148;2023-11-16;Online;ONLINE;ONLINE;28115;C0703;1;1;26,11;26,11
V06149;2023-04-09;Tienda física;T007;E0035;48020;C0436;5;6;95,51;90,84
V06150;2023-03-05;Online;ONLINE;ONLINE;28006;C0157;3;5;125,65;110,65
V06151;2022-12-26;Online;ONLINE;ONLINE;;SIN_REGISTRO;1;1;16,23;13,8
V06152;2022-06-06;Tienda física;T010;E0050;41059;C0018;1;1;14,48;14,48
V06153;2022-03-20;Tienda física;T007;E0035;46250;SIN_REGISTRO;2;3;74,97;70,28
V06154;2023-02-23;Online;ONLINE;ONLINE;50297;C0566;2;2;46,18;44,84
V06155;2023-06-07;Online;ONLINE;ONLINE;48044;C0058;3;3;55,2;54,47
V06156;2023-04-30;Online;ONLINE;ONLINE;28065;C0253;2;3;55,14;52,39
V06157;2023-11-10;Online;ONLINE;ONLINE;48044;C0158;5;8;103,85;99,84
V06158;2023-10-17;Online;ONLINE;ONLINE;48020;C0333;2;4;79,4;79,4
V06159;2022-01-16;Tienda física;T004;E0024;8019;SIN_REGISTRO;1;1;52,93;52,93
V06160;2022-04-22;Online;ONLINE;ONLINE;41038;C0061;2;3;37,2;34,66
V06161;2023-05-28;Tienda física;T009;E0048;8019;C0296;1;3;61,29;55,16
V06162;2022-11-05;Online;ONLINE;ONLINE;41091;C0259;2;3;60,21;60,21
V06163;2022-08-29;Tienda física;T011;E0059;28115;C0406;1;2;48,12;48,12
V06164;2022-08-03;Tienda física;T001;E0005;48020;C0365;3;6;139,01;136,88
V06165;2022-11-11;Tienda física;T007;E0039;8019;C0739;2;3;56,33;53,55
V06166;2023-01-23;Online;ONLINE;ONLINE;46192;C0456;1;2;32,44;29,2
V06167;2022-04-24;Tienda física;T012;E0064;48044;C0090;2;3;112,21;112,21
V06168;2022-12-11;Online;ONLINE;ONLINE;48020;C0759;1;1;22,44;19,07
V06169;2022-09-16;Online;ONLINE;ONLINE;47186;C0642;1;2;18,74;16,87
V06170;2022-06-17;Online;ONLINE;ONLINE;8015;C0397;3;3;66,87;63,96
V06171;2023-08-12;Tienda física;T003;E0017;41038;C0055;2;3;88,38;81,44
V06172;2023-02-14;Online;ONLINE;ONLINE;28006;C0497;1;1;11,23;9,55
V06173;2022-10-17;Tienda física;T009;E0048;48020;C0616;2;2;51,71;44,88
V06174;2022-05-07;Online;ONLINE;ONLINE;28006;C0752;2;3;51,04;49,26
V06175;2022-07-20;Tienda física;T004;E0021;46250;C0165;2;2;47,12;44,35
V06176;2023-06-28;Tienda física;T007;E0036;8019;C0268;2;3;64,12;60,45
V06177;2022-09-13;Online;ONLINE;ONLINE;41038;C0749;2;2;43,41;43,41
V06178;2022-08-28;Tienda física;T001;E0006;8019;C0268;1;2;30,28;30,28
V06179;2022-12-12;Online;ONLINE;ONLINE;28074;C0789;2;3;55,45;53,22
V06180;2023-05-28;Tienda física;T004;E0021;48020;C0068;3;6;116,51;110,5
V06181;2022-03-08;Online;ONLINE;ONLINE;8019;C0212;7;7;139,15;131,42
V06182;2023-08-24;Online;ONLINE;ONLINE;48020;C0353;4;5;147,95;143,36
V06183;2023-02-19;Tienda física;T002;E0011;28079;C0002;4;8;217,11;200,7
V06184;2022-01-19;Tienda física;T003;E0017;28079;SIN_REGISTRO;3;6;86,79;83,35
V06185;2022-04-14;Tienda física;T012;E0061;48044;C0078;2;2;72,84;71,3
V06186;2022-04-04;Tienda física;T009;E0049;41059;C0339;3;7;121,63;118,89
V06187;2022-11-15;Tienda física;T009;E0046;50297;C0006;1;4;65,04;65,04
V06188;2022-03-26;Online;ONLINE;ONLINE;28065;C0147;1;1;10,8;9,18
V06189;2022-09-11;Tienda física;T011;E0056;28115;C0310;1;1;32,11;32,11
V06190;2023-12-27;Online;ONLINE;ONLINE;;SIN_REGISTRO;3;3;138,68;128,62
V06191;2022-11-15;Online;ONLINE;ONLINE;46250;C0679;1;1;15,7;14,13
V06192;2022-01-05;Tienda física;T009;E0049;46192;C0238;1;1;20,39;20,39
V06193;2022-05-26;Tienda física;T004;E0023;8019;SIN_REGISTRO;2;3;44,65;44,65
V06194;2022-02-24;Online;ONLINE;ONLINE;46250;C0081;5;7;119,45;116,25
V06195;2022-06-17;Online;ONLINE;ONLINE;28079;C0008;1;2;69,02;69,02
V06196;2022-04-18;Tienda física;T008;E0042;28074;C0038;2;5;64,87;59,03
V06197;2023-07-18;Tienda física;T004;E0023;41059;C0114;1;1;24,91;22,42
V06198;2022-03-24;Online;ONLINE;ONLINE;41091;C0022;2;3;75,39;75,39
V06199;2022-02-03;Tienda física;T012;E0065;48020;C0131;7;9;255,04;242,17
V06200;2022-11-01;Online;ONLINE;ONLINE;28006;C0532;1;2;25,88;24,59
V06201;2022-09-04;Online;ONLINE;ONLINE;50297;C0198;1;3;52,89;52,89
V06202;2022-04-12;Online;ONLINE;ONLINE;50297;C0566;1;2;20,32;18,29
V06203;2023-10-30;Tienda física;T010;E0054;28079;C0797;3;3;87,69;86,62
V06204;2022-02-16;Online;ONLINE;ONLINE;48044;C0226;9;13;372,17;361,56
V06205;2023-10-08;Tienda física;T002;E0010;28079;C0375;3;5;75,84;73,61
V06206;2022-12-30;Online;ONLINE;ONLINE;41091;C0264;3;3;89,8;80,18
V06207;2023-06-04;Online;ONLINE;ONLINE;50297;C0214;2;3;48,49;48,49
V06208;2023-08-19;Tienda física;T011;E0060;28006;C0422;1;1;26,29;22,35
V06209;2023-10-14;Tienda física;T002;E0010;41091;C0506;2;4;43,6;41,42
V06210;2023-01-09;Online;ONLINE;ONLINE;46250;C0081;1;1;16,6;16,6
V06211;2022-03-20;Online;ONLINE;ONLINE;48044;C0190;3;3;55,6;55,03
V06212;2022-12-15;Online;ONLINE;ONLINE;8019;C0296;2;3;51,47;51,47
V06213;2023-06-27;Online;ONLINE;ONLINE;8019;C0323;2;2;56,59;56,59
V06214;2022-01-24;Tienda física;T012;E0062;28074;C0350;4;10;164,52;159,69
V06215;2023-07-26;Tienda física;T005;E0028;47186;C0149;1;1;12,2;10,98
V06216;2023-06-20;Tienda física;T011;E0056;47186;C0555;2;3;50,04;44,3
V06217;2023-04-28;Online;ONLINE;ONLINE;28079;C0453;2;2;34,23;34,23
V06218;2023-09-06;Online;ONLINE;ONLINE;48044;C0064;6;7;186,72;184,46
V06219;2023-04-25;Online;ONLINE;ONLINE;47186;C0687;1;2;45,04;45,04
V06220;2022-04-19;Tienda física;T005;E0028;28079;C0116;2;2;39,22;36,31
V06221;2023-07-20;Online;ONLINE;ONLINE;46192;C0088;2;3;60,29;55,22
V06222;2023-09-23;Tienda física;T007;E0037;29069;C0553;4;5;100,16;97,36
V06223;2022-05-13;Tienda física;T004;E0018;8019;C0646;2;2;39,38;37,03
V06224;2022-09-15;Tienda física;T002;E0008;50297;C0681;1;3;47,55;45,17
V06225;2022-05-04;Online;ONLINE;ONLINE;28006;C0387;3;4;79,56;74,8
V06226;2023-05-12;Tienda física;T007;E0035;28079;C0170;1;2;22,46;22,46
V06227;2022-02-11;Online;ONLINE;ONLINE;50297;C0120;1;2;27,2;25,84
V06228;2023-07-28;Tienda física;T003;E0016;28079;SIN_REGISTRO;1;1;18,66;18,66
V06229;2022-07-06;Online;ONLINE;ONLINE;48020;C0629;3;3;78,6;74,28
V06230;2023-11-21;Tienda física;T002;E0009;48020;C0738;1;1;14,01;11,91
V06231;2022-12-27;Tienda física;T006;E0031;29069;C0273;2;3;54,95;53,83
V06232;2022-01-16;Online;ONLINE;ONLINE;;SIN_REGISTRO;3;4;67,67;67,67
V06233;2023-11-17;Tienda física;T002;E0008;41091;C0467;1;2;19,26;19,26
V06234;2022-05-19;Tienda física;T005;E0028;8019;C0727;2;3;54,94;53,24
V06235;2022-07-10;Online;ONLINE;ONLINE;28074;C0517;3;6;90,5;90,5
V06236;2023-02-05;Tienda física;T005;E0026;47186;C0398;1;1;15,33;13,8
V06237;2023-01-29;Tienda física;T012;E0065;29069;C0613;1;2;28,98;26,08
V06238;2023-07-19;Tienda física;T006;E0034;47186;C0206;1;1;14,61;14,61
V06239;2022-09-23;Tienda física;T012;E0065;28079;C0563;1;2;32,52;30,89
V06240;2022-01-21;Tienda física;T009;E0046;48020;C0704;1;1;19,99;18,99
V06241;2023-11-30;Tienda física;T007;E0038;28115;C0782;6;10;218,52;210,44
V06242;2022-03-09;Online;ONLINE;ONLINE;47186;C0743;1;1;14,39;13,67
V06243;2022-09-09;Tienda física;T007;E0037;41091;C0153;2;2;43,89;41,86
V06244;2023-12-15;Tienda física;T002;E0013;28115;SIN_REGISTRO;1;1;34,61;29,42
V06245;2022-04-02;Tienda física;T008;E0045;28079;C0104;2;3;43,26;43,26
V06246;2022-04-29;Tienda física;T011;E0056;46250;C0207;4;7;291,98;291,28
V06247;2022-05-29;Online;ONLINE;ONLINE;28079;C0082;1;2;44,84;42,6
V06248;2022-01-05;Online;ONLINE;ONLINE;28006;C0752;1;2;47,98;45,58
V06249;2022-08-11;Tienda física;T011;E0060;28006;C0348;2;2;55,78;55,78
V06250;2022-02-17;Tienda física;T003;E0015;50297;C0369;3;6;106,87;103,52
V06251;2022-06-10;Tienda física;T012;E0062;8019;C0174;3;4;114,12;114,12
V06252;2023-12-21;Online;ONLINE;ONLINE;28074;C0731;1;3;60,27;51,23
V06253;2023-09-27;Tienda física;T010;E0054;8019;C0174;4;7;231,74;223,83
V06254;2023-08-15;Tienda física;T011;E0058;28079;C0410;1;4;70,92;70,92
V06255;2023-07-09;Tienda física;T005;E0027;28115;C0406;4;6;121,93;118,05
V06256;2022-08-14;Tienda física;T005;E0026;46250;C0207;1;1;18,23;18,23
V06257;2022-11-05;Tienda física;T002;E0013;48020;C0333;2;3;84,99;80,43
V06258;2023-09-08;Tienda física;T006;E0032;41038;C0285;3;3;95,25;95,25
V06259;2022-11-20;Tienda física;T012;E0062;8015;C0476;1;1;20,87;20,87
V06260;2022-05-31;Tienda física;T003;E0016;29069;C0209;1;3;58,05;58,05
V06261;2022-03-14;Tienda física;T011;E0057;50297;SIN_REGISTRO;1;1;11,69;11,11
V06262;2023-01-09;Tienda física;T005;E0025;28079;C0019;1;1;12,62;10,73
V06263;2023-12-17;Online;ONLINE;ONLINE;28115;C0138;4;5;120,09;118,83
V06264;2024-01-01;Online;ONLINE;ONLINE;46250;C0732;2;4;49,04;49,04
V06265;2023-11-15;Tienda física;T002;E0008;47186;C0743;1;1;31,03;27,93
V06266;2022-08-27;Tienda física;T005;E0029;46250;C0546;1;1;20,17;20,17
V06267;2022-04-06;Online;ONLINE;ONLINE;28065;C0179;2;5;81,48;81,48
V06268;2022-01-18;Online;ONLINE;ONLINE;28074;C0100;2;3;38,11;38,11
V06269;2023-05-26;Tienda física;T011;E0060;50297;C0369;1;1;13,38;12,71
V06270;2022-06-09;Tienda física;T002;E0011;41038;C0250;3;4;55,26;52,57
V06271;2022-05-06;Online;ONLINE;ONLINE;8015;C0284;3;6;75,36;75,36
V06272;2022-09-10;Online;ONLINE;ONLINE;28006;C0628;1;1;23,83;21,45
V06273;2022-11-25;Tienda física;T010;E0052;48044;C0297;3;5;94,54;88,86
V06274;2022-05-21;Tienda física;T004;E0021;50297;C0367;2;4;81,29;75,19
V06275;2023-04-05;Tienda física;T004;E0024;50297;C0402;1;1;12,35;11,73
V06276;2022-04-11;Online;ONLINE;ONLINE;28079;C0563;1;2;60,74;60,74
V06277;2023-08-30;Tienda física;T003;E0016;28074;C0020;1;1;11,24;11,24
V06278;2023-06-03;Online;ONLINE;ONLINE;8019;C0386;1;1;22,83;22,83
V06279;2023-01-06;Tienda física;T010;E0052;28006;C0628;2;2;52,47;52,47
V06280;2023-01-21;Tienda física;T010;E0050;29069;C0266;4;5;83,53;79,45
V06281;2023-11-19;Tienda física;T004;E0022;28065;C0166;2;3;53,51;51,31
V06282;2022-06-14;Tienda física;T004;E0018;41038;C0525;1;1;25,71;25,71
V06283;2022-01-20;Online;ONLINE;ONLINE;41059;C0346;2;4;63,08;63,08
V06284;2022-10-27;Tienda física;T007;E0039;46250;C0119;2;3;76,94;73,09
V06285;2022-10-14;Online;ONLINE;ONLINE;41059;C0405;2;5;108,84;104,84
V06286;2023-04-25;Tienda física;T012;E0062;41059;C0405;1;1;26,55;26,55
V06287;2023-01-02;Online;ONLINE;ONLINE;29067;C0403;2;3;64,29;64,29
V06288;2022-04-15;Tienda física;T011;E0059;41038;C0660;1;1;13,99;13,99
V06289;2022-07-28;Tienda física;T010;E0053;8019;C0189;2;3;56,91;54,04
V06290;2022-05-06;Online;ONLINE;ONLINE;;SIN_REGISTRO;4;6;160,18;157,95
V06291;2022-09-27;Online;ONLINE;ONLINE;28074;C0580;3;6;101,22;90,54
V06292;2023-06-29;Tienda física;T003;E0014;8019;C0109;1;1;33,95;28,86
V06293;2023-05-08;Tienda física;T007;E0035;48044;C0303;5;10;147,62;141,45
V06294;2022-08-10;Tienda física;T008;E0041;28006;C0111;5;5;154,37;151,26
V06295;2022-11-22;Tienda física;T010;E0055;29069;SIN_REGISTRO;3;4;78,24;76,88
V06296;2023-06-27;Online;ONLINE;ONLINE;;SIN_REGISTRO;3;6;242,65;242,65
V06297;2023-03-29;Online;ONLINE;ONLINE;8019;C0363;2;3;57,84;57,84
V06298;2022-11-05;Online;ONLINE;ONLINE;50297;C0567;1;1;24,96;22,46
V06299;2023-12-24;Online;ONLINE;ONLINE;28115;C0300;2;5;234,41;225,41
V06300;2023-01-28;Tienda física;T005;E0029;41038;C0098;1;2;18;18
V06301;2023-07-31;Online;ONLINE;ONLINE;48020;C0343;5;8;263,23;244,8
V06302;2022-09-23;Tienda física;T001;E0005;29069;C0533;1;1;40,77;38,73
V06303;2022-06-01;Tienda física;T004;E0019;28074;C0187;1;1;19,83;18,84
V06304;2023-07-23;Tienda física;T006;E0034;41091;SIN_REGISTRO;2;3;57,34;53,76
V06305;2022-02-16;Tienda física;T005;E0026;8019;SIN_REGISTRO;2;2;42,14;40,03
V06306;2023-03-15;Tienda física;T007;E0036;46250;C0165;5;10;300,5;289,38
V06307;2022-01-11;Tienda física;T010;E0053;8019;C0475;2;3;49,07;45,51
V06308;2023-12-01;Tienda física;T003;E0016;8019;C0475;1;1;15,49;15,49
V06309;2023-05-05;Online;ONLINE;ONLINE;8019;C0016;2;4;121,66;116,84
V06310;2022-12-13;Online;ONLINE;ONLINE;8019;C0719;1;1;16,28;16,28
V06311;2023-05-03;Tienda física;T010;E0050;48044;C0729;2;3;38,25;37,44
V06312;2023-01-02;Tienda física;T012;E0065;28006;C0181;4;5;108,24;102,86
V06313;2022-08-12;Tienda física;T012;E0063;28079;C0690;1;1;14,33;12,9
V06314;2023-06-01;Tienda física;T004;E0020;28115;C0537;10;14;327,74;314,26
V06315;2023-02-21;Tienda física;T006;E0032;28115;C0537;1;1;16,82;14,3
V06316;2022-09-27;Tienda física;T005;E0027;28074;C0740;2;4;119,56;111,68
V06317;2023-08-29;Tienda física;T001;E0002;8015;C0279;3;4;128,68;126,58
V06318;2022-06-30;Tienda física;T011;E0059;41059;C0751;2;2;71,46;71,46
V06319;2023-01-15;Tienda física;T005;E0028;41038;C0700;1;1;24,71;24,71
V06320;2022-01-07;Online;ONLINE;ONLINE;28115;C0703;3;5;84,1;84,1
V06321;2023-12-05;Tienda física;T002;E0013;8019;C0180;1;1;28,11;25,3
V06322;2023-05-01;Online;ONLINE;ONLINE;28079;C0170;1;1;25,42;25,42
V06323;2022-03-27;Online;ONLINE;ONLINE;;SIN_REGISTRO;1;1;16,26;16,26
V06324;2023-03-16;Tienda física;T006;E0031;41091;SIN_REGISTRO;1;4;104,32;104,32
V06325;2022-11-18;Tienda física;T005;E0027;41091;C0317;2;3;61,83;61,83
V06326;2023-02-26;Online;ONLINE;ONLINE;28079;C0257;1;1;15,83;15,04
V06327;2023-05-01;Tienda física;T009;E0047;41091;C0027;1;2;39,74;35,77
V06328;2023-05-27;Tienda física;T006;E0031;46192;C0522;8;11;383,1;353,41
V06329;2022-12-19;Tienda física;T009;E0046;28006;C0366;3;3;36,43;35,98
V06330;2023-03-23;Online;ONLINE;ONLINE;41059;C0795;2;2;33,53;33,53
V06331;2022-09-05;Tienda física;T007;E0037;46250;SIN_REGISTRO;2;3;69,35;62,42
V06332;2022-05-31;Tienda física;T002;E0012;48020;C0436;7;8;249,27;247,92
V06333;2022-08-04;Online;ONLINE;ONLINE;28079;C0742;5;9;178,53;174,4
V06334;2023-04-12;Tienda física;T009;E0048;41059;C0108;4;8;165,17;151,05
V06335;2022-07-04;Tienda física;T009;E0046;48020;C0759;2;3;53,43;50,55
V06336;2022-06-29;Tienda física;T004;E0022;41038;C0761;1;1;14,11;11,99
V06337;2023-05-09;Tienda física;T009;E0048;48044;SIN_REGISTRO;6;7;176,65;171,57
V06338;2022-03-18;Tienda física;T004;E0024;48020;C0616;2;5;100,89;96,71
V06339;2023-10-29;Online;ONLINE;ONLINE;29067;C0034;4;5;91,8;87,75
V06340;2023-09-14;Online;ONLINE;ONLINE;41059;C0610;2;5;235,82;214,96
V06341;2022-04-20;Online;ONLINE;ONLINE;48044;C0765;1;1;44,19;41,98
V06342;2022-02-28;Tienda física;T008;E0044;41091;C0506;3;4;56,04;56,04
V06343;2023-09-24;Online;ONLINE;ONLINE;47186;C0095;6;9;304,11;296,74
V06344;2022-04-27;Tienda física;T009;E0047;28074;C0187;3;7;176,55;176,55
V06345;2023-07-20;Online;ONLINE;ONLINE;46192;C0465;4;7;144,86;140,45
V06346;2022-02-03;Online;ONLINE;ONLINE;8019;C0099;4;7;196,07;194,05
V06347;2022-04-17;Tienda física;T009;E0049;29069;C0374;2;2;22,52;21,4
V06348;2022-08-01;Tienda física;T001;E0006;28006;C0113;2;5;61,99;57,14
V06349;2022-07-11;Tienda física;T002;E0010;50297;C0334;1;2;36,18;36,18
V06350;2023-02-28;Tienda física;T003;E0016;41091;C0489;7;10;211,61;203,22
V06351;2022-04-08;Tienda física;T005;E0027;28079;C0385;2;2;58,35;56,43
V06352;2023-11-26;Tienda física;T012;E0063;29067;C0458;2;3;59,43;58,11
V06353;2023-05-23;Online;ONLINE;ONLINE;41091;C0153;1;3;58,56;58,56
V06354;2023-03-09;Tienda física;T003;E0015;28115;C0426;3;3;57,26;54,71
V06355;2022-03-15;Tienda física;T009;E0048;46192;C0551;1;1;15,12;14,36
V06356;2022-01-20;Tienda física;T007;E0035;46250;SIN_REGISTRO;1;1;22,85;22,85
V06357;2023-02-14;Tienda física;T010;E0055;29067;C0618;3;5;61,71;61,26
V06358;2022-02-10;Tienda física;T004;E0022;28079;C0154;7;10;250,69;249,09
V06359;2022-02-03;Tienda física;T008;E0041;46192;C0195;1;4;69,84;69,84
V06360;2022-08-02;Tienda física;T009;E0049;28006;C0113;5;6;136,38;133,17
V06361;2023-04-15;Tienda física;T003;E0017;28115;C0305;1;1;17,43;17,43
V06362;2022-10-14;Tienda física;T011;E0059;41038;C0301;3;5;126,67;120,33
V06363;2022-04-26;Online;ONLINE;ONLINE;28115;C0326;2;4;62,52;58,04
V06364;2023-07-31;Tienda física;T009;E0049;48044;SIN_REGISTRO;2;3;79,35;79,35
V06365;2023-03-20;Tienda física;T010;E0051;48044;C0075;3;3;71,92;68,15
V06366;2023-07-07;Tienda física;T001;E0006;8019;C0571;3;4;83,75;83,75
V06367;2023-02-12;Tienda física;T008;E0043;8019;C0778;5;7;222,1;219,5
V06368;2022-03-04;Online;ONLINE;ONLINE;8019;C0582;2;2;46,16;46,16
V06369;2023-09-23;Online;ONLINE;ONLINE;41059;C0751;3;4;122,64;113,89
V06370;2022-04-22;Online;ONLINE;ONLINE;47186;C0574;1;1;28,07;23,86
V06371;2023-09-12;Tienda física;T001;E0006;41059;C0610;2;2;27,52;26,74
V06372;2023-04-19;Tienda física;T012;E0065;41059;C0417;2;3;49,44;44,33
V06373;2023-05-21;Online;ONLINE;ONLINE;28115;C0310;2;2;42,42;42,42
V06374;2022-06-13;Tienda física;T002;E0012;41038;C0237;6;10;173,38;161,82
V06375;2023-02-01;Tienda física;T004;E0019;28065;C0554;2;4;112,16;112,16
V06376;2023-10-30;Tienda física;T005;E0029;41059;C0621;1;1;25,03;25,03
V06377;2023-07-31;Tienda física;T012;E0063;28079;C0690;1;1;34,14;32,43
V06378;2022-05-09;Tienda física;T003;E0017;41091;C0506;2;4;89,97;88,98
V06379;2023-04-09;Online;ONLINE;ONLINE;48044;C0603;2;2;54,48;52,85
V06380;2022-06-25;Tienda física;T001;E0002;28079;SIN_REGISTRO;3;5;101,8;99,44
V06381;2023-07-21;Tienda física;T001;E0001;41059;C0565;1;2;27,36;23,26
V06382;2022-12-31;Online;ONLINE;ONLINE;;SIN_REGISTRO;3;4;86,98;86,02
V06383;2022-09-29;Online;ONLINE;ONLINE;8019;C0148;1;2;31,32;28,19
V06384;2022-01-24;Tienda física;T012;E0065;48044;C0636;1;1;24,6;23,37
V06385;2023-06-02;Online;ONLINE;ONLINE;28079;C0673;1;1;24,13;21,72
V06386;2022-11-05;Online;ONLINE;ONLINE;8015;C0668;2;2;54,75;50,41
V06387;2023-05-23;Online;ONLINE;ONLINE;48044;C0158;2;2;47,42;47,42
V06388;2022-01-23;Online;ONLINE;ONLINE;29067;C0419;1;1;17,5;17,5
V06389;2023-07-13;Online;ONLINE;ONLINE;28115;C0484;3;6;102,1;102,1
V06390;2023-08-02;Tienda física;T004;E0018;28065;C0179;1;1;10,38;10,38
V06391;2022-06-19;Online;ONLINE;ONLINE;47186;C0262;2;3;67,05;67,05
V06392;2023-01-16;Tienda física;T008;E0041;48020;C0272;1;1;15,94;15,94
V06393;2023-09-27;Tienda física;T008;E0044;50297;C0006;3;3;106,29;106,29
V06394;2022-09-23;Tienda física;T002;E0011;41059;C0045;3;3;44,71;42,84
V06395;2023-08-22;Online;ONLINE;ONLINE;47186;C0463;7;11;226,41;216,33
V06396;2022-06-10;Tienda física;T007;E0039;46250;C0547;1;2;28,8;28,8
V06397;2022-09-11;Tienda física;T001;E0004;28079;SIN_REGISTRO;5;7;165,31;161,21
V06398;2022-01-07;Online;ONLINE;ONLINE;8015;C0528;3;4;87,88;84,89
V06399;2023-01-02;Tienda física;T011;E0058;41038;C0700;1;1;25,74;25,74
V06400;2022-06-07;Tienda física;T003;E0016;28079;SIN_REGISTRO;1;1;19,62;19,62
V06401;2022-12-19;Tienda física;T009;E0047;28006;C0063;1;2;28,3;28,3
V06402;2023-09-26;Online;ONLINE;ONLINE;41059;C0059;2;3;108,21;96,72
V06403;2022-12-12;Online;ONLINE;ONLINE;;SIN_REGISTRO;2;3;59,19;56,28
V06404;2023-12-01;Tienda física;T009;E0046;28006;C0063;1;2;37,14;37,14
V06405;2023-02-19;Tienda física;T002;E0010;28074;C0664;1;2;24,46;22,01
V06406;2023-12-13;Tienda física;T003;E0017;47186;C0572;2;2;40,97;40,97
V06407;2022-09-09;Online;ONLINE;ONLINE;8019;C0764;7;13;254,86;246,36
V06408;2022-10-29;Tienda física;T008;E0044;48044;C0718;1;1;19,31;19,31
V06409;2022-06-17;Tienda física;T008;E0043;28079;C0440;1;2;63,14;56,83
V06410;2022-05-16;Online;ONLINE;ONLINE;50297;C0306;3;7;230,24;220,27
V06411;2022-12-22;Online;ONLINE;ONLINE;50297;C0013;5;6;150,05;139,06
V06412;2022-05-06;Tienda física;T009;E0047;46192;C0640;3;5;82,37;82,37
V06413;2022-10-04;Online;ONLINE;ONLINE;8019;C0298;2;3;66,22;66,22
V06414;2023-08-17;Tienda física;T004;E0020;48044;C0003;2;2;51,06;51,06
V06415;2022-12-08;Tienda física;T001;E0001;48020;C0127;2;2;52,27;47,05
V06416;2022-11-17;Tienda física;T012;E0062;50297;C0120;2;5;80,41;77,43
V06417;2022-02-27;Tienda física;T003;E0017;28115;C0477;1;1;35,72;35,72
V06418;2022-09-06;Online;ONLINE;ONLINE;8019;C0155;1;3;62,67;59,54
V06419;2022-07-22;Online;ONLINE;ONLINE;48044;C0636;3;3;61,05;61,05
V06420;2023-04-16;Tienda física;T012;E0064;28006;SIN_REGISTRO;1;2;23,36;23,36
V06421;2022-10-12;Tienda física;T010;E0055;41091;C0027;2;5;112,63;110,37
V06422;2022-01-16;Tienda física;T003;E0015;41091;C0022;9;11;262,43;255,53
V06423;2023-09-02;Tienda física;T004;E0019;41059;C0112;3;4;82,87;82,87
V06424;2023-08-03;Online;ONLINE;ONLINE;28074;C0085;1;1;9,52;9,52
V06425;2022-12-17;Tienda física;T005;E0029;8019;SIN_REGISTRO;5;9;139,81;132,18
V06426;2023-08-24;Tienda física;T010;E0051;29067;C0658;6;10;212,15;206,05
V06427;2023-02-10;Online;ONLINE;ONLINE;28079;C0154;1;3;42,27;40,16
V06428;2023-12-21;Online;ONLINE;ONLINE;41091;C0342;1;1;18,1;18,1
V06429;2023-05-09;Tienda física;T012;E0063;28079;C0142;5;5;78,6;77,49
V06430;2023-02-15;Online;ONLINE;ONLINE;41091;C0734;7;10;220,46;209,36
V06431;2022-10-08;Online;ONLINE;ONLINE;;SIN_REGISTRO;1;1;16,91;16,06
V06432;2022-06-04;Tienda física;T002;E0009;28115;C0788;5;6;209,41;205,78
V06433;2022-09-15;Online;ONLINE;ONLINE;50297;C0777;1;2;26,54;25,21
V06434;2022-05-26;Tienda física;T005;E0027;28074;C0512;2;3;50,95;44,75
V06435;2023-09-28;Tienda física;T001;E0006;28065;C0416;2;2;40,35;37,61
V06436;2023-04-05;Tienda física;T002;E0008;41038;C0540;1;1;21;21
V06437;2022-01-05;Tienda física;T006;E0030;47186;C0595;7;9;263,94;254,6
V06438;2023-11-07;Tienda física;T003;E0015;48020;C0132;2;3;57,28;51,79
V06439;2022-11-19;Tienda física;T011;E0060;41091;C0464;1;4;98;98
V06440;2022-03-04;Tienda física;T003;E0017;28079;SIN_REGISTRO;3;5;97,91;97,91
V06441;2023-12-24;Tienda física;T003;E0016;28079;C0116;1;1;20,28;20,28
V06442;2022-12-29;Tienda física;T003;E0016;8015;C0662;1;1;14,45;12,28
V06443;2022-12-06;Tienda física;T002;E0013;29067;C0103;1;1;26,92;26,92
V06444;2022-11-22;Online;ONLINE;ONLINE;28079;C0535;2;2;31,57;29,78
V06445;2022-08-03;Tienda física;T005;E0027;48044;C0636;1;1;11,49;9,77
V06446;2022-04-13;Tienda física;T005;E0029;41059;C0368;1;1;17,37;15,63
V06447;2022-11-03;Tienda física;T007;E0036;41091;C0031;2;2;34,24;34,24
V06448;2023-06-14;Tienda física;T004;E0024;48020;C0329;2;2;23,07;22,52
V06449;2023-08-29;Online;ONLINE;ONLINE;28074;C0697;2;3;77,02;75,86
V06450;2022-09-25;Tienda física;T010;E0054;41038;C0523;5;6;155,19;150,78
V06451;2023-01-19;Online;ONLINE;ONLINE;28074;C0350;4;7;130,06;115,96
V06452;2022-05-15;Tienda física;T006;E0033;48044;C0552;3;5;78,77;77,2
V06453;2023-05-29;Tienda física;T008;E0040;8019;C0391;3;6;145,36;135,19
V06454;2023-12-27;Tienda física;T012;E0061;47186;C0645;1;1;28,17;28,17
V06455;2023-12-19;Online;ONLINE;ONLINE;48020;C0704;4;6;149,23;146,31
V06456;2023-08-28;Tienda física;T002;E0007;29069;C0393;2;3;45,36;45,36
V06457;2022-11-06;Tienda física;T001;E0006;28065;C0745;2;3;67,53;60,78
V06458;2023-05-20;Online;ONLINE;ONLINE;;SIN_REGISTRO;1;2;53,24;53,24
V06459;2023-05-20;Tienda física;T005;E0028;41059;C0346;1;3;38,19;32,46
V06460;2023-08-12;Online;ONLINE;ONLINE;41059;C0032;4;5;73,51;73,51
V06461;2022-08-29;Tienda física;T011;E0058;28079;C0344;4;5;111,36;107,22
V06462;2022-12-29;Tienda física;T011;E0056;47186;C0023;2;3;64,42;64,42
V06463;2023-09-25;Tienda física;T012;E0063;29069;C0209;4;7;111,53;110,46
V06464;2022-12-15;Online;ONLINE;ONLINE;28065;C0755;2;3;73,57;69,89
V06465;2023-03-20;Tienda física;T007;E0036;46250;SIN_REGISTRO;2;3;53,55;51,45
V06466;2023-06-17;Tienda física;T002;E0012;8019;C0670;2;3;54,29;54,29
V06467;2023-06-24;Tienda física;T008;E0042;28115;C0720;1;2;34,52;31,07
V06468;2023-07-09;Tienda física;T012;E0062;47186;C0130;2;3;44,69;41,72
V06469;2023-12-18;Tienda física;T005;E0026;41059;C0643;2;2;67,87;67,3
V06470;2022-05-19;Online;ONLINE;ONLINE;8019;C0212;2;3;83,81;77,2
V06471;2022-01-19;Online;ONLINE;ONLINE;29067;C0129;2;3;62,05;54,9
V06472;2023-02-12;Tienda física;T003;E0017;28065;C0432;6;6;105,76;103,88
V06473;2023-11-06;Tienda física;T012;E0062;28065;C0554;2;2;42,96;38,66
V06474;2023-01-07;Tienda física;T012;E0064;48044;C0173;1;2;44,38;44,38
V06475;2023-10-15;Online;ONLINE;ONLINE;8019;C0771;4;4;89,52;86,09
V06476;2022-03-24;Tienda física;T008;E0040;41059;C0707;1;1;10,52;9,47
V06477;2022-06-22;Tienda física;T001;E0003;46192;C0456;2;5;119,45;110,65
V06478;2022-06-26;Online;ONLINE;ONLINE;41038;C0188;4;4;61,17;59,18
V06479;2022-01-09;Online;ONLINE;ONLINE;48020;C0579;2;6;171,72;171,72
V06480;2022-12-28;Online;ONLINE;ONLINE;46192;C0384;1;2;44,98;38,23
V06481;2022-06-22;Tienda física;T006;E0033;29069;C0209;2;3;84,98;84,98
V06482;2022-06-26;Tienda física;T012;E0063;28006;SIN_REGISTRO;1;1;24,84;22,36
V06483;2022-07-13;Online;ONLINE;ONLINE;50297;C0042;2;3;87,41;81,92
V06484;2022-07-04;Online;ONLINE;ONLINE;41038;C0327;1;1;14,6;12,41
V06485;2022-04-03;Online;ONLINE;ONLINE;50297;C0545;1;2;37,56;37,56
V06486;2022-09-09;Online;ONLINE;ONLINE;28079;C0251;3;4;86,94;84,45
V06487;2022-10-22;Tienda física;T008;E0042;41038;C0359;5;5;121,15;113,24
V06488;2023-09-01;Tienda física;T012;E0064;8019;C0148;4;4;73,83;73,83
V06489;2023-09-13;Tienda física;T006;E0033;28079;C0019;5;6;152,91;150,4
V06490;2023-02-08;Online;ONLINE;ONLINE;47186;C0308;3;5;80,85;80,85
V06491;2022-02-10;Online;ONLINE;ONLINE;41038;C0301;5;7;171,19;171,19
V06492;2023-02-13;Online;ONLINE;ONLINE;;SIN_REGISTRO;3;3;47,14;45,76
V06493;2022-12-17;Tienda física;T001;E0006;48020;C0353;1;1;17,81;17,81
V06494;2023-03-17;Tienda física;T008;E0040;47186;C0655;1;3;69,06;69,06
V06495;2022-03-10;Online;ONLINE;ONLINE;48020;C0702;1;4;44,28;42,07
V06496;2023-10-25;Tienda física;T002;E0008;28115;SIN_REGISTRO;1;1;34,36;34,36
V06497;2022-08-26;Tienda física;T006;E0030;28065;C0413;2;2;38,91;37,06
V06498;2022-02-21;Online;ONLINE;ONLINE;28079;C0385;4;5;132,76;128,14
V06499;2023-08-12;Online;ONLINE;ONLINE;46250;C0229;2;4;51,42;51,42
V06500;2023-01-15;Online;ONLINE;ONLINE;46192;C0488;2;2;82,6;82,6
V06501;2022-05-18;Online;ONLINE;ONLINE;8019;C0318;2;2;69,26;64,58
V06502;2023-04-20;Tienda física;T001;E0003;28079;SIN_REGISTRO;10;13;220,85;215,76
V06503;2023-08-30;Online;ONLINE;ONLINE;;SIN_REGISTRO;1;1;22,1;22,1
V06504;2022-01-06;Tienda física;T004;E0021;28115;C0240;3;4;83,68;77,64
V06505;2023-03-06;Tienda física;T004;E0022;28115;C0614;2;5;151,53;149,39
V06506;2023-04-18;Tienda física;T005;E0025;8019;SIN_REGISTRO;7;9;189,38;185,78
V06507;2022-11-25;Tienda física;T001;E0001;28079;SIN_REGISTRO;2;2;47,09;46,12
V06508;2023-02-14;Tienda física;T001;E0005;28079;SIN_REGISTRO;1;3;92,7;92,7
V06509;2022-02-26;Tienda física;T007;E0035;28079;C0698;7;9;227,83;221,22
V06510;2022-05-13;Tienda física;T011;E0058;46192;C0748;2;2;35,46;34,44
V06511;2022-08-12;Online;ONLINE;ONLINE;47186;C0743;3;7;181,54;170,04
V06512;2022-01-11;Tienda física;T004;E0021;29069;C0216;3;3;52,64;51,92
V06513;2022-08-22;Online;ONLINE;ONLINE;28115;C0614;1;1;13,86;13,17
V06514;2022-07-24;Tienda física;T001;E0001;47186;C0595;2;3;50,6;49,56
V06515;2022-04-03;Online;ONLINE;ONLINE;28079;C0104;3;5;90,89;90,26
V06516;2023-11-06;Tienda física;T004;E0019;29067;C0419;1;1;37,44;37,44
V06517;2023-11-21;Tienda física;T008;E0041;8019;C0670;4;7;162,97;156,82
V06518;2022-07-22;Online;ONLINE;ONLINE;50297;C0654;1;1;19,22;18,26
V06519;2022-01-13;Tienda física;T009;E0047;8019;C0414;2;3;48,22;44,75
V06520;2022-10-17;Tienda física;T010;E0050;48044;C0792;2;2;59,15;52,07
V06521;2023-03-22;Tienda física;T008;E0040;29069;C0024;2;2;35,18;34,23
V06522;2022-07-24;Tienda física;T002;E0010;41059;C0672;1;1;13,41;11,4
V06523;2023-02-03;Tienda física;T005;E0025;41038;C0598;1;2;31,8;31,8
V06524;2022-10-22;Tienda física;T012;E0061;48044;C0596;4;8;167,89;166,08
V06525;2023-04-16;Tienda física;T004;E0018;8019;SIN_REGISTRO;4;5;92,3;89,14
V06526;2023-04-27;Tienda física;T004;E0018;28115;C0326;2;3;56,61;49,98
V06527;2023-06-20;Tienda física;T005;E0029;46192;C0498;7;12;383,53;376,47
V06528;2023-03-07;Online;ONLINE;ONLINE;8019;C0428;6;8;203,29;195,69
V06529;2023-12-11;Tienda física;T007;E0035;47186;C0358;2;2;36,05;34,42
V06530;2023-09-11;Tienda física;T010;E0051;47186;C0655;1;1;28,08;28,08
V06531;2023-10-01;Online;ONLINE;ONLINE;29069;C0648;1;2;36,56;36,56
V06532;2023-03-15;Online;ONLINE;ONLINE;28006;C0444;1;2;46,84;46,84
V06533;2022-12-02;Tienda física;T008;E0043;41038;C0098;3;4;89,46;85,84
V06534;2023-06-08;Online;ONLINE;ONLINE;28115;C0720;1;1;15,06;13,55
V06535;2022-01-21;Tienda física;T007;E0037;28079;C0543;1;1;11,92;11,92
V06536;2023-09-27;Tienda física;T002;E0012;41091;C0106;1;4;100,12;90,11
V06537;2022-06-26;Online;ONLINE;ONLINE;28074;C0517;1;1;11,37;11,37
V06538;2022-02-12;Tienda física;T011;E0058;46250;C0119;1;2;61,22;61,22
V06539;2023-07-28;Online;ONLINE;ONLINE;50297;C0013;7;9;212,08;198,62
V06540;2022-11-12;Tienda física;T002;E0007;46192;C0733;1;1;16,12;16,12
V06541;2022-03-21;Tienda física;T003;E0016;28074;C0146;1;1;13,32;12,65
V06542;2022-08-13;Tienda física;T012;E0062;46250;C0732;2;2;41,33;41,33
V06543;2023-03-15;Tienda física;T002;E0009;8015;C0724;1;1;17,83;17,83
V06544;2023-05-29;Online;ONLINE;ONLINE;50297;C0776;2;4;64,84;62,25
V06545;2023-04-05;Online;ONLINE;ONLINE;41091;C0106;1;1;16,9;15,21
V06546;2022-06-19;Online;ONLINE;ONLINE;28074;C0328;2;3;55,79;55,79
V06547;2023-07-03;Tienda física;T007;E0037;46250;SIN_REGISTRO;1;2;25,68;25,68
V06548;2023-01-23;Online;ONLINE;ONLINE;48044;C0311;1;2;24,28;24,28
V06549;2023-07-27;Online;ONLINE;ONLINE;;SIN_REGISTRO;1;1;12,02;10,82
V06550;2022-10-15;Tienda física;T005;E0029;41059;C0228;1;1;20,05;17,04
V06551;2022-06-27;Tienda física;T006;E0034;46250;C0793;1;1;14,4;14,4
V06552;2023-12-25;Tienda física;T001;E0002;46250;C0680;1;1;17,04;17,04
V06553;2023-10-31;Online;ONLINE;ONLINE;46192;C0271;2;2;39,12;39,12
V06554;2023-09-02;Tienda física;T012;E0063;8019;C0472;4;6;172,93;171,75
V06555;2023-05-28;Tienda física;T009;E0049;28074;C0225;2;2;39,21;39,21
V06556;2023-05-09;Online;ONLINE;ONLINE;48020;C0436;1;1;13,5;11,47
V06557;2022-06-28;Tienda física;T010;E0053;28074;C0361;1;1;22,38;22,38
V06558;2022-10-13;Online;ONLINE;ONLINE;46192;C0009;1;1;22,5;22,5
V06559;2023-08-28;Online;ONLINE;ONLINE;8019;C0363;3;4;86,95;78,25
V06560;2022-02-03;Tienda física;T007;E0035;29067;C0419;3;4;102,32;101,05
V06561;2023-05-04;Tienda física;T011;E0056;41059;C0770;1;4;66,96;60,26
V06562;2022-09-26;Online;ONLINE;ONLINE;41091;C0194;3;3;87,72;78,13
V06563;2022-02-21;Tienda física;T004;E0024;46192;C0619;1;1;18,65;18,65
V06564;2023-10-26;Tienda física;T007;E0036;41038;C0598;4;7;154,43;140,6
V06565;2022-04-07;Online;ONLINE;ONLINE;41038;C0077;1;4;50,28;50,28
V06566;2023-04-12;Tienda física;T001;E0006;28079;SIN_REGISTRO;1;1;14,98;13,48
V06567;2022-10-10;Tienda física;T005;E0026;8015;C0717;4;6;86,65;86,65
V06568;2022-02-22;Online;ONLINE;ONLINE;28074;C0389;1;2;30,34;28,82
V06569;2022-03-26;Online;ONLINE;ONLINE;48044;C0765;4;5;79,95;75,77
V06570;2023-10-30;Online;ONLINE;ONLINE;;SIN_REGISTRO;1;1;21,41;21,41
V06571;2022-09-20;Tienda física;T001;E0002;28079;C0026;2;3;72,92;70,02
V06572;2022-05-15;Tienda física;T006;E0030;48044;C0737;1;1;15,42;13,11
V06573;2022-08-28;Tienda física;T006;E0032;28079;C0535;3;6;111,91;108,76
V06574;2023-01-12;Tienda física;T010;E0054;28074;C0731;4;8;235,16;217,82
V06575;2023-12-12;Tienda física;T004;E0020;28006;C0444;7;11;251,82;247,27
V06576;2023-06-14;Tienda física;T005;E0029;8019;C0778;5;8;214,17;211,4
V06577;2022-03-03;Tienda física;T005;E0029;28115;C0788;5;11;290,9;290,9
V06578;2023-05-02;Tienda física;T004;E0021;8019;SIN_REGISTRO;1;1;32,63;27,74
V06579;2023-08-14;Tienda física;T001;E0005;29067;C0708;2;4;51,77;50,7
V06580;2023-06-14;Tienda física;T006;E0031;8019;C0074;1;1;10,42;10,42
V06581;2022-02-11;Online;ONLINE;ONLINE;48020;C0451;2;2;46,31;43,08
V06582;2023-10-28;Tienda física;T011;E0059;48020;C0513;4;4;54,37;53,35
V06583;2022-01-21;Online;ONLINE;ONLINE;41038;C0061;1;1;25,61;25,61
V06584;2023-01-08;Tienda física;T012;E0063;48020;C0127;1;3;40,86;38,82
V06585;2022-02-04;Online;ONLINE;ONLINE;8019;C0479;2;3;109,55;109,55
V06586;2022-08-22;Online;ONLINE;ONLINE;;SIN_REGISTRO;1;3;108,09;91,88
V06587;2023-03-31;Online;ONLINE;ONLINE;8015;C0493;7;9;261,94;257,94
V06588;2023-08-30;Online;ONLINE;ONLINE;28074;C0789;4;5;104,12;98,45
V06589;2022-08-05;Online;ONLINE;ONLINE;28115;C0241;1;2;39,98;39,98
V06590;2023-05-10;Tienda física;T007;E0036;41059;C0332;1;2;20,62;17,53
V06591;2023-11-13;Tienda física;T001;E0004;41091;C0506;2;3;93,64;87,98
V06592;2023-02-19;Online;ONLINE;ONLINE;28079;C0118;2;3;60,22;59,08
V06593;2023-07-16;Tienda física;T011;E0056;50297;SIN_REGISTRO;1;1;29,41;29,41
V06594;2022-07-07;Tienda física;T008;E0043;48044;C0078;2;2;47,14;45,48
V06595;2023-05-02;Tienda física;T007;E0037;28065;C0372;1;1;35,77;32,19
V06596;2022-03-25;Tienda física;T001;E0002;48044;C0311;2;3;41,83;38,77
V06597;2023-06-09;Tienda física;T011;E0056;28115;C0783;1;1;28,65;27,22
V06598;2022-12-03;Tienda física;T008;E0042;28115;C0537;1;1;20,21;20,21
V06599;2023-11-24;Tienda física;T007;E0038;48044;C0004;2;4;71,1;65,02
V06600;2023-02-01;Online;ONLINE;ONLINE;46192;C0009;1;1;19,73;18,74
V06601;2023-08-10;Tienda física;T001;E0006;8015;C0706;2;2;33,56;32,62
V06602;2022-11-08;Tienda física;T001;E0006;28074;C0634;2;2;41,92;38,84
V06603;2023-12-15;Tienda física;T007;E0035;8019;C0178;1;1;19,85;17,87
V06604;2023-02-14;Tienda física;T009;E0049;50297;C0566;1;1;16,14;16,14
V06605;2023-10-15;Tienda física;T007;E0036;28065;C0554;6;9;282,11;277,7
V06606;2023-11-18;Tienda física;T009;E0048;48044;SIN_REGISTRO;4;4;126,46;123,73
V06607;2023-08-08;Online;ONLINE;ONLINE;28079;C0083;2;4;89,53;89,53
V06608;2022-05-01;Online;ONLINE;ONLINE;;SIN_REGISTRO;2;5;81,08;69,71
V06609;2022-03-02;Online;ONLINE;ONLINE;29067;C0217;2;4;95,81;95,81
V06610;2023-12-18;Tienda física;T006;E0032;29067;C0618;2;3;37,95;37,95
V06611;2023-12-01;Online;ONLINE;ONLINE;41091;C0627;3;3;55,59;51,56
V06612;2022-01-31;Online;ONLINE;ONLINE;48020;C0132;2;4;87,27;85,06
V06613;2022-07-30;Tienda física;T011;E0059;29067;C0585;1;2;23,4;23,4
V06614;2022-03-13;Online;ONLINE;ONLINE;28079;C0698;1;2;37,92;36,02
V06615;2023-08-15;Tienda física;T008;E0045;48020;SIN_REGISTRO;6;8;208,2;195,07
V06616;2023-05-01;Tienda física;T009;E0046;28115;C0783;1;1;41,5;41,5
V06617;2023-06-06;Tienda física;T012;E0065;29069;C0504;2;2;50,13;47,15
V06618;2023-11-21;Online;ONLINE;ONLINE;28006;C0411;5;6;178,74;171,6
V06619;2023-05-18;Tienda física;T012;E0061;8019;C0584;2;2;44,97;44,97
V06620;2023-03-05;Tienda física;T005;E0029;41038;C0098;5;5;76,8;73,33
V06621;2022-07-28;Online;ONLINE;ONLINE;48020;C0759;1;1;23,94;23,94
V06622;2022-04-03;Tienda física;T008;E0044;47186;C0247;7;10;248,52;240,32
V06623;2023-07-01;Tienda física;T010;E0052;41059;C0072;2;2;43,17;41,01
V06624;2023-09-18;Online;ONLINE;ONLINE;41091;C0685;4;6;156,78;154,7
V06625;2023-02-19;Tienda física;T008;E0042;48020;C0131;1;1;36,54;32,89
V06626;2022-06-11;Online;ONLINE;ONLINE;8019;C0355;1;1;28,11;28,11
V06627;2023-12-14;Tienda física;T008;E0043;41038;C0107;2;2;47,81;46,42
V06628;2022-03-31;Tienda física;T005;E0025;41059;C0108;8;12;305,19;290,26
V06629;2022-12-01;Online;ONLINE;ONLINE;8019;C0298;4;6;119,22;119,22
V06630;2022-04-26;Tienda física;T009;E0046;47186;C0656;1;1;15,09;15,09
V06631;2023-08-03;Online;ONLINE;ONLINE;29069;C0586;2;3;87,19;80,74
V06632;2023-04-06;Online;ONLINE;ONLINE;28115;C0426;1;1;15,49;15,49
V06633;2023-09-06;Online;ONLINE;ONLINE;8015;C0717;1;1;29,64;29,64
V06634;2023-09-24;Tienda física;T010;E0050;50297;C0270;1;1;13,28;13,28
V06635;2022-07-14;Tienda física;T008;E0044;8019;C0778;2;2;36,67;35,96
V06636;2022-09-22;Online;ONLINE;ONLINE;28079;C0184;2;2;59,49;57,25
V06637;2022-10-06;Tienda física;T003;E0017;47186;C0390;6;9;293,4;279,72
V06638;2023-11-06;Online;ONLINE;ONLINE;41059;C0770;1;1;38,88;38,88
V06639;2023-12-16;Tienda física;T012;E0064;28065;C0432;4;6;197,97;192,75
V06640;2023-04-23;Tienda física;T010;E0052;8019;C0196;4;4;96,96;89,81
V06641;2023-03-01;Tienda física;T011;E0059;29069;C0182;2;4;87,74;85,63
V06642;2023-01-31;Tienda física;T012;E0062;29067;C0658;4;7;156,1;137,1
V06643;2023-10-19;Tienda física;T001;E0004;47186;C0262;4;6;123,29;117,09
V06644;2023-11-26;Tienda física;T009;E0046;48044;C0297;2;2;46,94;43,87
V06645;2023-10-23;Tienda física;T004;E0019;48044;C0491;2;3;87,75;84,66
V06646;2022-04-16;Online;ONLINE;ONLINE;48044;C0568;4;6;146,86;143,39
V06647;2023-08-18;Online;ONLINE;ONLINE;47186;C0244;1;1;29,31;24,91
V06648;2023-11-01;Online;ONLINE;ONLINE;29067;C0129;1;1;15,13;13,62
V06649;2022-12-03;Tienda física;T011;E0059;41038;C0250;3;6;120,54;113,65
V06650;2023-04-05;Tienda física;T012;E0062;28115;C0406;2;2;117,8;117,8
V06651;2023-05-03;Tienda física;T004;E0023;41091;C0627;2;3;114,23;114,23
V06652;2023-02-27;Tienda física;T007;E0039;46250;SIN_REGISTRO;3;3;87,64;82,44
V06653;2022-02-13;Tienda física;T009;E0048;41059;C0032;3;3;52,98;48,57
V06654;2022-07-28;Online;ONLINE;ONLINE;29069;C0586;2;2;37,48;37,48
V06655;2023-06-15;Online;ONLINE;ONLINE;28115;C0286;1;1;44,63;37,94
V06656;2023-04-11;Tienda física;T010;E0055;41059;C0395;1;1;18,93;18,93
V06657;2022-06-03;Online;ONLINE;ONLINE;8019;C0109;3;8;156,68;150,77
V06658;2023-09-08;Tienda física;T006;E0030;50297;C0379;1;2;21,02;19,97
V06659;2023-10-29;Tienda física;T002;E0007;28079;C0690;2;3;74,05;74,05
V06660;2023-06-24;Tienda física;T008;E0045;8015;C0476;1;1;38,52;38,52
V06661;2023-11-08;Tienda física;T007;E0039;29067;C0549;2;2;37,58;35,64
V06662;2022-05-31;Tienda física;T011;E0057;28074;C0697;1;1;25,74;23,17
V06663;2023-08-02;Tienda física;T001;E0002;41059;C0014;1;2;26,22;26,22
V06664;2023-10-09;Tienda física;T011;E0059;50297;SIN_REGISTRO;2;3;49,42;49,42
V06665;2022-03-19;Tienda física;T005;E0029;28074;C0350;5;5;102,29;98,81
V06666;2023-03-10;Tienda física;T011;E0059;41038;C0237;2;4;65,2;58,68
V06667;2023-09-07;Online;ONLINE;ONLINE;48044;C0311;2;5;133,54;131,31
V06668;2022-06-25;Online;ONLINE;ONLINE;28074;C0677;1;1;15,14;14,38
V06669;2023-02-06;Tienda física;T004;E0024;28079;C0089;5;7;121,37;113,8
V06670;2023-07-25;Tienda física;T010;E0051;47186;C0130;1;1;14,58;14,58
V06671;2022-01-18;Online;ONLINE;ONLINE;41059;C0583;1;1;12,77;12,77
V06672;2023-04-13;Tienda física;T001;E0001;28079;C0750;2;2;51,77;51,77
V06673;2023-03-08;Tienda física;T011;E0056;48044;C0552;4;6;226,01;226,01
V06674;2022-10-15;Tienda física;T008;E0042;47186;C0669;1;1;14,92;14,92
V06675;2022-11-30;Tienda física;T009;E0048;50297;C0152;2;2;28,01;26,72
V06676;2023-10-08;Tienda física;T009;E0046;28065;C0554;2;2;43,88;41,6
V06677;2023-10-20;Online;ONLINE;ONLINE;48020;C0615;2;3;52,09;52,09
V06678;2023-06-19;Tienda física;T009;E0046;28074;C0731;1;3;62,82;53,4
V06679;2022-01-07;Online;ONLINE;ONLINE;;SIN_REGISTRO;2;2;39,95;39,95
V06680;2022-01-12;Tienda física;T007;E0036;28074;C0100;1;1;23,49;19,97
V06681;2023-11-09;Online;ONLINE;ONLINE;28115;C0675;1;2;52,82;44,9
V06682;2022-11-02;Tienda física;T011;E0057;28115;C0783;2;4;154,4;152,17
V06683;2022-08-09;Tienda física;T006;E0032;47186;C0645;1;1;12,06;11,46
V06684;2023-08-23;Tienda física;T012;E0064;41038;C0231;2;2;33,97;33,97
V06685;2022-08-17;Tienda física;T011;E0058;28115;C0300;2;2;36,7;34,87
V06686;2022-09-12;Tienda física;T009;E0048;8019;C0778;7;11;254,54;253,22
V06687;2023-07-19;Tienda física;T008;E0044;8019;C0573;4;7;204,1;198,03
V06688;2023-02-19;Online;ONLINE;ONLINE;;SIN_REGISTRO;1;1;13,82;11,75
V06689;2022-09-13;Tienda física;T002;E0013;28115;C0614;3;3;78,12;73,43
V06690;2023-10-27;Tienda física;T002;E0009;50297;C0611;3;3;43,74;41,14
V06691;2022-05-16;Online;ONLINE;ONLINE;41091;C0193;3;7;134,47;134,47
V06692;2023-01-20;Tienda física;T002;E0010;41059;C0339;3;3;55,7;55,7
V06693;2023-12-08;Online;ONLINE;ONLINE;28079;C0145;1;2;28,5;28,5
V06694;2022-12-27;Online;ONLINE;ONLINE;28074;C0085;7;9;169,8;162,72
V06695;2023-12-17;Tienda física;T006;E0031;28006;C0641;5;7;171,04;162,47
V06696;2023-05-29;Tienda física;T007;E0039;28006;C0752;1;2;25,84;25,84
V06697;2023-01-12;Online;ONLINE;ONLINE;41038;C0077;3;7;138,67;127,15
V06698;2022-09-06;Online;ONLINE;ONLINE;;SIN_REGISTRO;1;1;10,05;9,55
V06699;2023-06-07;Tienda física;T011;E0059;46250;C0659;1;1;13,72;12,35
V06700;2022-05-02;Online;ONLINE;ONLINE;8019;C0282;1;2;51,2;51,2
V06701;2023-05-26;Tienda física;T001;E0001;28079;SIN_REGISTRO;1;2;49,52;49,52
V06702;2022-10-11;Tienda física;T009;E0049;8019;C0739;1;1;12,67;10,77
V06703;2023-02-25;Online;ONLINE;ONLINE;28065;C0726;4;5;110,53;109,55
V06704;2022-05-11;Online;ONLINE;ONLINE;48020;C0505;1;2;40,94;40,94
V06705;2022-02-09;Tienda física;T008;E0042;47186;C0483;1;2;55,6;52,82
V06706;2023-04-20;Tienda física;T001;E0002;28115;C0675;6;6;168,85;164,58
V06707;2022-10-18;Online;ONLINE;ONLINE;48020;C0329;3;3;73,36;66,03
V06708;2022-05-13;Online;ONLINE;ONLINE;29067;C0708;3;3;74,34;74,34
V06709;2023-08-04;Tienda física;T002;E0008;8019;C0212;2;3;48,18;44,33
V06710;2022-05-19;Tienda física;T001;E0005;8019;C0714;1;2;56,22;47,79
V06711;2022-09-20;Tienda física;T006;E0030;48044;C0064;5;11;255,66;251,16
V06712;2022-07-08;Online;ONLINE;ONLINE;8019;C0268;2;2;44,2;42,29
V06713;2023-08-01;Online;ONLINE;ONLINE;48044;C0175;1;4;45,08;40,57
V06714;2022-01-12;Tienda física;T005;E0028;46192;C0501;5;7;117,65;115,77
V06715;2023-02-12;Online;ONLINE;ONLINE;8019;C0148;6;8;160,78;157,25
V06716;2023-08-06;Tienda física;T011;E0058;48020;C0513;1;1;22,1;19,89
V06717;2022-07-01;Online;ONLINE;ONLINE;47186;C0151;3;3;61,79;61,79
V06718;2023-01-22;Online;ONLINE;ONLINE;48044;C0792;1;3;45,87;41,28
V06719;2023-08-26;Tienda física;T001;E0001;28079;SIN_REGISTRO;2;3;97,92;84,04
V06720;2022-08-09;Tienda física;T012;E0064;41091;C0699;1;1;12,64;12,64
V06721;2023-02-14;Online;ONLINE;ONLINE;41038;C0044;2;2;35,79;33,69
V06722;2023-12-29;Online;ONLINE;ONLINE;8019;C0268;1;1;33,75;32,06
V06723;2023-09-18;Online;ONLINE;ONLINE;8015;C0397;1;1;17,36;17,36
V06724;2023-03-21;Online;ONLINE;ONLINE;41038;C0700;2;2;41,83;41,83
V06725;2022-05-05;Online;ONLINE;ONLINE;48044;C0792;3;6;141,21;136,76
V06726;2023-06-22;Online;ONLINE;ONLINE;50297;C0042;2;4;75,57;75,57
V06727;2023-06-20;Tienda física;T007;E0039;46250;SIN_REGISTRO;1;1;13,01;13,01
V06728;2022-04-08;Tienda física;T002;E0009;28115;C0720;2;3;79,13;78,21
V06729;2023-09-10;Online;ONLINE;ONLINE;8019;C0408;2;2;39,02;36,36
V06730;2023-09-06;Tienda física;T010;E0051;28115;C0426;4;5;141,07;131,03
V06731;2022-05-10;Tienda física;T002;E0010;48044;C0075;3;3;81,53;80,29
V06732;2022-01-31;Tienda física;T007;E0036;8019;C0472;5;9;227,86;227,86
V06733;2022-10-24;Tienda física;T001;E0003;8015;C0381;2;2;44,39;44,39
V06734;2023-10-31;Tienda física;T011;E0059;28065;C0137;2;2;52,92;48,9
V06735;2023-02-13;Online;ONLINE;ONLINE;28115;C0310;3;3;91,55;91,55
V06736;2022-11-09;Online;ONLINE;ONLINE;28079;C0684;2;2;54;51,52
V06737;2022-02-04;Tienda física;T005;E0026;46250;C0133;1;1;20,41;20,41
V06738;2022-08-11;Tienda física;T009;E0047;48020;C0132;3;4;107,19;107,19
V06739;2022-01-18;Online;ONLINE;ONLINE;;SIN_REGISTRO;1;1;20,9;20,9
V06740;2022-11-26;Online;ONLINE;ONLINE;41038;C0327;1;1;11,97;11,97
V06741;2022-05-16;Tienda física;T001;E0001;8019;C0296;1;2;65,78;65,78
V06742;2023-10-22;Online;ONLINE;ONLINE;28115;C0426;2;4;71,85;69,6
V06743;2022-11-01;Online;ONLINE;ONLINE;29069;C0575;1;1;14,59;14,59
V06744;2022-10-31;Tienda física;T010;E0050;29069;SIN_REGISTRO;1;1;12,77;12,77
V06745;2023-09-28;Tienda física;T002;E0008;28079;C0750;2;2;43,8;40,12
V06746;2022-02-26;Online;ONLINE;ONLINE;8019;C0062;1;1;12,59;11,33
V06747;2022-08-28;Tienda física;T006;E0031;8019;C0378;4;5;110,48;108,13
V06748;2022-02-01;Tienda física;T012;E0064;50297;C0545;1;1;25,05;22,55
V06749;2023-03-13;Tienda física;T012;E0065;41038;C0607;1;1;16,5;15,67
V06750;2023-09-30;Online;ONLINE;ONLINE;29067;C0591;2;5;86,75;81,98
V06751;2022-05-09;Online;ONLINE;ONLINE;46192;C0551;3;4;114,18;107,17
V06752;2023-10-27;Online;ONLINE;ONLINE;41091;C0302;1;1;11,72;11,72
V06753;2023-07-01;Online;ONLINE;ONLINE;;SIN_REGISTRO;2;2;35,62;35,62
V06754;2022-03-29;Tienda física;T006;E0031;41059;C0536;2;2;36,17;34,81
V06755;2022-09-09;Online;ONLINE;ONLINE;8019;C0670;2;3;82,81;72,14
V06756;2023-04-05;Tienda física;T004;E0024;29069;C0209;1;2;48,74;43,87
V06757;2023-02-23;Tienda física;T007;E0038;46192;C0520;2;3;55,78;52,62
V06758;2023-08-09;Tienda física;T003;E0014;46192;C0460;3;3;79,51;76,89
V06759;2022-06-06;Online;ONLINE;ONLINE;;SIN_REGISTRO;1;1;23,95;20,36
V06760;2022-01-07;Tienda física;T003;E0015;28115;C0675;1;1;22,79;22,79
V06761;2022-11-11;Tienda física;T005;E0026;28079;C0251;2;3;40,38;37,29
V06762;2022-05-04;Tienda física;T006;E0030;48044;C0792;1;2;44,84;38,11
V06763;2022-11-22;Online;ONLINE;ONLINE;28074;C0731;1;2;35,22;35,22
V06764;2023-11-04;Online;ONLINE;ONLINE;29067;C0678;1;1;26,93;26,93
V06765;2023-11-08;Tienda física;T007;E0036;8019;C0010;6;7;130,08;122,32
V06766;2023-02-19;Online;ONLINE;ONLINE;41038;C0044;2;2;38,74;38,74
V06767;2022-02-23;Online;ONLINE;ONLINE;;SIN_REGISTRO;4;5;62,22;61,69
V06768;2023-05-23;Online;ONLINE;ONLINE;47186;C0094;2;2;34,56;34,56
V06769;2022-03-17;Tienda física;T012;E0062;41091;C0787;2;2;24,17;22,96
V06770;2022-03-05;Online;ONLINE;ONLINE;28079;C0242;2;2;22,58;22,58
V06771;2022-03-30;Tienda física;T007;E0037;28079;C0008;3;5;175,28;163,92
V06772;2022-02-16;Tienda física;T007;E0036;8019;C0298;1;2;47,4;47,4
V06773;2023-09-29;Tienda física;T006;E0031;50297;C0030;2;4;51,73;47,1
V06774;2023-08-28;Online;ONLINE;ONLINE;8019;C0255;3;4;93,91;93,91
V06775;2022-07-18;Tienda física;T003;E0017;8019;C0414;3;3;61,04;61,04
V06776;2022-02-11;Online;ONLINE;ONLINE;48020;C0451;1;1;41,21;41,21
V06777;2022-07-08;Online;ONLINE;ONLINE;29069;C0575;4;9;172,43;172,43
V06778;2022-10-09;Online;ONLINE;ONLINE;;SIN_REGISTRO;1;1;36,07;34,27
V06779;2023-07-18;Tienda física;T003;E0015;8019;C0400;1;1;24,58;22,12
V06780;2022-10-05;Tienda física;T007;E0037;46250;C0229;3;3;98,38;92,53
V06781;2022-01-27;Tienda física;T004;E0024;41091;C0342;1;2;26,24;24,93
V06782;2022-05-12;Tienda física;T001;E0005;41038;C0327;1;1;12,36;12,36
V06783;2022-03-09;Tienda física;T002;E0012;41038;C0515;1;1;16,22;16,22
V06784;2023-02-28;Tienda física;T008;E0041;29069;C0376;1;1;14,33;14,33
V06785;2023-09-15;Tienda física;T003;E0017;28079;SIN_REGISTRO;2;4;60,7;59,17
V06786;2023-10-07;Online;ONLINE;ONLINE;;SIN_REGISTRO;1;1;15,72;15,72
V06787;2022-04-02;Tienda física;T012;E0061;8019;C0409;3;5;107,56;103
V06788;2023-11-05;Tienda física;T005;E0029;28079;C0056;1;4;44,36;44,36
V06789;2022-03-22;Tienda física;T008;E0044;48020;SIN_REGISTRO;2;2;67,6;67,6
V06790;2023-01-28;Tienda física;T004;E0022;8019;SIN_REGISTRO;1;1;27,98;27,98
V06791;2022-02-07;Tienda física;T010;E0052;28115;C0701;2;3;104,28;102,31
V06792;2023-07-26;Tienda física;T005;E0027;46250;C0331;2;2;31,28;31,28
V06793;2022-12-19;Tienda física;T004;E0022;29067;C0065;1;3;56,97;56,97
V06794;2022-04-08;Online;ONLINE;ONLINE;48020;C0353;4;5;84,11;84,11
V06795;2022-09-24;Tienda física;T011;E0057;28079;C0535;2;2;75,49;75,49
V06796;2023-11-17;Tienda física;T006;E0031;41091;SIN_REGISTRO;1;1;26,52;26,52
V06797;2023-09-09;Tienda física;T009;E0048;29069;C0617;3;5;139,63;122,96
V06798;2023-02-12;Tienda física;T001;E0003;29069;C0459;1;1;16,56;16,56
V06799;2023-04-30;Tienda física;T012;E0062;46250;C0165;5;6;103,29;100,55
V06800;2022-10-19;Tienda física;T003;E0014;8019;C0741;1;2;30;30
V06801;2022-01-13;Tienda física;T001;E0002;48044;C0311;3;3;95,54;84,32
V06802;2022-11-23;Tienda física;T006;E0034;28074;C0697;1;2;27,26;27,26
V06803;2023-07-07;Tienda física;T010;E0055;28079;C0597;1;1;21,41;21,41
V06804;2022-09-12;Online;ONLINE;ONLINE;29069;C0459;4;5;102,57;98,89
V06805;2022-07-02;Online;ONLINE;ONLINE;8019;C0174;3;5;107,83;105,48
V06806;2023-11-29;Tienda física;T008;E0042;46192;C0498;2;2;53,28;50,79
V06807;2023-02-08;Tienda física;T010;E0052;28115;C0269;1;1;15,37;15,37
V06808;2022-09-02;Tienda física;T009;E0048;46192;C0465;1;1;18,19;16,37
V06809;2023-07-12;Tienda física;T002;E0010;29067;C0620;2;4;80,41;72,37
V06810;2023-12-02;Tienda física;T009;E0049;48020;C0671;2;2;39,98;39,98
V06811;2023-11-07;Tienda física;T010;E0051;29069;SIN_REGISTRO;2;4;62,57;58,69
V06812;2022-06-05;Tienda física;T001;E0004;50297;C0141;1;1;13,46;12,79
V06813;2022-06-11;Online;ONLINE;ONLINE;8015;C0046;1;1;36,73;33,06
V06814;2022-04-03;Tienda física;T008;E0042;29069;C0182;1;2;30,66;29,13
V06815;2023-12-10;Tienda física;T006;E0033;28074;C0457;1;2;26,04;24,74
V06816;2022-07-28;Online;ONLINE;ONLINE;28065;C0554;2;2;87,9;84,98
V06817;2022-12-17;Tienda física;T010;E0055;48044;C0792;1;4;63,6;54,06
V06818;2022-05-16;Online;ONLINE;ONLINE;41091;C0153;3;3;45,22;44,11
V06819;2022-07-14;Online;ONLINE;ONLINE;41091;C0744;4;8;238,56;223,86
V06820;2022-11-04;Online;ONLINE;ONLINE;8015;C0046;1;1;21,19;21,19
V06821;2023-05-31;Online;ONLINE;ONLINE;28074;C0740;1;2;37,3;33,57
V06822;2023-03-19;Online;ONLINE;ONLINE;50297;C0152;5;6;132,28;128,72
V06823;2023-06-02;Online;ONLINE;ONLINE;41059;C0565;3;4;80,99;74,67
V06824;2022-02-13;Tienda física;T001;E0004;28074;C0389;2;2;49,4;46,78
V06825;2022-02-12;Online;ONLINE;ONLINE;8019;C0378;2;2;37,73;32,78
V06826;2023-09-06;Online;ONLINE;ONLINE;29067;C0037;2;2;44,28;40,1
V06827;2023-07-08;Tienda física;T004;E0019;46192;C0462;2;5;98,83;95,14
V06828;2022-08-16;Online;ONLINE;ONLINE;48044;C0490;1;2;35;35
V06829;2022-07-24;Tienda física;T010;E0054;8019;C0109;7;11;285,09;262,01
V06830;2023-02-04;Online;ONLINE;ONLINE;8019;C0246;1;2;62,36;59,24
V06831;2022-04-09;Tienda física;T001;E0006;28074;C0512;2;2;53,34;53,34
V06832;2023-07-21;Tienda física;T006;E0033;48020;C0600;8;10;239,55;235,96
V06833;2022-12-18;Tienda física;T010;E0055;28079;C0336;1;1;25,21;25,21
V06834;2022-09-04;Online;ONLINE;ONLINE;;SIN_REGISTRO;2;5;125,89;125,89
V06835;2022-04-25;Tienda física;T001;E0006;29067;C0351;1;2;26,84;24,16
V06836;2022-02-03;Tienda física;T008;E0041;8019;C0313;3;3;78,83;75,13
V06837;2023-12-02;Tienda física;T002;E0012;8019;C0236;2;5;232,66;215,12
V06838;2022-05-31;Online;ONLINE;ONLINE;41091;C0467;2;3;55,25;55,25
V06839;2022-08-20;Online;ONLINE;ONLINE;41091;C0263;3;3;83,55;76,33
V06840;2023-11-26;Online;ONLINE;ONLINE;28074;C0581;3;4;93,04;91,02
V06841;2023-05-04;Tienda física;T002;E0007;8019;C0670;2;2;44,63;43,27
V06842;2023-12-30;Tienda física;T005;E0028;29069;C0374;1;1;25,11;25,11
V06843;2023-05-07;Online;ONLINE;ONLINE;50297;C0334;1;2;53,84;45,76
V06844;2023-06-29;Tienda física;T001;E0002;28079;SIN_REGISTRO;2;2;79,66;73,76
V06845;2023-10-18;Tienda física;T007;E0036;41091;C0506;1;3;34,38;34,38
V06846;2023-03-31;Tienda física;T012;E0063;28079;C0410;5;6;104,68;102,34
V06847;2023-02-04;Online;ONLINE;ONLINE;;SIN_REGISTRO;2;2;55,11;52,78
V06848;2023-09-25;Tienda física;T003;E0015;48020;C0054;4;4;88,47;83,2
V06849;2022-09-07;Online;ONLINE;ONLINE;50297;C0402;3;6;142,52;128,27
V06850;2023-03-08;Tienda física;T001;E0004;29069;C0622;3;6;127,3;124,96
V06851;2023-02-22;Online;ONLINE;ONLINE;29069;C0202;2;3;152,03;152,03
V06852;2022-07-04;Tienda física;T006;E0030;48044;C0205;1;1;21,18;21,18
V06853;2023-12-21;Tienda física;T011;E0057;8015;C0418;1;1;19,68;17,71
V06854;2022-01-03;Online;ONLINE;ONLINE;48020;C0702;1;3;105,48;105,48
V06855;2022-01-14;Online;ONLINE;ONLINE;29069;C0273;2;2;59,33;59,33
V06856;2022-03-17;Tienda física;T002;E0007;48044;C0311;8;15;362,35;344,53
V06857;2022-01-17;Online;ONLINE;ONLINE;46192;C0460;3;3;66,47;66,47
V06858;2023-05-13;Online;ONLINE;ONLINE;29069;C0024;3;3;100,64;98,4
V06859;2022-01-07;Tienda física;T001;E0003;28115;C0791;2;2;84,62;79,93
V06860;2023-06-14;Tienda física;T012;E0063;28079;C0673;2;2;27,27;26,52
V06861;2022-12-05;Online;ONLINE;ONLINE;48020;C0191;2;2;44,22;42,62
V06862;2022-08-31;Tienda física;T009;E0046;48044;SIN_REGISTRO;2;3;76,26;76,26
V06863;2023-02-10;Online;ONLINE;ONLINE;50297;C0222;2;3;76,27;76,27
V06864;2022-01-09;Online;ONLINE;ONLINE;8019;C0469;1;2;44,9;44,9
V06865;2022-05-13;Online;ONLINE;ONLINE;;SIN_REGISTRO;1;1;19,05;16,19
V06866;2023-10-25;Tienda física;T007;E0038;50297;C0747;3;4;128,38;123,45
V06867;2022-09-30;Tienda física;T011;E0060;41059;C0228;7;11;303,58;292,9
V06868;2022-01-12;Tienda física;T007;E0039;48044;C0356;1;3;67,44;67,44
V06869;2023-08-30;Tienda física;T008;E0041;8015;C0279;1;2;39,3;39,3
V06870;2022-03-02;Tienda física;T006;E0033;48020;C0191;2;3;67,5;65,34
V06871;2023-10-17;Online;ONLINE;ONLINE;41059;C0565;1;1;16,16;16,16
V06872;2023-01-09;Online;ONLINE;ONLINE;48020;C0191;4;4;73,63;71,24
V06873;2023-09-15;Online;ONLINE;ONLINE;28079;C0184;2;2;41,52;41,52
V06874;2022-06-11;Online;ONLINE;ONLINE;48020;C0220;1;3;67,17;57,09
V06875;2023-04-17;Online;ONLINE;ONLINE;;SIN_REGISTRO;1;4;46,68;46,68
V06876;2023-12-14;Online;ONLINE;ONLINE;28079;C0673;1;3;71,31;64,18
V06877;2022-08-25;Tienda física;T006;E0033;46250;C0735;3;3;96,28;96,28
V06878;2023-02-06;Tienda física;T002;E0010;28115;SIN_REGISTRO;2;2;34,59;33,59
V06879;2023-10-01;Tienda física;T008;E0041;28115;C0791;2;3;78,85;72,94
V06880;2022-02-14;Online;ONLINE;ONLINE;46250;C0732;1;1;25,68;25,68
V06881;2022-12-24;Tienda física;T009;E0046;50297;C0330;1;2;27,74;26,35
V06882;2023-11-09;Tienda física;T002;E0013;29067;C0585;1;1;13,61;13,61
V06883;2022-10-07;Tienda física;T005;E0029;28079;C0026;1;1;29,11;24,74
V06884;2022-02-14;Tienda física;T008;E0041;48044;C0490;1;1;25,64;25,64
V06885;2023-07-25;Tienda física;T007;E0037;28079;C0797;2;2;55,11;51,73
V06886;2023-12-12;Tienda física;T003;E0015;48044;C0314;3;3;81,17;80,43
V06887;2022-08-19;Online;ONLINE;ONLINE;8019;C0696;2;4;108,82;99,89
V06888;2022-05-08;Tienda física;T004;E0022;28115;C0345;1;1;24,64;22,18
V06889;2023-10-08;Tienda física;T007;E0038;29069;C0541;4;6;126,4;122,02
V06890;2023-07-16;Tienda física;T010;E0051;48020;C0615;1;1;12,61;11,35
V06891;2022-12-23;Online;ONLINE;ONLINE;50297;C0295;1;1;13,89;11,81
V06892;2023-06-27;Online;ONLINE;ONLINE;46250;C0133;2;3;65,59;65,59
V06893;2022-10-17;Tienda física;T009;E0049;8019;C0584;2;2;26,49;25,13
V06894;2023-02-20;Tienda física;T008;E0044;29067;C0618;1;2;55,78;55,78
V06895;2023-09-04;Online;ONLINE;ONLINE;41038;C0359;1;1;14,28;12,14
V06896;2022-06-02;Online;ONLINE;ONLINE;28074;C0589;2;3;93,18;93,18
V06897;2023-09-24;Online;ONLINE;ONLINE;41059;C0590;1;1;16,83;15,99
V06898;2022-11-19;Online;ONLINE;ONLINE;29069;C0586;1;2;85,48;72,66
V06899;2023-01-25;Tienda física;T011;E0059;29067;C0786;1;1;17,22;17,22
V06900;2023-02-23;Online;ONLINE;ONLINE;47186;C0656;2;5;84,44;84,44
V06901;2022-05-23;Online;ONLINE;ONLINE;41059;C0332;3;3;53,26;50,97
V06902;2022-02-01;Tienda física;T008;E0044;8015;C0530;4;4;137,46;136,57
V06903;2022-10-31;Tienda física;T010;E0055;46250;C0609;2;3;82,18;80,96
V06904;2023-03-08;Tienda física;T008;E0042;48020;C0451;1;1;14,37;13,65
V06905;2022-05-15;Online;ONLINE;ONLINE;8019;C0409;4;6;154,27;143,34
V06906;2022-03-06;Online;ONLINE;ONLINE;50297;C0369;1;1;20,95;20,95
V06907;2022-01-28;Tienda física;T006;E0032;41091;SIN_REGISTRO;7;7;235,86;231,58
V06908;2022-07-23;Tienda física;T005;E0027;28079;C0304;3;3;77,85;75,54
V06909;2022-03-11;Tienda física;T004;E0020;46192;C0249;1;2;33,28;31,62
V06910;2023-11-27;Online;ONLINE;ONLINE;;SIN_REGISTRO;1;2;22,28;18,94
V06911;2023-03-10;Tienda física;T003;E0017;28079;C0485;4;4;82,26;80,77
V06912;2022-11-20;Online;ONLINE;ONLINE;41038;C0044;2;2;81,18;79,87
V06913;2022-12-22;Online;ONLINE;ONLINE;46192;C0238;1;2;42,48;38,23
V06914;2023-08-09;Tienda física;T011;E0060;46192;C0619;3;4;68,57;67,17
V06915;2022-05-13;Tienda física;T010;E0051;48044;C0076;2;3;108,09;100,04
V06916;2022-11-06;Online;ONLINE;ONLINE;8019;C0468;2;2;31,62;31,62
V06917;2022-09-09;Tienda física;T007;E0037;29069;C0393;4;6;237,73;224,98
V06918;2022-11-11;Online;ONLINE;ONLINE;28115;C0033;3;4;81,23;80,41
V06919;2022-02-27;Tienda física;T012;E0065;28074;C0731;3;5;108,92;101,81
V06920;2022-09-28;Online;ONLINE;ONLINE;28115;C0614;1;1;13,66;11,61
V06921;2022-08-07;Online;ONLINE;ONLINE;46250;C0135;2;4;65,01;62,37
V06922;2023-12-13;Tienda física;T003;E0017;28006;C0111;2;3;40,93;40,2
V06923;2022-11-23;Online;ONLINE;ONLINE;28074;C0021;4;5;86,06;80,29
V06924;2022-05-07;Online;ONLINE;ONLINE;46250;C0060;1;2;71,02;63,92
V06925;2023-10-21;Tienda física;T012;E0062;28006;C0111;2;4;88,73;83,1
V06926;2023-03-22;Tienda física;T005;E0027;8019;SIN_REGISTRO;3;4;126,03;119,57
V06927;2023-02-19;Online;ONLINE;ONLINE;29069;C0393;2;2;30,37;28,11
V06928;2023-03-16;Online;ONLINE;ONLINE;28079;C0560;2;2;35,41;35,41
V06929;2022-05-07;Online;ONLINE;ONLINE;28079;C0005;4;4;60,11;57,14
V06930;2022-07-19;Online;ONLINE;ONLINE;8015;C0287;2;4;100,07;100,07
V06931;2022-09-28;Online;ONLINE;ONLINE;41038;C0518;1;2;25,66;21,81
V06932;2023-02-10;Tienda física;T007;E0037;48020;C0513;2;2;41,24;38,86
V06933;2023-01-19;Tienda física;T012;E0061;8019;C0070;3;7;178,42;160,61
V06934;2022-02-20;Tienda física;T002;E0007;28006;C0197;1;1;24,99;24,99
V06935;2023-12-12;Tienda física;T002;E0009;50297;C0654;2;5;99,85;96,19
V06936;2022-04-01;Online;ONLINE;ONLINE;28079;C0797;1;4;59,32;53,39
V06937;2022-09-08;Online;ONLINE;ONLINE;28115;C0320;1;1;18,54;18,54
V06938;2023-08-01;Online;ONLINE;ONLINE;46250;C0609;3;4;61,87;60,85
V06939;2022-01-27;Tienda física;T010;E0053;28115;C0775;1;1;18,98;17,08
V06940;2023-03-19;Online;ONLINE;ONLINE;48020;C0132;1;1;15,36;14,59
V06941;2022-08-11;Tienda física;T001;E0004;28074;C0581;3;3;81,79;77,82
V06942;2023-12-08;Tienda física;T001;E0004;29069;C0650;2;4;59,28;54,51
V06943;2022-08-06;Online;ONLINE;ONLINE;41091;C0692;1;2;68,96;58,62
V06944;2022-08-04;Tienda física;T009;E0046;41038;C0448;2;2;35,13;31,62
V06945;2022-10-24;Tienda física;T009;E0049;28074;C0361;1;2;50,98;50,98
V06946;2022-07-10;Tienda física;T007;E0036;46192;C0200;5;7;188,97;185,97
V06947;2022-11-26;Online;ONLINE;ONLINE;41059;C0035;2;3;62,3;60,61
V06948;2023-02-09;Tienda física;T005;E0025;41059;C0059;3;5;66,75;64,72
V06949;2023-09-25;Tienda física;T008;E0041;28074;C0389;1;1;17,65;15,88
V06950;2022-09-22;Tienda física;T005;E0026;8019;C0312;1;1;19,26;19,26
V06951;2023-04-30;Tienda física;T011;E0056;28079;C0597;5;9;169,56;165,42
V06952;2022-08-18;Tienda física;T008;E0043;46250;C0793;1;1;31,98;27,18
V06953;2023-10-30;Tienda física;T007;E0039;48020;C0702;1;2;39;39
V06954;2022-05-20;Tienda física;T012;E0063;28006;SIN_REGISTRO;6;12;328,92;318,47
V06955;2022-01-23;Tienda física;T005;E0028;41059;C0018;1;2;39,5;35,55
V06956;2022-09-15;Tienda física;T011;E0057;50297;SIN_REGISTRO;2;2;43,17;41,55
V06957;2022-03-08;Tienda física;T001;E0002;8019;C0041;1;1;14,15;13,44
V06958;2022-08-22;Tienda física;T009;E0047;41038;C0523;1;1;14,83;14,83
V06959;2022-10-28;Tienda física;T007;E0035;28006;C0422;2;4;86,58;86,58
V06960;2022-11-01;Online;ONLINE;ONLINE;29067;C0769;6;7;139,99;131,07
V06961;2023-09-12;Online;ONLINE;ONLINE;48044;C0356;3;5;93,11;87,45
V06962;2023-09-15;Online;ONLINE;ONLINE;;SIN_REGISTRO;1;3;53,88;53,88
V06963;2022-12-06;Tienda física;T003;E0016;29067;C0623;2;2;19,84;19,84
V06964;2022-12-03;Tienda física;T003;E0014;8019;C0494;3;5;115,42;107,64
V06965;2022-05-10;Tienda física;T003;E0015;8019;C0391;1;1;19,32;18,35
V06966;2023-03-30;Online;ONLINE;ONLINE;28115;C0345;1;1;21,82;21,82
V06967;2023-08-06;Tienda física;T008;E0043;29069;C0393;3;3;48,45;44,22
V06968;2022-07-26;Tienda física;T002;E0009;28115;SIN_REGISTRO;1;2;80,58;72,52
V06969;2022-05-08;Tienda física;T006;E0030;8019;C0796;1;1;28,77;28,77
V06970;2023-02-07;Tienda física;T001;E0006;28079;C0410;2;3;32,28;32,28
V06971;2022-08-07;Tienda física;T004;E0020;28074;C0677;1;1;19,04;16,18
V06972;2022-07-08;Online;ONLINE;ONLINE;41059;C0536;1;3;86,91;82,56
V06973;2022-05-12;Online;ONLINE;ONLINE;;SIN_REGISTRO;4;6;104,24;103,51
V06974;2023-04-24;Tienda física;T005;E0025;41038;C0044;3;4;72,71;68,26
V06975;2022-07-28;Online;ONLINE;ONLINE;28079;C0121;5;7;152,21;147,21
V06976;2023-06-03;Online;ONLINE;ONLINE;28006;C0496;1;1;30,27;25,73
V06977;2023-02-12;Tienda física;T001;E0006;8019;C0741;2;2;37,01;36,04
V06978;2023-05-05;Tienda física;T002;E0008;46192;C0219;1;1;14,38;14,38
V06979;2022-01-04;Tienda física;T002;E0013;28065;C0564;1;1;14,56;14,56
V06980;2022-02-23;Tienda física;T003;E0016;41091;C0692;2;2;37,17;37,17
V06981;2022-02-05;Tienda física;T011;E0058;41038;C0700;1;1;29,33;29,33
V06982;2022-06-23;Tienda física;T009;E0048;46192;C0456;2;3;53,74;50,77
V06983;2022-05-19;Tienda física;T001;E0004;41059;C0114;1;1;39,88;33,9
V06984;2022-03-28;Tienda física;T007;E0037;8019;C0221;3;5;110,64;97,12
V06985;2023-10-18;Online;ONLINE;ONLINE;46192;C0488;3;3;84,71;83,49
V06986;2022-02-24;Tienda física;T010;E0054;29069;C0781;7;10;179,83;175,91
V06987;2022-10-04;Tienda física;T005;E0027;41059;C0346;2;2;52,32;52,32
V06988;2023-04-30;Online;ONLINE;ONLINE;28065;C0755;1;2;43,02;43,02
V06989;2023-03-15;Tienda física;T008;E0040;29067;C0283;7;11;273,98;268,37
V06990;2022-05-22;Tienda física;T001;E0004;28079;C0083;2;3;57,39;57,39
V06991;2023-03-17;Tienda física;T007;E0035;28115;C0300;2;3;45,94;44,9
V06992;2022-02-10;Tienda física;T004;E0023;41038;C0188;2;3;57,75;57,75
V06993;2022-07-15;Online;ONLINE;ONLINE;28079;C0026;1;1;13,78;12,4
V06994;2023-10-12;Tienda física;T002;E0013;28074;C0020;1;1;25,78;24,49
V06995;2023-02-26;Tienda física;T012;E0065;29067;C0585;1;3;78,9;67,06
V06996;2022-10-17;Tienda física;T005;E0027;8019;C0646;1;1;16,73;15,06
V06997;2022-10-01;Online;ONLINE;ONLINE;28006;C0496;2;4;57,22;57,22
V06998;2023-10-24;Online;ONLINE;ONLINE;48020;C0616;3;4;75,3;72,15
V06999;2022-04-17;Tienda física;T009;E0048;29069;C0459;2;3;111;99,9
V07000;2023-08-25;Tienda física;T005;E0028;41091;C0531;4;6;117,13;109,29
V07001;2023-08-12;Tienda física;T006;E0033;8015;C0577;3;3;91,72;85,68
V07002;2023-09-05;Tienda física;T006;E0031;29067;C0403;1;1;15,31;15,31
V07003;2023-09-06;Tienda física;T004;E0021;48020;C0600;8;12;303,12;294,78
V07004;2022-02-05;Tienda física;T010;E0051;8019;C0400;1;2;48,28;43,45
V07005;2022-11-18;Online;ONLINE;ONLINE;28079;C0121;2;2;40,38;40,38
V07006;2023-09-04;Tienda física;T001;E0001;28079;SIN_REGISTRO;1;1;15,85;13,47
V07007;2022-05-27;Online;ONLINE;ONLINE;48044;C0078;1;2;29,28;27,82
V07008;2022-10-31;Tienda física;T007;E0038;29069;C0128;1;2;24,32;24,32
V07009;2022-05-15;Tienda física;T004;E0021;28074;C0625;4;5;82,37;77,42
V07010;2023-08-28;Online;ONLINE;ONLINE;46192;C0088;3;3;61,53;60,32
V07011;2022-04-14;Tienda física;T011;E0060;48020;C0191;1;3;81,54;81,54
V07012;2022-06-10;Tienda física;T008;E0042;8015;C0668;2;5;140,44;121,65
V07013;2023-11-08;Tienda física;T008;E0042;48020;SIN_REGISTRO;1;3;40,02;40,02
V07014;2023-09-23;Online;ONLINE;ONLINE;28006;C0215;1;1;24,31;24,31
V07015;2022-08-22;Tienda física;T011;E0060;28074;C0608;1;1;17,64;17,64
V07016;2022-01-05;Online;ONLINE;ONLINE;8019;C0053;1;2;45,3;38,5
V07017;2022-07-06;Tienda física;T011;E0059;28006;C0387;2;2;45,53;39,52
V07018;2023-03-24;Tienda física;T006;E0032;41091;C0153;4;7;171,77;165,56
V07019;2022-05-21;Online;ONLINE;ONLINE;46192;C0254;5;5;106,4;103,68
V07020;2023-05-25;Tienda física;T003;E0017;29067;C0626;1;1;13,83;13,83
V07021;2023-10-15;Online;ONLINE;ONLINE;41038;C0761;2;3;119,79;119,79
V07022;2023-02-12;Online;ONLINE;ONLINE;47186;C0094;3;6;93,83;87,05
V07023;2023-06-01;Tienda física;T009;E0048;28006;C0373;1;1;20,63;17,54
V07024;2022-03-07;Tienda física;T002;E0010;28074;C0457;4;7;95,39;93,2
V07025;2022-05-12;Online;ONLINE;ONLINE;41091;C0744;1;1;26,34;26,34
V07026;2023-06-23;Tienda física;T004;E0020;48020;C0201;1;1;13,3;11,3
V07027;2022-03-01;Online;ONLINE;ONLINE;8019;C0714;1;3;128,7;128,7
V07028;2022-03-11;Online;ONLINE;ONLINE;28079;C0242;2;4;223,69;222,77
V07029;2023-01-29;Online;ONLINE;ONLINE;;SIN_REGISTRO;1;4;67,96;57,77
V07030;2022-07-24;Online;ONLINE;ONLINE;50297;C0747;2;2;22,4;20,03
V07031;2023-08-13;Tienda física;T009;E0048;48044;C0280;1;1;17,5;14,88
V07032;2023-02-15;Online;ONLINE;ONLINE;28079;C0019;3;5;163,34;162,64
V07033;2023-08-12;Tienda física;T009;E0047;29069;C0423;3;4;110,45;108,13
V07034;2023-02-05;Tienda física;T012;E0062;47186;C0292;5;9;150,23;149,74
V07035;2023-06-12;Tienda física;T001;E0004;41059;C0429;3;3;69,98;66,87
V07036;2023-10-01;Online;ONLINE;ONLINE;41091;C0302;3;3;67,57;65,01
V07037;2022-07-17;Tienda física;T003;E0015;28115;C0307;7;9;197,05;179,53
V07038;2022-01-04;Tienda física;T004;E0019;8019;SIN_REGISTRO;2;4;69,6;67,57
V07039;2022-06-07;Online;ONLINE;ONLINE;28115;C0775;2;2;26,32;25,75
V07040;2022-05-03;Tienda física;T008;E0043;41059;C0346;1;1;23,77;23,77
V07041;2023-08-11;Tienda física;T006;E0033;28115;C0427;1;4;73,96;73,96
V07042;2022-03-27;Online;ONLINE;ONLINE;29069;C0613;3;4;91,68;90,9
V07043;2022-05-16;Tienda física;T010;E0052;29069;SIN_REGISTRO;2;3;41,01;41,01
V07044;2023-03-05;Tienda física;T006;E0031;41038;C0486;1;1;11,92;11,92
V07045;2022-11-23;Online;ONLINE;ONLINE;;SIN_REGISTRO;2;5;173,15;148,02
V07046;2023-12-02;Online;ONLINE;ONLINE;8015;C0587;1;1;33,88;30,49
V07047;2022-10-12;Tienda física;T006;E0031;28079;C0750;2;2;78,35;74
V07048;2023-11-13;Online;ONLINE;ONLINE;29069;C0622;2;2;58,37;54,95
V07049;2022-11-27;Tienda física;T011;E0060;46192;C0462;1;2;43,74;43,74
V07050;2023-05-21;Online;ONLINE;ONLINE;50297;C0042;3;5;108,53;106,57
V07051;2022-06-26;Tienda física;T008;E0044;28006;C0736;1;2;23,86;23,86
V07052;2023-03-18;Tienda física;T003;E0016;28115;C0426;3;3;77,57;73,29
V07053;2022-01-08;Online;ONLINE;ONLINE;29069;C0182;2;4;110,76;107,37
V07054;2023-06-21;Tienda física;T012;E0064;28074;C0122;2;5;74,83;71,99
V07055;2023-06-18;Online;ONLINE;ONLINE;50297;C0260;1;1;37,32;35,45
V07056;2022-10-26;Online;ONLINE;ONLINE;41059;C0114;1;1;9,88;8,4
V07057;2023-01-01;Online;ONLINE;ONLINE;8019;C0764;2;2;37,77;36,7
V07058;2023-01-27;Tienda física;T012;E0063;48044;C0529;2;5;123,23;118,93
V07059;2022-11-29;Tienda física;T006;E0031;29067;C0487;1;2;32,82;32,82
V07060;2022-06-29;Tienda física;T011;E0056;47186;C0601;1;1;13,36;13,36
V07061;2022-09-24;Tienda física;T009;E0046;48044;SIN_REGISTRO;3;3;48,07;47,41
V07062;2022-10-31;Online;ONLINE;ONLINE;29069;C0393;2;4;122,76;122,76
V07063;2022-07-26;Online;ONLINE;ONLINE;8015;C0418;2;2;25,58;24,36
V07064;2023-07-02;Online;ONLINE;ONLINE;;SIN_REGISTRO;3;4;92,93;90,73
V07065;2023-06-09;Online;ONLINE;ONLINE;47186;C0358;6;6;194,08;193,12
V07066;2023-04-27;Tienda física;T001;E0003;48020;C0201;5;7;208,17;197,52
V07067;2023-04-09;Online;ONLINE;ONLINE;28079;C0722;1;1;18,44;18,44
V07068;2023-02-23;Online;ONLINE;ONLINE;46192;C0325;1;4;44,84;44,84
V07069;2023-09-30;Tienda física;T007;E0035;28079;C0049;1;3;66,9;66,9
V07070;2022-06-07;Online;ONLINE;ONLINE;46192;C0509;4;5;105,96;99,12
V07071;2022-03-04;Tienda física;T007;E0037;46250;C0229;1;1;11,3;11,3
V07072;2023-12-12;Tienda física;T005;E0025;41059;C0072;2;4;60,16;58,5
V07073;2023-07-08;Tienda física;T010;E0051;41038;C0525;3;7;83,57;78,69
V07074;2022-02-01;Online;ONLINE;ONLINE;29067;C0691;4;10;208,84;197,6
V07075;2022-03-12;Tienda física;T003;E0017;41059;C0059;3;3;44,68;43,65
V07076;2023-11-16;Tienda física;T008;E0040;28065;C0637;2;4;53,34;48,01
V07077;2023-08-21;Tienda física;T002;E0011;41091;C0159;2;2;37,59;36,54
V07078;2023-09-14;Tienda física;T001;E0002;28065;C0550;2;4;65,76;64,62
V07079;2023-08-13;Tienda física;T011;E0057;50297;SIN_REGISTRO;3;4;88,84;87
V07080;2022-10-07;Online;ONLINE;ONLINE;28074;C0350;5;9;292,55;290,44
V07081;2023-07-23;Online;ONLINE;ONLINE;;SIN_REGISTRO;2;3;41,17;41,17
V07082;2022-08-03;Tienda física;T009;E0046;28074;C0350;2;2;61,47;61,47
V07083;2023-09-17;Online;ONLINE;ONLINE;48020;C0364;1;1;14,29;14,29
V07084;2022-11-02;Online;ONLINE;ONLINE;41059;C0516;1;2;23,32;23,32
V07085;2023-04-21;Online;ONLINE;ONLINE;41038;C0096;1;1;14,06;14,06
V07086;2023-01-22;Online;ONLINE;ONLINE;28079;C0690;2;3;54,1;49,16
V07087;2022-11-03;Tienda física;T002;E0013;28074;C0245;2;3;49,92;47,23
V07088;2023-08-10;Tienda física;T010;E0050;47186;C0095;1;2;30,44;30,44
V07089;2023-10-18;Online;ONLINE;ONLINE;28079;C0019;2;2;38,04;35,19
V07090;2023-08-10;Tienda física;T010;E0051;8019;C0016;1;1;18,01;18,01
V07091;2022-12-11;Online;ONLINE;ONLINE;48044;C0636;1;1;16,96;15,26
V07092;2022-05-24;Online;ONLINE;ONLINE;28006;C0256;2;3;97,79;87,53
V07093;2022-01-02;Tienda física;T005;E0026;28115;C0537;1;1;13,14;13,14
V07094;2022-10-04;Online;ONLINE;ONLINE;28079;C0375;1;1;22,3;22,3
V07095;2022-08-27;Tienda física;T003;E0017;28074;C0100;2;3;51,66;50,67
V07096;2023-06-28;Tienda física;T003;E0014;47186;C0483;2;5;76,45;69,22
V07097;2022-12-07;Online;ONLINE;ONLINE;28065;C0593;2;6;77,74;73,06
V07098;2023-09-18;Tienda física;T003;E0014;8019;C0766;6;9;177,64;169,39
V07099;2022-07-15;Online;ONLINE;ONLINE;28115;C0499;2;3;60,71;60,71
V07100;2022-02-11;Tienda física;T004;E0021;41059;C0429;1;2;37,1;37,1
V07101;2023-08-01;Online;ONLINE;ONLINE;28115;C0720;2;5;48,87;43,75
V07102;2023-11-12;Tienda física;T002;E0012;41038;C0105;1;1;19,83;18,84
V07103;2022-10-20;Tienda física;T002;E0007;48044;C0636;2;3;47,79;44,02
V07104;2023-04-17;Online;ONLINE;ONLINE;46192;C0501;2;2;16,33;16,33
V07105;2022-04-27;Tienda física;T007;E0037;46250;SIN_REGISTRO;6;6;193,21;181,8
V07106;2022-03-10;Online;ONLINE;ONLINE;;SIN_REGISTRO;1;4;99,76;89,78
V07107;2022-10-01;Tienda física;T002;E0013;28006;C0519;3;3;52,72;50,53
V07108;2022-07-26;Online;ONLINE;ONLINE;48044;C0003;2;2;54,08;54,08
V07109;2023-09-13;Online;ONLINE;ONLINE;41091;C0193;1;2;30,06;30,06
V07110;2023-12-15;Tienda física;T002;E0011;28079;C0162;4;7;232,45;218,14
V07111;2022-04-19;Tienda física;T003;E0017;48044;C0737;5;7;123,67;118,6
V07112;2022-06-12;Tienda física;T010;E0054;48044;C0763;1;1;14,78;14,78
V07113;2022-06-22;Online;ONLINE;ONLINE;8019;C0521;3;4;99,02;98,06
V07114;2023-10-21;Online;ONLINE;ONLINE;28079;C0375;1;1;13,58;13,58
V07115;2023-09-30;Tienda física;T008;E0042;48020;SIN_REGISTRO;1;1;20,02;20,02
V07116;2023-04-16;Tienda física;T008;E0040;28115;C0703;5;8;205,6;197,98
V07117;2022-10-27;Tienda física;T012;E0062;48044;C0303;1;2;25,32;22,79
V07118;2022-04-12;Online;ONLINE;ONLINE;28074;C0100;2;3;64,58;63,83
V07119;2023-12-18;Tienda física;T011;E0057;28115;C0500;1;1;26,09;26,09
V07120;2023-02-17;Tienda física;T005;E0028;29069;C0575;1;4;99,44;99,44
V07121;2023-11-04;Tienda física;T010;E0052;41059;C0405;5;5;176,71;170,32
V07122;2023-01-16;Tienda física;T006;E0030;28065;C0550;7;13;253,36;247,55
V07123;2023-04-25;Online;ONLINE;ONLINE;47186;C0292;2;2;55,33;53,57
V07124;2022-10-29;Tienda física;T008;E0041;41059;C0032;5;6;132,39;130,31
V07125;2023-01-06;Tienda física;T011;E0056;47186;C0390;1;2;22,84;22,84
V07126;2023-03-01;Tienda física;T010;E0052;28006;C0526;2;3;94,59;89,82
V07127;2023-03-07;Tienda física;T005;E0026;46192;C0384;6;7;188,54;182,97
V07128;2022-05-17;Tienda física;T004;E0020;48020;C0505;1;3;42,75;40,61
V07129;2022-08-14;Tienda física;T001;E0004;28006;C0348;1;1;42,87;36,44
V07130;2022-05-02;Online;ONLINE;ONLINE;46192;C0748;2;3;42,5;40,37
V07131;2022-06-05;Tienda física;T002;E0010;28115;C0426;1;2;75,4;75,4
V07132;2023-04-28;Tienda física;T006;E0033;8019;C0174;1;1;16,43;13,97
V07133;2022-02-06;Tienda física;T001;E0005;28079;SIN_REGISTRO;1;1;15,07;12,81
V07134;2022-11-20;Tienda física;T003;E0014;8015;C0418;2;5;98,45;98,45
V07135;2022-02-26;Online;ONLINE;ONLINE;29069;C0399;2;3;71,02;63,95
V07136;2023-04-23;Online;ONLINE;ONLINE;;SIN_REGISTRO;2;2;25,43;24,75
V07137;2023-12-22;Tienda física;T009;E0049;46192;C0382;1;1;16,49;16,49
V07138;2023-10-05;Online;ONLINE;ONLINE;;SIN_REGISTRO;4;5;161,71;155,32
V07139;2023-05-24;Online;ONLINE;ONLINE;29069;C0399;2;2;43,17;40,36
V07140;2022-07-27;Tienda física;T009;E0049;28115;C0788;4;5;60,98;56,98
V07141;2023-07-12;Tienda física;T005;E0029;28006;C0606;1;2;52,84;47,56
V07142;2023-04-09;Tienda física;T002;E0008;48020;C0599;4;4;121,76;112,5
V07143;2023-04-19;Online;ONLINE;ONLINE;29069;C0459;5;8;179,74;170,64
V07144;2022-12-28;Tienda física;T011;E0059;50297;SIN_REGISTRO;2;2;45,49;43,07
V07145;2022-11-25;Tienda física;T008;E0045;41091;C0193;4;6;107,37;105,31
V07146;2023-07-26;Tienda física;T008;E0045;48044;C0636;1;1;20,79;18,71
V07147;2023-01-14;Tienda física;T007;E0038;41038;C0177;2;2;26,24;24,74
V07148;2022-06-21;Tienda física;T012;E0062;46250;C0081;1;4;72,32;68,7
V07149;2023-06-02;Tienda física;T009;E0048;28074;C0357;2;3;63,58;63,58
V07150;2023-02-25;Online;ONLINE;ONLINE;28065;C0683;5;5;166,3;150,93
V07151;2022-06-09;Tienda física;T004;E0019;47186;C0023;2;3;62,02;58,09
V07152;2023-02-13;Online;ONLINE;ONLINE;28065;C0683;2;2;40,01;38,86
V07153;2022-09-01;Online;ONLINE;ONLINE;48020;C0616;2;2;54,8;49,32
V07154;2023-11-29;Tienda física;T005;E0027;28079;C0443;6;9;163,73;156,63
V07155;2022-04-28;Online;ONLINE;ONLINE;41038;C0177;4;7;161,62;151,17
V07156;2023-10-10;Tienda física;T010;E0054;8015;C0418;1;2;79,46;79,46
V07157;2023-07-15;Tienda física;T005;E0027;8019;SIN_REGISTRO;2;3;58,75;55,22
V07158;2022-06-08;Tienda física;T004;E0020;29069;C0553;2;2;70,09;68,18
V07159;2023-11-03;Tienda física;T007;E0037;46250;SIN_REGISTRO;2;2;31,79;31,25
V07160;2022-01-28;Tienda física;T011;E0057;48020;C0629;2;2;36,9;32,37
V07161;2022-01-08;Tienda física;T001;E0005;41059;C0368;2;2;89,81;81,89
V07162;2023-09-03;Online;ONLINE;ONLINE;50297;C0567;4;5;86,29;85,97
V07163;2022-02-18;Tienda física;T003;E0017;47186;C0308;8;10;287,01;278,67
V07164;2022-08-13;Online;ONLINE;ONLINE;8019;C0371;2;2;55,44;52,67
V07165;2023-08-27;Tienda física;T010;E0053;41091;C0506;2;3;52,7;49,44
V07166;2023-02-01;Online;ONLINE;ONLINE;;SIN_REGISTRO;1;3;33,3;29,97
V07167;2022-08-18;Tienda física;T008;E0045;41091;C0259;1;2;30,42;30,42
V07168;2023-11-09;Online;ONLINE;ONLINE;8015;C0668;1;1;14,37;14,37
V07169;2022-02-17;Tienda física;T007;E0036;48020;C0012;2;5;61,84;61,84
V07170;2022-02-15;Online;ONLINE;ONLINE;41091;C0194;2;5;93,34;89,57
V07171;2022-12-02;Tienda física;T005;E0025;28065;C0683;2;2;47,95;45,55
V07172;2023-06-16;Online;ONLINE;ONLINE;;SIN_REGISTRO;1;2;26,46;22,49
V07173;2022-07-15;Online;ONLINE;ONLINE;41038;C0061;4;4;131,58;123,88
V07174;2023-12-09;Online;ONLINE;ONLINE;48044;C0772;2;4;58,83;55,89
V07175;2023-05-14;Tienda física;T002;E0009;28115;C0782;3;8;281,47;268,93
V07176;2022-04-14;Tienda física;T004;E0022;8015;C0046;2;2;30,86;29,12
V07177;2022-04-13;Online;ONLINE;ONLINE;46192;C0051;2;2;27,93;27,93
V07178;2022-12-15;Tienda física;T009;E0046;28074;C0225;1;1;20,3;17,25
V07179;2023-11-29;Tienda física;T003;E0016;29069;C0040;1;1;15,53;15,53
V07180;2023-11-24;Tienda física;T001;E0003;8019;C0163;1;1;13,76;13,76
V07181;2022-05-11;Online;ONLINE;ONLINE;;SIN_REGISTRO;1;1;34,55;29,37
V07182;2023-06-22;Online;ONLINE;ONLINE;8015;C0706;1;1;13,91;13,21
V07183;2023-06-13;Online;ONLINE;ONLINE;8015;C0604;2;3;57,11;56,32
V07184;2022-09-27;Tienda física;T007;E0036;8019;C0472;3;3;80,6;77,57
V07185;2023-01-12;Online;ONLINE;ONLINE;8019;C0414;1;3;46,14;41,53
V07186;2022-04-18;Online;ONLINE;ONLINE;48044;C0729;1;1;13,82;13,82
V07187;2022-03-07;Tienda física;T010;E0052;29069;SIN_REGISTRO;4;5;102,7;101,63
V07188;2022-02-22;Tienda física;T009;E0049;50297;C0030;1;4;77,28;65,69
V07189;2022-06-06;Tienda física;T010;E0051;28115;C0199;2;2;32,39;31,66
V07190;2022-02-20;Tienda física;T003;E0015;28065;C0416;2;3;51,9;51,9
V07191;2023-07-03;Tienda física;T010;E0051;8019;C0784;1;1;19,87;18,88
V07192;2022-11-29;Online;ONLINE;ONLINE;29069;C0374;1;1;19,8;16,83
V07193;2023-07-01;Online;ONLINE;ONLINE;28079;C0443;1;4;40,96;36,86
V07194;2022-02-08;Tienda física;T004;E0020;29069;C0248;2;4;64,23;58,69
V07195;2023-04-07;Tienda física;T002;E0008;28115;SIN_REGISTRO;1;1;18,55;16,7
V07196;2023-07-05;Online;ONLINE;ONLINE;47186;C0358;1;1;14,08;14,08
V07197;2022-08-26;Tienda física;T005;E0025;28079;C0698;2;3;66,75;60,01
V07198;2023-10-05;Online;ONLINE;ONLINE;46192;C0200;3;3;48,64;47,35
V07199;2023-03-13;Online;ONLINE;ONLINE;28006;C0455;1;4;74,2;66,78
V07200;2022-09-27;Tienda física;T012;E0064;47186;C0308;4;6;148,17;144,02
V07201;2023-08-12;Tienda física;T008;E0042;29067;C0620;5;11;272,9;270,47
V07202;2022-08-26;Tienda física;T002;E0013;29067;C0283;3;6;98,94;92,3
V07203;2022-11-02;Online;ONLINE;ONLINE;46250;C0547;2;2;41,89;41,89
V07204;2023-03-19;Tienda física;T002;E0011;28079;C0485;2;3;76,36;73,93
V07205;2023-09-20;Online;ONLINE;ONLINE;41038;C0055;2;3;51,61;50,92
V07206;2022-08-12;Tienda física;T008;E0041;41091;C0069;1;1;19,64;18,66
V07207;2022-05-02;Tienda física;T001;E0003;28079;SIN_REGISTRO;1;1;19,76;19,76
V07208;2023-01-10;Tienda física;T002;E0007;28074;C0589;2;3;76,23;72,42
V07209;2023-09-08;Tienda física;T001;E0002;41059;C0315;2;4;111,32;103,5
V07210;2023-11-10;Tienda física;T010;E0051;8015;C0284;8;14;252,03;242,1
V07211;2022-04-17;Online;ONLINE;ONLINE;28115;C0241;1;3;58,08;52,27
V07212;2023-07-27;Tienda física;T010;E0051;28074;C0100;9;12;379,78;358,44
V07213;2023-12-29;Online;ONLINE;ONLINE;;SIN_REGISTRO;1;3;59,07;59,07
V07214;2023-08-02;Tienda física;T003;E0017;8019;C0221;2;2;66,41;65,12
V07215;2023-07-27;Tienda física;T010;E0055;28115;C0477;4;4;78,87;75,46
V07216;2023-10-20;Online;ONLINE;ONLINE;29069;C0235;2;2;43,63;42,17
V07217;2022-08-21;Tienda física;T008;E0041;29067;C0458;4;6;151;149,73
V07218;2022-04-03;Online;ONLINE;ONLINE;41091;C0392;5;6;102,57;98,62
V07219;2022-03-12;Online;ONLINE;ONLINE;47186;C0094;1;1;13;11,7
V07220;2023-10-04;Online;ONLINE;ONLINE;29069;C0209;1;1;16,6;14,11
V07221;2023-07-05;Tienda física;T002;E0012;28006;C0422;1;1;18,31;18,31
V07222;2023-02-03;Tienda física;T007;E0039;46192;C0009;4;6;80,66;76,56
V07223;2022-08-01;Tienda física;T007;E0037;47186;C0290;2;4;62,67;62,67
V07224;2023-01-29;Tienda física;T012;E0062;41091;C0139;1;1;13,17;12,51
V07225;2023-02-03;Online;ONLINE;ONLINE;8019;C0099;1;1;32,22;32,22
V07226;2022-12-20;Tienda física;T010;E0051;8019;C0473;2;3;46,5;43,94
V07227;2023-07-12;Tienda física;T006;E0032;48020;C0702;9;13;202,91;197,37
V07228;2023-10-05;Online;ONLINE;ONLINE;48044;C0482;1;1;33,9;32,2
V07229;2023-09-17;Tienda física;T005;E0026;29067;C0097;1;1;14,05;14,05
V07230;2022-03-07;Online;ONLINE;ONLINE;28065;C0432;7;9;208,64;202,86
V07231;2022-12-11;Online;ONLINE;ONLINE;8015;C0281;2;2;40,43;38,12
V07232;2022-06-19;Online;ONLINE;ONLINE;;SIN_REGISTRO;1;1;34,29;34,29
V07233;2023-02-19;Tienda física;T005;E0027;41059;C0536;1;2;33,68;30,31
V07234;2023-10-24;Tienda física;T009;E0047;8019;C0312;3;5;106,76;106,76
V07235;2022-08-22;Online;ONLINE;ONLINE;29069;C0235;1;2;21,04;21,04
V07236;2023-11-15;Tienda física;T007;E0037;28115;C0300;3;5;259,7;253,91
V07237;2023-12-17;Online;ONLINE;ONLINE;48044;C0491;1;3;59,01;59,01
V07238;2023-07-30;Tienda física;T003;E0016;28074;C0740;2;2;39,9;38,71
V07239;2023-04-06;Tienda física;T003;E0015;29067;C0431;1;1;16,38;16,38
V07240;2022-05-12;Tienda física;T001;E0003;28079;SIN_REGISTRO;2;2;29,07;26,17
V07241;2023-07-03;Tienda física;T011;E0058;50297;C0013;1;1;16;15,2
V07242;2023-11-12;Tienda física;T009;E0049;28079;C0067;2;2;27,13;24,17
V07243;2022-07-26;Online;ONLINE;ONLINE;46192;C0456;2;2;28,39;27,78
V07244;2023-03-11;Online;ONLINE;ONLINE;29067;C0591;1;1;32,39;27,53
V07245;2022-01-31;Online;ONLINE;ONLINE;48020;C0759;1;1;13,88;12,49
V07246;2023-12-26;Tienda física;T009;E0049;50297;C0295;1;2;52,48;52,48
V07247;2023-07-26;Tienda física;T008;E0044;47186;C0394;2;6;106,4;106,4
V07248;2023-01-22;Tienda física;T005;E0028;29069;C0216;1;1;34,57;32,84
V07249;2022-05-07;Online;ONLINE;ONLINE;29069;C0613;1;2;24,92;22,43
V07250;2023-03-02;Tienda física;T001;E0001;41091;C0342;4;6;218,38;215,28
V07251;2022-03-21;Tienda física;T008;E0045;41091;C0439;4;5;96,8;96,06
V07252;2022-11-17;Online;ONLINE;ONLINE;48020;C0579;2;2;41,39;37,34
V07253;2022-09-04;Online;ONLINE;ONLINE;;SIN_REGISTRO;1;1;13,29;13,29
V07254;2022-02-02;Online;ONLINE;ONLINE;29069;C0539;1;1;25,28;25,28
V07255;2022-05-17;Tienda física;T010;E0052;28079;C0162;2;2;85,89;76,43
V07256;2022-10-03;Online;ONLINE;ONLINE;41059;C0565;5;6;144,03;140,02
V07257;2022-03-16;Online;ONLINE;ONLINE;48020;C0600;1;3;55,35;55,35
V07258;2023-03-10;Tienda física;T004;E0018;29067;C0678;4;5;178,51;171,97
V07259;2023-03-08;Online;ONLINE;ONLINE;28079;C0142;1;1;24,57;23,34
V07260;2023-09-25;Tienda física;T007;E0038;47186;C0635;3;3;65,04;58,08
V07261;2022-04-07;Tienda física;T006;E0033;47186;C0687;2;2;30,59;28,24
V07262;2023-09-22;Online;ONLINE;ONLINE;47186;C0656;1;2;23,92;23,92
V07263;2022-06-03;Tienda física;T008;E0041;29069;C0376;2;2;58,07;53,74
V07264;2022-10-10;Tienda física;T002;E0012;28065;C0413;1;1;12,27;11,66
V07265;2022-10-08;Online;ONLINE;ONLINE;29069;C0586;5;6;140,44;140,44
V07266;2023-09-24;Tienda física;T006;E0032;29069;C0182;3;7;287,97;287,97
V07267;2022-09-09;Online;ONLINE;ONLINE;28079;C0026;2;2;45,99;44,9
V07268;2023-04-14;Online;ONLINE;ONLINE;41059;C0405;1;3;72,57;72,57
V07269;2023-01-05;Tienda física;T003;E0015;47186;C0483;2;2;54,9;53,97
V07270;2022-05-24;Online;ONLINE;ONLINE;8015;C0725;1;1;21,06;20,01
V07271;2022-04-23;Online;ONLINE;ONLINE;28115;C0269;4;4;77,19;75,52
V07272;2022-09-10;Tienda física;T002;E0007;48044;C0190;3;4;51,62;48,41
V07273;2023-01-24;Online;ONLINE;ONLINE;41038;C0177;2;4;79,35;79,35
V07274;2023-08-05;Online;ONLINE;ONLINE;48044;C0172;2;4;93,78;90,08
V07275;2023-10-21;Tienda física;T010;E0053;28006;C0396;1;1;15,89;15,1
V07276;2022-12-31;Online;ONLINE;ONLINE;48020;C0220;2;3;56,85;51,17
V07277;2023-10-17;Tienda física;T005;E0029;48044;C0636;2;2;64,15;64,15
V07278;2023-12-03;Tienda física;T004;E0023;29067;C0623;1;3;36,66;34,83
V07279;2022-09-27;Tienda física;T011;E0056;46192;C0676;1;2;45,9;45,9
V07280;2023-09-15;Online;ONLINE;ONLINE;28079;C0019;1;1;18,79;18,79
V07281;2022-08-10;Online;ONLINE;ONLINE;28065;C0745;3;5;166,23;158,46
V07282;2022-01-03;Tienda física;T011;E0058;28074;C0208;7;9;296,71;287,12
V07283;2022-12-18;Tienda física;T003;E0015;8019;C0784;3;3;53,73;52,68
V07284;2022-10-05;Tienda física;T007;E0035;28079;C0336;1;2;28,7;28,7
V07285;2023-07-17;Tienda física;T006;E0032;28074;C0753;1;1;13,41;12,74
V07286;2022-05-25;Online;ONLINE;ONLINE;28079;C0170;4;6;176,06;167,79
V07287;2023-08-10;Tienda física;T005;E0027;28079;C0082;1;1;14,45;14,45
V07288;2023-04-26;Online;ONLINE;ONLINE;8019;C0768;1;1;40,77;40,77
V07289;2022-03-09;Online;ONLINE;ONLINE;41038;C0237;2;4;50,4;46,31
V07290;2022-10-10;Online;ONLINE;ONLINE;41059;C0405;1;2;26,58;25,25
V07291;2023-01-18;Tienda física;T006;E0032;29069;C0622;1;1;13;11,05
V07292;2022-10-27;Online;ONLINE;ONLINE;41091;C0066;1;1;13,7;12,33
V07293;2022-06-02;Tienda física;T012;E0062;46192;C0462;2;3;41,89;40,08
V07294;2022-04-28;Online;ONLINE;ONLINE;28115;C0345;1;1;14;14
V07295;2023-06-23;Online;ONLINE;ONLINE;48044;C0356;1;1;18,4;16,56
V07296;2023-08-27;Tienda física;T011;E0059;46192;C0488;1;2;24,66;24,66
V07297;2022-03-07;Tienda física;T008;E0041;48044;C0596;1;2;56,66;56,66
V07298;2022-10-24;Online;ONLINE;ONLINE;41059;C0643;1;1;10,11;10,11
V07299;2022-10-20;Tienda física;T011;E0058;41091;C0644;4;5;87,73;83,75
V07300;2023-05-23;Tienda física;T008;E0043;28006;C0455;2;4;94,69;82,04
V07301;2023-03-12;Tienda física;T004;E0022;46192;C0508;1;2;32,1;32,1
V07302;2022-02-23;Tienda física;T009;E0047;29069;C0265;1;1;31,8;27,03
V07303;2023-05-30;Tienda física;T004;E0021;28079;C0251;1;1;20,84;20,84
V07304;2022-04-13;Online;ONLINE;ONLINE;;SIN_REGISTRO;2;2;107,95;102,92
V07305;2022-09-07;Tienda física;T006;E0031;8019;C0148;1;4;65,04;65,04
V07306;2022-07-31;Tienda física;T010;E0050;8015;C0029;1;1;31,9;28,71
V07307;2022-11-29;Online;ONLINE;ONLINE;28079;C0722;5;7;202,61;192,01
V07308;2022-09-14;Tienda física;T007;E0037;46192;C0462;1;2;33,1;33,1
V07309;2023-05-08;Tienda física;T004;E0019;48044;C0412;4;6;108,54;104,88
V07310;2022-06-24;Tienda física;T010;E0054;41059;C0228;2;6;156,96;134,81
V07311;2022-01-16;Tienda física;T012;E0063;8019;C0355;4;6;133,15;132,38
V07312;2023-07-16;Online;ONLINE;ONLINE;29069;C0650;1;4;133,56;126,88
V07313;2022-02-16;Online;ONLINE;ONLINE;41091;C0502;2;3;58,35;53,65
V07314;2023-10-09;Tienda física;T010;E0054;46250;C0135;3;3;81,93;78,38
V07315;2023-03-10;Online;ONLINE;ONLINE;46192;C0271;2;4;54,08;54,08
V07316;2022-12-05;Tienda física;T006;E0031;46192;C0733;5;6;174,97;170,13
V07317;2023-02-21;Online;ONLINE;ONLINE;46192;C0325;2;3;66,13;61,88
V07318;2022-05-27;Tienda física;T006;E0031;47186;C0601;5;8;157,76;150,68
V07319;2022-09-08;Online;ONLINE;ONLINE;46250;C0133;1;1;17,37;14,76
V07320;2023-01-17;Online;ONLINE;ONLINE;46192;C0195;2;2;49,03;47,53
V07321;2023-12-25;Tienda física;T003;E0014;28079;SIN_REGISTRO;5;7;152,8;146,23
V07322;2022-01-13;Tienda física;T002;E0008;41091;C0531;2;3;44,72;42,48
V07323;2022-02-24;Online;ONLINE;ONLINE;28115;C0047;2;2;97,42;97,42
V07324;2022-02-25;Online;ONLINE;ONLINE;46192;C0227;4;4;68,05;67,14
V07325;2022-12-10;Online;ONLINE;ONLINE;28006;C0526;3;6;208,8;195,84
V07326;2023-12-14;Tienda física;T001;E0002;41038;C0598;5;6;114,03;111,76
V07327;2022-05-22;Tienda física;T011;E0057;41038;C0237;2;5;101,42;101,42
V07328;2022-04-08;Tienda física;T009;E0048;28079;C0443;1;3;87,81;87,81
V07329;2022-06-07;Tienda física;T002;E0013;41091;C0263;4;5;167,8;166,15
V07330;2023-02-23;Tienda física;T008;E0040;48020;C0615;2;2;30,37;29,71
V07331;2022-04-16;Online;ONLINE;ONLINE;47186;C0050;4;5;106,99;104,91
V07332;2022-09-20;Tienda física;T008;E0045;28065;C0372;2;3;59,98;59,98
V07333;2022-01-20;Online;ONLINE;ONLINE;8019;C0211;2;2;40,59;40,59
V07334;2023-03-11;Tienda física;T003;E0017;41059;C0612;1;2;32,4;32,4
V07335;2023-06-16;Tienda física;T001;E0003;46250;C0176;1;1;22,71;22,71
V07336;2022-05-19;Online;ONLINE;ONLINE;48044;C0004;3;3;82,3;81,09
V07337;2022-02-08;Tienda física;T011;E0059;29069;C0273;1;2;37,5;37,5
V07338;2022-08-26;Tienda física;T012;E0061;48044;C0596;1;1;21,86;19,67
V07339;2022-07-08;Online;ONLINE;ONLINE;50297;C0080;1;1;12,81;10,89
V07340;2022-02-18;Tienda física;T001;E0004;28074;C0608;1;1;31,92;31,92
V07341;2022-05-24;Tienda física;T011;E0059;28079;C0026;2;2;52,32;49,92
V07342;2022-04-08;Tienda física;T011;E0060;28006;C0665;1;1;19,95;16,96
V07343;2022-03-19;Online;ONLINE;ONLINE;8019;C0062;1;1;15,43;15,43
V07344;2022-09-20;Online;ONLINE;ONLINE;28074;C0245;5;5;138,18;135,55
V07345;2022-08-03;Online;ONLINE;ONLINE;8019;C0784;1;1;26,54;26,54
V07346;2022-07-17;Online;ONLINE;ONLINE;50297;C0092;1;1;22,42;22,42
V07347;2023-01-08;Online;ONLINE;ONLINE;28115;C0310;1;4;88,92;88,92
V07348;2022-04-30;Tienda física;T003;E0017;47186;C0595;1;4;58,2;58,2
V07349;2022-09-07;Tienda física;T012;E0061;47186;C0710;1;1;10,64;9,04
V07350;2022-12-10;Online;ONLINE;ONLINE;28079;C0049;2;5;84,14;81,57
V07351;2022-12-08;Tienda física;T001;E0006;8015;C0337;1;4;107,64;107,64
V07352;2022-11-08;Tienda física;T008;E0045;48044;C0276;2;5;53,53;52,07
V07353;2022-11-02;Online;ONLINE;ONLINE;8015;C0476;1;1;20,04;20,04
V07354;2023-03-15;Tienda física;T006;E0032;28006;C0396;2;3;56,6;56,6
V07355;2022-09-28;Tienda física;T002;E0013;28079;C0443;2;2;68,28;66,44
V07356;2023-03-16;Tienda física;T003;E0017;28079;C0673;1;1;16,25;16,25
V07357;2022-06-28;Tienda física;T009;E0046;29069;C0533;7;8;204,25;195,22
V07358;2023-08-21;Tienda física;T002;E0009;41059;C0610;2;3;76,88;76,88
V07359;2023-03-24;Tienda física;T002;E0008;29069;C0204;2;3;45,42;43,15
V07360;2023-10-03;Tienda física;T010;E0051;48020;C0329;1;2;53,38;53,38
V07361;2023-11-09;Online;ONLINE;ONLINE;28074;C0728;1;2;52,24;47,02
V07362;2022-07-01;Tienda física;T011;E0057;41059;C0368;2;2;30,29;29,05
V07363;2022-08-26;Online;ONLINE;ONLINE;28065;C0480;3;4;161,81;149,06
V07364;2022-04-05;Tienda física;T004;E0018;41091;C0011;2;3;63,86;63,86
V07365;2023-01-28;Tienda física;T003;E0016;28115;C0345;1;1;23,52;22,34
V07366;2022-12-07;Tienda física;T004;E0024;41059;C0707;1;2;24,04;21,64
V07367;2022-10-01;Tienda física;T009;E0049;41059;C0112;2;2;35,56;34,67
V07368;2022-06-11;Tienda física;T001;E0001;28079;SIN_REGISTRO;7;11;205,15;202,73
V07369;2023-10-17;Tienda física;T004;E0020;28074;C0570;2;2;67,72;64,04
V07370;2023-09-27;Tienda física;T001;E0002;48044;C0078;2;2;29,07;28,3
V07371;2022-11-04;Online;ONLINE;ONLINE;48020;C0599;4;7;134,19;130,24
V07372;2023-04-30;Tienda física;T004;E0019;28065;C0480;1;1;18,22;18,22
V07373;2022-09-13;Tienda física;T012;E0065;28006;C0628;1;1;14,21;13,5
V07374;2022-06-13;Online;ONLINE;ONLINE;28006;C0111;5;7;144,76;144,76
V07375;2022-10-05;Online;ONLINE;ONLINE;8019;C0174;2;2;45,91;44,7
V07376;2022-11-22;Online;ONLINE;ONLINE;28074;C0634;3;5;126,57;114,35
V07377;2022-12-13;Tienda física;T008;E0042;28079;C0750;2;2;24,41;23,89
V07378;2022-05-11;Tienda física;T010;E0051;41091;C0692;4;5;69,86;66,98
V07379;2022-09-13;Online;ONLINE;ONLINE;28006;C0039;1;1;22,65;22,65
V07380;2022-07-27;Tienda física;T009;E0047;41059;C0218;2;5;83,33;79,73
V07381;2023-05-21;Online;ONLINE;ONLINE;8015;C0587;4;4;69,57;65,08
V07382;2022-11-01;Online;ONLINE;ONLINE;28074;C0740;1;2;58,86;58,86
V07383;2023-05-02;Tienda física;T001;E0002;28079;SIN_REGISTRO;2;2;55,61;51,79
V07384;2023-10-19;Tienda física;T009;E0046;50297;C0545;1;2;17,78;16,89
V07385;2022-07-21;Tienda física;T011;E0057;8019;C0134;3;6;230,27;228,22
V07386;2022-11-28;Tienda física;T003;E0014;41059;C0218;2;4;72,59;72,59
V07387;2023-11-07;Online;ONLINE;ONLINE;48044;C0276;4;6;158,18;150,56
V07388;2023-07-16;Online;ONLINE;ONLINE;8019;C0221;2;3;62,07;59,88
V07389;2022-09-10;Tienda física;T010;E0052;29069;SIN_REGISTRO;3;5;197,17;184,38
V07390;2023-02-27;Tienda física;T005;E0027;29067;C0275;3;3;99,34;99,34
V07391;2023-07-06;Online;ONLINE;ONLINE;28006;C0366;2;3;64,57;64,57
V07392;2023-08-03;Tienda física;T007;E0036;50297;C0030;1;1;16,45;15,63
V07393;2023-09-23;Online;ONLINE;ONLINE;;SIN_REGISTRO;1;1;14,57;13,11
V07394;2023-03-02;Tienda física;T012;E0065;28006;C0558;2;2;40,96;40,96
V07395;2022-08-18;Online;ONLINE;ONLINE;28074;C0208;1;1;32,01;27,21
V07396;2022-04-14;Tienda física;T007;E0037;8019;C0335;1;1;26,18;24,87
V07397;2023-12-13;Online;ONLINE;ONLINE;47186;C0669;1;1;16,83;15,99
V07398;2022-01-30;Tienda física;T007;E0037;28074;C0021;1;1;19,41;19,41
V07399;2023-05-25;Tienda física;T003;E0015;8015;C0309;1;2;25,2;25,2
V07400;2022-05-14;Online;ONLINE;ONLINE;8015;C0316;3;4;57,95;53
V07401;2023-04-28;Tienda física;T011;E0056;46250;C0447;1;1;15,42;13,11
V07402;2022-01-05;Online;ONLINE;ONLINE;28115;C0484;1;2;48,16;48,16
V07403;2023-07-04;Tienda física;T006;E0032;46250;C0331;1;1;12,13;10,92
V07404;2023-05-09;Tienda física;T012;E0063;41038;C0301;3;7;124,97;117,88
V07405;2023-07-24;Tienda física;T002;E0013;8015;C0418;1;1;24,61;24,61
V07406;2022-10-09;Online;ONLINE;ONLINE;28074;C0424;4;8;202,19;192,98
V07407;2022-05-01;Online;ONLINE;ONLINE;46192;C0507;2;3;70,06;69,02
V07408;2022-10-20;Tienda física;T006;E0031;28115;C0240;7;11;217,28;212,44
V07409;2023-08-30;Online;ONLINE;ONLINE;48020;C0600;5;6;156,55;151,49
V07410;2023-02-11;Tienda física;T011;E0056;28115;C0307;2;3;74,3;69,19
V07411;2023-10-20;Tienda física;T003;E0014;28079;SIN_REGISTRO;2;2;43,26;43,26
V07412;2023-08-16;Tienda física;T001;E0002;8015;C0309;2;3;44,3;40,68
V07413;2023-02-02;Online;ONLINE;ONLINE;;SIN_REGISTRO;1;1;14,47;12,3
V07414;2022-12-19;Online;ONLINE;ONLINE;28065;C0087;2;5;96,14;94,22
V07415;2022-07-15;Tienda física;T004;E0024;8019;SIN_REGISTRO;2;3;89,72;82,55
V07416;2023-04-17;Online;ONLINE;ONLINE;29069;C0420;1;1;26,45;26,45
V07417;2022-01-12;Tienda física;T003;E0017;29069;C0504;1;2;21,36;21,36
V07418;2023-08-10;Tienda física;T001;E0002;28079;SIN_REGISTRO;4;4;73;73
V07419;2023-11-15;Tienda física;T006;E0032;48044;C0636;1;1;27,78;27,78
V07420;2023-10-20;Online;ONLINE;ONLINE;8019;C0790;2;2;67,29;66,05
V07421;2022-10-27;Tienda física;T005;E0025;48020;C0478;2;2;25,92;24,71
V07422;2022-04-01;Tienda física;T001;E0003;50297;C0042;1;1;17,99;16,19
V07423;2023-04-08;Online;ONLINE;ONLINE;8015;C0337;1;1;16,88;14,35
V07424;2023-02-26;Tienda física;T003;E0016;48020;C0054;2;4;68,55;66,14
V07425;2022-08-12;Online;ONLINE;ONLINE;8015;C0036;4;6;100,68;96,25
V07426;2023-09-07;Tienda física;T009;E0048;48044;SIN_REGISTRO;1;1;10,53;10,53
V07427;2022-04-18;Online;ONLINE;ONLINE;28074;C0389;2;2;45,2;43,81
V07428;2022-06-23;Tienda física;T003;E0014;8019;C0428;1;1;50,58;50,58
V07429;2022-04-27;Online;ONLINE;ONLINE;41059;C0583;7;9;232,07;229,35
V07430;2023-08-05;Online;ONLINE;ONLINE;29067;C0623;2;4;94,58;85,12
V07431;2023-08-23;Online;ONLINE;ONLINE;41038;C0110;1;1;13,44;13,44
V07432;2022-07-19;Online;ONLINE;ONLINE;;SIN_REGISTRO;1;1;22,76;22,76
V07433;2022-10-06;Tienda física;T003;E0016;28079;SIN_REGISTRO;2;3;90,75;90,75
V07434;2023-05-03;Tienda física;T001;E0003;47186;C0463;1;2;33,62;28,58
V07435;2023-05-09;Online;ONLINE;ONLINE;48044;C0276;3;4;65,45;61,82
V07436;2023-12-04;Online;ONLINE;ONLINE;50297;C0079;1;1;15,78;15,78
V07437;2022-10-16;Online;ONLINE;ONLINE;47186;C0290;3;5;78,08;78,08
V07438;2022-04-01;Tienda física;T012;E0063;29069;C0588;3;4;55,32;51,49
V07439;2022-03-14;Tienda física;T010;E0050;29069;SIN_REGISTRO;3;6;87,02;84,4
V07440;2023-09-07;Online;ONLINE;ONLINE;41038;C0523;2;2;32,43;32,43
V07441;2022-03-17;Tienda física;T008;E0041;41038;C0525;1;2;36,24;36,24
V07442;2022-04-17;Online;ONLINE;ONLINE;41059;C0429;6;10;232,56;226,19
V07443;2022-10-17;Online;ONLINE;ONLINE;8019;C0282;3;3;55,4;51,57
V07444;2022-01-26;Tienda física;T007;E0036;48020;C0505;3;4;95,53;94,55
V07445;2023-11-03;Tienda física;T005;E0028;8019;C0155;1;1;21,18;21,18
V07446;2022-06-04;Online;ONLINE;ONLINE;28065;C0593;2;2;34,64;31,99
V07447;2023-03-04;Tienda física;T001;E0003;28006;C0444;3;5;70,32;70,32
V07448;2023-07-12;Online;ONLINE;ONLINE;8019;C0192;1;2;32,4;32,4
V07449;2023-09-28;Tienda física;T007;E0035;47186;C0655;4;7;258,34;257,05
V07450;2022-09-10;Tienda física;T007;E0035;28079;C0251;2;3;47,04;47,04
V07451;2022-05-05;Tienda física;T003;E0015;8019;C0667;1;2;55,72;55,72
V07452;2023-05-29;Tienda física;T003;E0015;29069;C0273;4;6;136,76;129,85
V07453;2022-11-06;Online;ONLINE;ONLINE;;SIN_REGISTRO;4;5;134,05;130,4
V07454;2022-06-09;Online;ONLINE;ONLINE;41038;C0525;5;8;226,93;217,93
V07455;2022-11-23;Online;ONLINE;ONLINE;46250;C0081;3;5;94,22;90,96
V07456;2023-03-12;Online;ONLINE;ONLINE;46192;C0676;1;1;13,4;13,4
V07457;2023-08-03;Tienda física;T011;E0057;8015;C0528;2;2;29,47;25,81
V07458;2023-05-13;Tienda física;T010;E0052;46250;C0471;2;2;53,87;51,85
V07459;2022-07-30;Tienda física;T009;E0049;41091;C0031;5;9;229,52;220,94
V07460;2022-03-02;Tienda física;T011;E0056;48020;C0436;1;1;17,88;17,88
V07461;2023-05-08;Online;ONLINE;ONLINE;28006;C0039;4;6;139,72;137,9
V07462;2023-05-23;Tienda física;T012;E0062;46250;C0659;3;6;143,79;143,79
V07463;2022-05-19;Online;ONLINE;ONLINE;46250;C0176;1;1;18,64;15,84
V07464;2023-08-20;Tienda física;T002;E0008;28115;SIN_REGISTRO;1;4;70,56;59,98
V07465;2022-01-17;Online;ONLINE;ONLINE;28079;C0170;2;2;85,78;78,39
V07466;2023-04-21;Online;ONLINE;ONLINE;29069;C0235;1;4;51,72;43,96
V07467;2022-06-15;Tienda física;T006;E0034;28074;C0634;1;3;56,46;50,81
V07468;2022-10-24;Tienda física;T008;E0042;29067;C0626;1;2;29,18;29,18
V07469;2022-05-16;Online;ONLINE;ONLINE;41059;C0035;3;3;72,65;69,52
V07470;2023-10-10;Tienda física;T010;E0051;28115;C0675;2;4;149,26;149,26
V07471;2022-05-20;Online;ONLINE;ONLINE;47186;C0149;3;7;153,85;149,93
V07472;2023-09-15;Online;ONLINE;ONLINE;28065;C0179;3;6;91,39;89,44
V07473;2023-05-03;Online;ONLINE;ONLINE;8019;C0646;7;8;193,46;182,33
V07474;2023-05-18;Tienda física;T009;E0048;8019;C0070;2;2;28,13;27,46
V07475;2023-03-15;Tienda física;T002;E0013;46192;C0465;1;1;19,5;19,5
V07476;2022-09-02;Tienda física;T002;E0008;48044;C0258;1;1;12,92;11,63
V07477;2022-02-08;Online;ONLINE;ONLINE;29067;C0562;2;2;34,78;31,74
V07478;2022-11-05;Tienda física;T002;E0011;28006;C0181;2;2;57,58;51,83
V07479;2023-11-05;Tienda física;T006;E0032;29069;C0273;3;4;64,99;61,74
V07480;2023-08-15;Tienda física;T009;E0046;28115;C0241;2;3;79,44;79,44
V07481;2022-09-13;Online;ONLINE;ONLINE;28006;C0444;5;6;127,67;122,88
V07482;2022-05-02;Online;ONLINE;ONLINE;46192;C0252;1;2;31,98;31,98
V07483;2022-02-19;Online;ONLINE;ONLINE;46250;C0207;1;2;45,32;45,32
V07484;2022-03-26;Online;ONLINE;ONLINE;28006;C0111;2;5;127,56;127,56
V07485;2022-12-06;Online;ONLINE;ONLINE;41091;C0259;2;2;33,46;32,24
V07486;2023-09-04;Tienda física;T003;E0015;28074;C0328;2;3;48,38;44,07
V07487;2023-11-09;Online;ONLINE;ONLINE;;SIN_REGISTRO;1;1;14,14;14,14
V07488;2022-03-10;Tienda física;T010;E0054;46192;C0509;3;5;89,96;83,81
V07489;2022-12-19;Tienda física;T011;E0060;8019;C0062;1;1;19,09;19,09
V07490;2022-11-27;Tienda física;T008;E0044;28115;C0712;2;3;79,2;77,58
V07491;2022-11-16;Tienda física;T007;E0038;41038;C0761;5;9;211,99;208,52
V07492;2022-05-23;Tienda física;T004;E0020;28006;C0277;3;5;178,41;165,58
V07493;2022-10-17;Online;ONLINE;ONLINE;46192;C0433;1;1;12,64;12,01
V07494;2023-12-26;Online;ONLINE;ONLINE;46250;C0176;1;1;12,08;11,48
V07495;2023-06-18;Tienda física;T010;E0054;28074;C0524;1;2;51,5;46,35
V07496;2023-03-13;Tienda física;T009;E0047;29067;C0097;3;5;255,19;250,98
V07497;2023-06-03;Online;ONLINE;ONLINE;8019;C0192;7;10;192,09;180,07
V07498;2022-03-01;Tienda física;T007;E0038;46250;SIN_REGISTRO;1;1;21,56;21,56
V07499;2022-04-19;Online;ONLINE;ONLINE;28074;C0589;3;4;148,51;146,02
V07500;2023-03-20;Online;ONLINE;ONLINE;50297;C0299;2;3;56,97;55,26
V07501;2023-11-11;Tienda física;T011;E0057;8019;C0727;2;2;39,53;36,38
V07502;2023-01-10;Tienda física;T008;E0042;28115;C0199;3;5;104,24;104,24
V07503;2022-05-30;Tienda física;T003;E0016;28074;C0021;1;1;20,78;20,78
V07504;2023-10-16;Tienda física;T009;E0048;47186;C0247;1;2;23,6;20,06
V07505;2023-04-12;Tienda física;T011;E0058;47186;C0262;1;4;111,28;111,28
V07506;2023-02-18;Online;ONLINE;ONLINE;29067;C0623;2;7;103,15;103,15
V07507;2023-02-19;Tienda física;T001;E0004;29069;C0650;1;1;24,19;24,19
V07508;2022-09-23;Tienda física;T011;E0056;8015;C0337;1;1;16,51;15,68
V07509;2023-05-03;Online;ONLINE;ONLINE;41091;C0699;3;4;116,73;113,48
V07510;2022-03-26;Online;ONLINE;ONLINE;28065;C0253;1;3;94,8;94,8
V07511;2022-04-24;Tienda física;T008;E0043;48020;SIN_REGISTRO;3;4;119,37;119,37
V07512;2023-01-23;Tienda física;T002;E0013;48020;C0451;1;1;15,8;14,22
V07513;2022-07-04;Tienda física;T008;E0044;41091;C0011;1;2;40,04;40,04
V07514;2023-12-19;Online;ONLINE;ONLINE;8019;C0062;1;1;10,85;9,77
V07515;2022-04-16;Tienda física;T007;E0037;46192;C0433;1;1;18,65;18,65
V07516;2023-10-16;Online;ONLINE;ONLINE;8015;C0717;2;2;41,17;37,51
V07517;2023-07-09;Tienda física;T007;E0038;48044;C0064;2;4;107,65;99,09
V07518;2023-11-20;Tienda física;T011;E0059;47186;C0151;2;3;41,28;39,95
V07519;2023-05-13;Tienda física;T010;E0054;47186;C0572;2;2;23,67;23,18
V07520;2022-01-08;Tienda física;T005;E0025;29067;C0037;1;2;25,36;24,09
V07521;2022-06-22;Tienda física;T010;E0055;29067;C0230;2;2;55,09;55,09
V07522;2022-05-05;Tienda física;T008;E0040;28065;C0416;2;2;22,34;21,3
V07523;2022-05-24;Online;ONLINE;ONLINE;48020;C0451;2;2;34,42;34,42
V07524;2023-07-20;Online;ONLINE;ONLINE;41091;C0438;5;5;77,15;73,71
V07525;2022-06-29;Tienda física;T005;E0027;8015;C0287;3;5;150,8;145,28
V07526;2022-10-18;Online;ONLINE;ONLINE;50297;C0120;2;2;27,88;27,88
V07527;2023-04-28;Tienda física;T001;E0002;48044;C0276;4;5;76,97;72,77
V07528;2023-06-23;Tienda física;T006;E0033;41091;C0031;3;5;104,03;101,52
V07529;2023-09-13;Online;ONLINE;ONLINE;28079;C0797;1;2;36,34;32,71
V07530;2022-02-02;Tienda física;T004;E0020;8019;SIN_REGISTRO;1;1;12,3;12,3
V07531;2022-04-05;Online;ONLINE;ONLINE;8019;C0221;4;5;134,48;132,3
V07532;2023-04-09;Online;ONLINE;ONLINE;8019;C0714;2;2;44,19;42,31
V07533;2022-08-22;Tienda física;T011;E0058;41059;C0795;3;3;54,89;54,16
V07534;2023-12-23;Tienda física;T006;E0030;41091;C0531;1;1;13,47;13,47
V07535;2022-12-22;Tienda física;T004;E0019;8019;SIN_REGISTRO;2;3;40,34;36,52
V07536;2022-11-18;Online;ONLINE;ONLINE;46250;C0548;3;5;87,44;87,44
V07537;2023-03-30;Tienda física;T009;E0048;28074;C0208;3;6;191,82;191,82
V07538;2023-10-21;Online;ONLINE;ONLINE;29069;C0266;1;2;90,46;81,41
V07539;2022-01-08;Online;ONLINE;ONLINE;41059;C0610;1;2;49,62;47,14
V07540;2022-05-01;Tienda física;T002;E0007;28115;SIN_REGISTRO;1;1;18,86;16,03
V07541;2023-05-17;Online;ONLINE;ONLINE;28079;C0019;5;9;199,64;182,15
V07542;2023-09-06;Online;ONLINE;ONLINE;47186;C0555;2;2;37,39;35,52
V07543;2022-01-30;Online;ONLINE;ONLINE;8019;C0391;2;3;56,5;56,5
V07544;2022-03-16;Tienda física;T004;E0019;8019;SIN_REGISTRO;1;4;71,6;71,6
V07545;2022-04-15;Tienda física;T005;E0027;48044;C0718;4;9;326,75;299,56
V07546;2023-12-31;Online;ONLINE;ONLINE;48044;C0718;3;3;51,64;49,61
V07547;2022-11-05;Tienda física;T011;E0058;29067;C0275;2;2;26,02;24,59
V07548;2022-05-10;Tienda física;T004;E0021;28115;C0720;2;3;43,8;41,83
V07549;2023-11-03;Online;ONLINE;ONLINE;41038;C0105;1;1;31,57;31,57
V07550;2023-04-26;Online;ONLINE;ONLINE;28074;C0773;2;3;32,84;30,63
V07551;2023-04-11;Tienda física;T003;E0015;28074;C0052;1;1;20,2;20,2
V07552;2023-07-18;Tienda física;T005;E0029;28115;C0783;2;2;35,44;35,44
V07553;2022-03-29;Tienda física;T001;E0003;29069;C0622;2;4;82,81;75,97
V07554;2022-01-24;Online;ONLINE;ONLINE;46192;C0758;1;1;19,78;18,79
V07555;2022-12-19;Online;ONLINE;ONLINE;8019;C0771;1;3;46,38;44,06
V07556;2023-11-21;Tienda física;T006;E0034;41038;C0515;1;1;12,5;12,5
V07557;2023-07-26;Tienda física;T004;E0019;48020;C0353;2;3;113,48;102,13
V07558;2023-11-15;Tienda física;T006;E0031;29067;C0338;1;4;57,32;57,32
V07559;2022-08-16;Online;ONLINE;ONLINE;28079;C0154;2;4;109,4;98,68
V07560;2022-09-14;Online;ONLINE;ONLINE;28074;C0187;1;1;10,82;10,82
V07561;2023-09-03;Online;ONLINE;ONLINE;47186;C0762;3;5;104,19;96,04
V07562;2022-11-23;Tienda física;T009;E0046;41059;C0315;3;6;68,52;66,93
V07563;2022-12-19;Online;ONLINE;ONLINE;41038;C0525;3;4;122,45;116,94
V07564;2023-08-30;Tienda física;T003;E0016;8019;C0479;1;1;26,71;24,04
V07565;2023-12-16;Tienda física;T009;E0046;48044;SIN_REGISTRO;5;7;168,31;167,04
V07566;2022-07-11;Tienda física;T002;E0008;41091;C0153;1;2;34,7;31,23
V07567;2023-03-06;Online;ONLINE;ONLINE;;SIN_REGISTRO;5;6;125,82;123,72
V07568;2023-08-04;Tienda física;T008;E0045;8015;C0046;2;5;66,75;59,7
V07569;2023-12-08;Tienda física;T001;E0006;48020;C0478;1;3;55,08;55,08
V07570;2022-06-06;Online;ONLINE;ONLINE;41038;C0540;2;3;69,18;65,18
V07571;2022-01-16;Tienda física;T006;E0031;48020;C0234;2;3;47,26;44,89
V07572;2022-02-19;Tienda física;T005;E0029;29069;C0575;2;2;49,97;47,47
V07573;2023-03-07;Tienda física;T004;E0023;8019;SIN_REGISTRO;1;3;53,04;50,39
V07574;2022-08-28;Online;ONLINE;ONLINE;28115;C0449;2;3;86,68;82,35
V07575;2023-01-16;Tienda física;T008;E0045;28079;C0121;1;1;17,91;17,01
V07576;2022-03-26;Online;ONLINE;ONLINE;41059;C0565;1;1;26,24;24,93
V07577;2022-05-28;Tienda física;T007;E0038;46250;SIN_REGISTRO;1;3;65,52;62,24
V07578;2022-04-06;Tienda física;T005;E0028;8019;C0323;1;3;35,76;35,76
V07579;2023-11-11;Tienda física;T004;E0023;48020;C0054;5;7;185,58;182,81
V07580;2022-11-03;Tienda física;T008;E0044;28065;C0480;2;4;88,71;86,28
V07581;2022-05-24;Tienda física;T001;E0004;28079;C0760;1;1;26,71;26,71
V07582;2023-10-13;Tienda física;T006;E0031;41091;SIN_REGISTRO;3;6;140,22;140,22
V07583;2022-07-19;Online;ONLINE;ONLINE;;SIN_REGISTRO;2;7;155,84;152,34
V07584;2023-09-23;Tienda física;T001;E0005;8019;C0796;1;2;32,2;28,98
V07585;2023-10-18;Tienda física;T007;E0039;46250;C0793;1;2;29,16;26,24
V07586;2022-10-30;Tienda física;T009;E0047;41059;C0707;3;3;80,39;76,81
V07587;2023-04-16;Tienda física;T006;E0031;50297;C0213;1;2;25,68;24,4
V07588;2022-11-27;Tienda física;T007;E0039;48044;C0772;4;5;101,5;101,5
V07589;2023-11-23;Online;ONLINE;ONLINE;28074;C0753;2;2;40,45;40,45
V07590;2022-05-25;Tienda física;T011;E0058;8015;C0036;3;4;80,56;78,15
V07591;2022-08-06;Tienda física;T006;E0032;8019;C0479;1;1;25,05;25,05
V07592;2022-02-02;Tienda física;T011;E0060;28074;C0731;1;1;18,3;18,3
V07593;2023-04-11;Online;ONLINE;ONLINE;47186;C0555;1;1;13,33;11,33
V07594;2022-11-12;Online;ONLINE;ONLINE;8019;C0123;1;2;59,7;59,7
V07595;2022-12-17;Tienda física;T008;E0041;8015;C0530;4;4;111,68;106,83
V07596;2023-09-07;Tienda física;T009;E0046;46192;C0460;1;1;28,75;28,75
V07597;2023-07-02;Tienda física;T007;E0036;8019;C0102;2;4;96,6;96,6
V07598;2023-04-15;Online;ONLINE;ONLINE;29069;C0248;1;2;26,58;26,58
V07599;2023-01-29;Online;ONLINE;ONLINE;41059;C0108;2;2;22,12;21,83
V07600;2023-07-31;Tienda física;T011;E0058;28079;C0089;3;5;156,84;155,25
V07601;2022-06-16;Tienda física;T004;E0023;8019;C0521;1;1;21,49;21,49
V07602;2023-01-13;Tienda física;T001;E0005;28006;C0558;4;4;67,28;65,87
V07603;2022-09-02;Tienda física;T009;E0049;50297;C0198;2;2;46,71;46,71
V07604;2023-11-04;Tienda física;T006;E0034;48044;C0311;3;6;88,23;86,73
V07605;2023-11-23;Online;ONLINE;ONLINE;29069;C0557;3;4;68,91;64,52
V07606;2023-01-03;Tienda física;T006;E0032;28074;C0100;2;4;92,39;92,39
V07607;2022-03-26;Online;ONLINE;ONLINE;8019;C0221;1;1;12,44;12,44
V07608;2023-06-22;Tienda física;T007;E0037;28074;C0424;2;2;26,73;24,79
V07609;2022-02-17;Tienda física;T011;E0056;41091;C0106;2;3;67,16;66,53
V07610;2022-05-24;Tienda física;T003;E0017;47186;C0308;5;9;137,84;133,93
V07611;2023-02-06;Online;ONLINE;ONLINE;41091;C0342;2;2;36,27;35,25
V07612;2023-03-30;Tienda física;T005;E0028;28079;C0170;1;1;11,34;11,34
V07613;2023-05-13;Online;ONLINE;ONLINE;28065;C0550;5;6;111,32;106,61
V07614;2023-09-07;Tienda física;T008;E0040;8015;C0281;1;1;23,81;23,81
V07615;2022-01-28;Online;ONLINE;ONLINE;;SIN_REGISTRO;2;3;57,33;57,33
V07616;2023-02-22;Online;ONLINE;ONLINE;41059;C0721;1;2;33,7;32,02
V07617;2022-05-03;Online;ONLINE;ONLINE;29069;C0040;2;2;25,7;25,7
V07618;2023-08-28;Tienda física;T012;E0065;41038;C0486;2;3;52,6;48,74
V07619;2023-01-27;Online;ONLINE;ONLINE;47186;C0390;2;4;63,18;56,87
V07620;2023-05-02;Tienda física;T003;E0016;8019;C0771;3;5;102,37;95,65
V07621;2022-08-15;Tienda física;T006;E0034;29069;C0265;1;2;27,96;27,96
V07622;2022-02-03;Tienda física;T009;E0047;28074;C0146;1;3;75,21;75,21
V07623;2022-08-25;Tienda física;T002;E0012;28115;C0286;2;2;86,04;83,59
V07624;2023-05-28;Tienda física;T010;E0050;48044;C0596;2;2;66,36;66,36
V07625;2023-06-29;Tienda física;T007;E0038;28074;C0634;2;3;59,64;59,64
V07626;2022-07-09;Online;ONLINE;ONLINE;28006;C0197;2;3;54,33;54,33
V07627;2023-03-05;Online;ONLINE;ONLINE;41091;C0259;1;1;33,67;33,67
V07628;2022-04-19;Online;ONLINE;ONLINE;8019;C0454;2;2;119,6;115,57
V07629;2023-10-21;Tienda física;T012;E0064;48020;C0616;1;1;21,7;21,7
V07630;2023-01-18;Tienda física;T011;E0060;28065;C0755;2;2;22,51;21,18
V07631;2023-05-17;Tienda física;T001;E0002;41091;C0125;2;3;39,02;35,12
V07632;2022-03-28;Online;ONLINE;ONLINE;50297;C0080;3;8;108,14;102,45
V07633;2022-01-03;Online;ONLINE;ONLINE;;SIN_REGISTRO;1;1;11,65;11,65
V07634;2022-07-08;Tienda física;T005;E0026;47186;C0149;1;1;27,8;23,63
V07635;2023-03-17;Online;ONLINE;ONLINE;50297;C0017;1;1;25,99;25,99
V07636;2022-05-30;Tienda física;T002;E0010;47186;C0156;3;5;64,75;64,75
V07637;2023-01-21;Tienda física;T003;E0014;29069;C0617;1;2;29,24;24,85
V07638;2023-12-18;Tienda física;T012;E0063;48044;C0356;4;6;130,75;127,9
V07639;2023-06-11;Tienda física;T012;E0064;28006;C0113;1;4;121,16;102,99
V07640;2022-12-29;Tienda física;T003;E0017;46192;C0254;4;5;156,51;145,19
V07641;2022-01-03;Tienda física;T012;E0062;8015;C0397;5;6;125,7;116,62
V07642;2023-08-17;Tienda física;T009;E0047;47186;C0247;3;5;90,74;84,28
V07643;2022-08-21;Online;ONLINE;ONLINE;28006;C0779;5;7;138,17;134,51
V07644;2022-12-19;Tienda física;T005;E0025;8019;C0408;1;1;16,05;13,64
V07645;2022-05-20;Online;ONLINE;ONLINE;48020;C0702;1;1;18,78;15,96
V07646;2022-03-26;Tienda física;T001;E0002;28074;C0140;4;5;151,04;143,61
V07647;2023-04-22;Tienda física;T010;E0052;29069;SIN_REGISTRO;2;3;47,79;43,01
V07648;2022-10-19;Online;ONLINE;ONLINE;28065;C0780;1;1;15,3;15,3
V07649;2022-10-24;Tienda física;T008;E0042;50297;C0168;2;2;34,49;33,6
V07650;2022-09-08;Tienda física;T005;E0025;28074;C0021;2;3;57,32;54,45
V07651;2022-05-02;Online;ONLINE;ONLINE;29069;C0248;2;2;45,74;43,27
V07652;2022-12-28;Online;ONLINE;ONLINE;46192;C0551;2;2;38,34;38,34
V07653;2022-03-24;Tienda física;T008;E0042;29069;C0423;2;3;82,92;75,66
V07654;2023-05-26;Tienda física;T003;E0017;28065;C0755;1;1;19,37;18,4
V07655;2023-12-30;Online;ONLINE;ONLINE;48020;C0132;2;3;54,98;54,25
V07656;2022-03-01;Tienda física;T009;E0047;29069;C0639;9;9;241;232,61
V07657;2023-11-06;Online;ONLINE;ONLINE;8019;C0719;9;10;192,64;184,92
V07658;2022-03-10;Tienda física;T007;E0035;41091;C0438;1;2;30,18;30,18
V07659;2023-08-13;Tienda física;T012;E0062;50297;C0776;1;2;48,6;48,6
V07660;2023-12-19;Online;ONLINE;ONLINE;29069;C0278;4;5;106,98;98,32
V07661;2023-05-04;Online;ONLINE;ONLINE;28079;C0002;1;1;25,38;22,84
V07662;2023-02-21;Online;ONLINE;ONLINE;8015;C0530;2;4;126,23;114,31
V07663;2023-10-02;Online;ONLINE;ONLINE;48020;C0615;3;6;186,26;186,26
V07664;2022-05-16;Tienda física;T003;E0017;8019;C0041;3;4;109,7;104,71
V07665;2023-11-23;Tienda física;T002;E0007;48020;C0513;2;3;38,67;37,4
V07666;2023-05-05;Tienda física;T001;E0004;48044;C0303;1;2;52,94;45
V07667;2022-01-25;Tienda física;T001;E0005;41038;C0695;4;5;162,42;159,59
V07668;2023-10-10;Online;ONLINE;ONLINE;28065;C0179;2;4;77,01;69,93
V07669;2022-12-10;Online;ONLINE;ONLINE;;SIN_REGISTRO;2;4;111,72;111,72
V07670;2022-06-04;Tienda física;T001;E0002;41091;C0011;1;1;12,68;12,68
V07671;2022-05-07;Tienda física;T006;E0030;28065;C0480;4;6;125,27;121,32
V07672;2023-08-23;Tienda física;T007;E0035;48020;C0364;3;5;94,94;92,41
V07673;2022-05-22;Online;ONLINE;ONLINE;8019;C0102;1;1;20,5;19,47
V07674;2023-10-25;Tienda física;T003;E0017;28079;SIN_REGISTRO;1;1;15,24;13,72
V07675;2023-03-01;Tienda física;T003;E0015;28079;SIN_REGISTRO;4;6;122,41;120,48
V07676;2022-03-27;Online;ONLINE;ONLINE;28074;C0085;4;6;82,97;77,94
V07677;2022-06-05;Online;ONLINE;ONLINE;48020;C0362;2;2;46,34;44,58
V07678;2022-07-17;Tienda física;T009;E0048;46250;C0548;1;1;16,78;16,78
V07679;2022-01-30;Tienda física;T004;E0023;41091;C0031;3;7;123,3;114,76
V07680;2023-04-10;Online;ONLINE;ONLINE;29067;C0626;2;5;114,41;110,27
V07681;2023-08-07;Online;ONLINE;ONLINE;46192;C0007;1;1;20,72;18,65
V07682;2022-09-07;Tienda física;T011;E0058;28115;C0537;2;4;87,21;83,46
V07683;2022-08-01;Tienda física;T007;E0039;28006;C0215;1;1;16,62;16,62
V07684;2023-03-24;Tienda física;T003;E0015;28065;C0480;1;4;69,28;69,28
V07685;2023-01-25;Tienda física;T009;E0047;8019;C0196;1;2;39,38;35,44
V07686;2022-05-10;Tienda física;T002;E0011;28079;C0673;1;3;45,24;42,98
V07687;2022-04-16;Online;ONLINE;ONLINE;46192;C0561;2;2;32,52;30,13
V07688;2023-12-01;Tienda física;T008;E0043;46250;C0115;1;2;30,38;28,86
V07689;2022-12-17;Tienda física;T002;E0012;28115;SIN_REGISTRO;2;2;50,27;45,24
V07690;2022-12-16;Tienda física;T008;E0042;8015;C0668;4;6;100,84;100,84
V07691;2022-02-12;Online;ONLINE;ONLINE;;SIN_REGISTRO;2;6;136,59;136,59
V07692;2022-10-09;Tienda física;T009;E0049;8015;C0446;1;2;25,22;21,44
V07693;2023-02-02;Tienda física;T012;E0063;8019;C0494;2;2;32,15;31,16
V07694;2023-12-19;Tienda física;T003;E0017;8019;C0041;5;7;189,26;181,17
V07695;2022-10-27;Tienda física;T010;E0052;41038;C0061;1;1;18,4;18,4
V07696;2023-04-01;Online;ONLINE;ONLINE;28074;C0389;1;2;24,46;24,46
V07697;2022-03-07;Tienda física;T006;E0030;41091;SIN_REGISTRO;3;3;83,99;79,29
V07698;2022-07-07;Online;ONLINE;ONLINE;;SIN_REGISTRO;1;2;30,9;30,9
V07699;2022-12-20;Tienda física;T012;E0063;28006;SIN_REGISTRO;1;2;54,06;54,06
V07700;2023-05-16;Tienda física;T008;E0040;48020;C0492;2;4;49,92;46,32
V07701;2022-11-18;Online;ONLINE;ONLINE;28065;C0593;2;2;51,86;50,81
V07702;2023-02-25;Tienda física;T011;E0058;29067;C0097;1;1;12,97;12,97
V07703;2023-06-08;Tienda física;T006;E0034;47186;C0094;1;2;31,64;31,64
V07704;2022-06-13;Online;ONLINE;ONLINE;41038;C0523;1;1;18,4;18,4
V07705;2023-08-15;Tienda física;T005;E0027;48020;C0201;2;3;50,98;50,98
V07706;2022-05-04;Tienda física;T003;E0016;46250;C0732;5;11;194,44;184,77
V07707;2023-02-21;Online;ONLINE;ONLINE;28074;C0517;3;3;89,65;85,67
V07708;2022-11-19;Tienda física;T011;E0060;50297;SIN_REGISTRO;2;4;79,5;77,3
V07709;2023-08-16;Tienda física;T003;E0015;48020;C0012;1;2;49,84;49,84
V07710;2022-12-01;Tienda física;T012;E0063;28074;C0608;2;3;51,57;50,73
V07711;2022-04-23;Tienda física;T004;E0022;29069;C0541;1;1;13;13
V07712;2023-03-08;Tienda física;T002;E0013;41091;C0438;4;5;134,83;132,12
V07713;2023-03-04;Tienda física;T002;E0008;29067;C0487;4;6;138,62;133,55
V07714;2022-07-03;Online;ONLINE;ONLINE;50297;C0030;3;6;221,1;211,37
V07715;2022-11-24;Tienda física;T005;E0027;8019;C0255;4;9;153,99;141,73
V07716;2023-09-21;Online;ONLINE;ONLINE;28006;C0532;2;2;35,65;34,81
V07717;2022-09-21;Tienda física;T012;E0063;8019;C0355;1;1;13,28;11,29
V07718;2022-05-22;Tienda física;T003;E0014;47186;C0605;2;2;44,53;41,37
V07719;2023-08-13;Tienda física;T001;E0004;29067;C0034;2;2;33,01;30,99
V07720;2023-03-24;Tienda física;T005;E0027;8019;SIN_REGISTRO;3;3;55,76;53,27
V07721;2022-01-05;Online;ONLINE;ONLINE;28006;C0779;2;2;31,63;31,63
V07722;2022-07-20;Online;ONLINE;ONLINE;28006;C0455;3;3;94,07;87,51
V07723;2023-04-18;Tienda física;T012;E0061;50297;C0756;1;2;22,32;20,09
V07724;2022-10-21;Online;ONLINE;ONLINE;29067;C0708;2;2;57,56;52,79
V07725;2023-08-04;Tienda física;T005;E0027;29069;C0015;2;2;61,72;60,4
V07726;2023-01-18;Tienda física;T011;E0058;48044;C0276;1;1;20,65;20,65
V07727;2023-12-16;Tienda física;T005;E0029;28079;C0410;2;2;39,39;35,88
V07728;2023-04-15;Tienda física;T011;E0059;28079;C0161;2;2;31,8;31,8
V07729;2022-08-24;Online;ONLINE;ONLINE;28006;C0628;2;2;24,36;22,14
V07730;2022-04-06;Online;ONLINE;ONLINE;28079;C0544;3;4;126,34;126,34
V07731;2023-07-23;Tienda física;T003;E0014;41038;C0110;4;9;278,49;260,18
V07732;2022-09-06;Online;ONLINE;ONLINE;28079;C0056;2;2;37,5;35,53
V07733;2023-10-23;Online;ONLINE;ONLINE;41038;C0486;3;4;158,93;156,04
V07734;2023-12-12;Tienda física;T009;E0047;28079;C0597;1;1;14,62;14,62
V07735;2022-11-21;Online;ONLINE;ONLINE;8019;C0155;1;4;131,24;131,24
V07736;2023-05-15;Tienda física;T002;E0007;28006;C0181;1;2;33,8;32,11
V07737;2022-01-13;Online;ONLINE;ONLINE;28074;C0038;2;2;32;31,18
V07738;2023-02-21;Online;ONLINE;ONLINE;29067;C0431;2;2;30,55;27,38
V07739;2023-11-19;Online;ONLINE;ONLINE;48020;C0671;1;1;15,44;15,44
V07740;2022-07-25;Online;ONLINE;ONLINE;29069;C0248;2;5;99,54;99,54
V07741;2022-03-10;Tienda física;T006;E0032;28115;C0240;9;18;329,97;322,37
V07742;2022-01-28;Tienda física;T002;E0011;29067;C0103;1;1;10,63;10,63
V07743;2023-05-31;Tienda física;T003;E0016;28079;SIN_REGISTRO;1;1;14,74;14,74
V07744;2023-02-02;Tienda física;T002;E0009;28074;C0208;1;1;15,44;15,44
V07745;2022-07-29;Tienda física;T002;E0012;50297;C0594;2;4;120,9;120,9
V07746;2023-04-08;Tienda física;T004;E0019;41091;C0734;2;2;48,6;44,08
V07747;2022-01-24;Online;ONLINE;ONLINE;29069;C0393;2;2;54,74;50,99
V07748;2023-12-09;Online;ONLINE;ONLINE;46250;C0150;7;12;383,92;372,68
V07749;2023-05-26;Online;ONLINE;ONLINE;;SIN_REGISTRO;1;1;24,42;20,76
V07750;2023-12-16;Tienda física;T009;E0046;41059;C0315;2;2;47,45;47,45
V07751;2022-01-09;Tienda física;T005;E0028;48020;C0352;2;5;106,95;106,95
V07752;2023-09-14;Online;ONLINE;ONLINE;48020;C0738;2;3;76,52;75,19
V07753;2023-09-06;Tienda física;T009;E0048;29067;C0217;2;3;51,26;51,26
V07754;2023-07-30;Tienda física;T004;E0021;8019;C0212;2;2;25,24;23,89
V07755;2022-10-14;Online;ONLINE;ONLINE;28074;C0085;2;2;38,57;36,68
V07756;2022-04-27;Online;ONLINE;ONLINE;50297;C0611;2;2;32,34;31,46
V07757;2022-09-25;Online;ONLINE;ONLINE;;SIN_REGISTRO;1;1;19,49;17,54
V07758;2022-04-06;Tienda física;T010;E0052;41059;C0672;7;8;170,1;159,95
V07759;2023-01-19;Tienda física;T003;E0017;48020;C0401;2;3;82,03;82,03
V07760;2022-03-21;Tienda física;T007;E0039;46250;SIN_REGISTRO;2;2;34,3;32,12
V07761;2022-10-26;Online;ONLINE;ONLINE;41091;C0787;5;10;193,34;187,89
V07762;2023-05-02;Tienda física;T001;E0004;28074;C0146;2;4;81;81
V07763;2023-07-08;Tienda física;T011;E0058;41091;C0438;1;1;18,98;18,98
V07764;2023-06-21;Online;ONLINE;ONLINE;28074;C0625;3;4;51,43;47,52
V07765;2022-10-20;Online;ONLINE;ONLINE;;SIN_REGISTRO;1;1;20,13;20,13
V07766;2022-03-04;Tienda física;T003;E0014;47186;C0071;2;4;71,06;69,92
V07767;2022-10-06;Online;ONLINE;ONLINE;;SIN_REGISTRO;2;2;39,72;37,9
V07768;2022-12-23;Tienda física;T003;E0016;28065;C0137;5;7;187,59;174,36
V07769;2023-06-06;Online;ONLINE;ONLINE;47186;C0094;1;2;60,24;60,24
V07770;2023-12-05;Tienda física;T009;E0046;46250;C0229;2;2;41,91;41,91
V07771;2022-07-15;Tienda física;T004;E0023;41091;C0342;3;4;73,41;71,77
V07772;2022-10-09;Online;ONLINE;ONLINE;47186;C0247;4;5;111,02;105,14
V07773;2023-05-04;Online;ONLINE;ONLINE;;SIN_REGISTRO;3;4;38,89;38,89
V07774;2022-11-24;Tienda física;T007;E0037;28079;C0690;2;4;39,62;39,62
V07775;2022-07-21;Online;ONLINE;ONLINE;;SIN_REGISTRO;1;1;13,86;13,86
V07776;2022-04-16;Online;ONLINE;ONLINE;;SIN_REGISTRO;1;1;22,69;21,56
V07777;2023-01-26;Tienda física;T005;E0026;28115;C0712;1;4;72,4;72,4
V07778;2022-04-23;Tienda física;T011;E0059;46250;C0434;1;1;20,56;19,53
V07779;2023-07-17;Online;ONLINE;ONLINE;41059;C0576;1;2;22,16;22,16
V07780;2022-04-04;Tienda física;T008;E0044;29069;C0705;6;9;312,78;310,71
V07781;2022-06-08;Tienda física;T006;E0032;8019;C0210;1;1;34,31;32,59
V07782;2023-02-19;Tienda física;T004;E0019;28115;C0449;2;4;80,73;72,66
V07783;2023-05-11;Tienda física;T002;E0013;28115;C0701;5;5;94,31;91,22
V07784;2023-03-23;Online;ONLINE;ONLINE;28074;C0697;1;2;25,26;25,26
V07785;2023-01-10;Tienda física;T010;E0051;28074;C0731;1;1;14,07;12,66
V07786;2023-03-11;Tienda física;T004;E0019;8019;C0670;1;1;18,58;16,72
V07787;2022-04-26;Online;ONLINE;ONLINE;41091;C0066;1;1;9,99;9,99
V07788;2023-01-30;Tienda física;T004;E0020;50297;C0295;5;8;207,66;199,47
V07789;2023-08-17;Tienda física;T002;E0013;46250;C0229;6;9;213,65;199,13
V07790;2023-11-11;Online;ONLINE;ONLINE;8019;C0155;1;3;89,61;89,61
V07791;2023-02-28;Online;ONLINE;ONLINE;47186;C0483;2;3;124,56;113,61
V07792;2022-02-12;Tienda física;T008;E0043;46192;C0051;2;2;40,58;36,89
V07793;2022-01-29;Tienda física;T010;E0053;28006;C0197;3;3;42,85;41,7
V07794;2023-01-19;Tienda física;T007;E0036;46250;SIN_REGISTRO;3;4;84,96;84,96
V07795;2023-01-01;Online;ONLINE;ONLINE;41059;C0108;3;6;152,68;138,55
V07796;2023-08-26;Tienda física;T001;E0004;29069;C0588;1;1;13,71;13,71
V07797;2022-12-02;Tienda física;T012;E0061;48020;C0436;2;4;49;46,55
V07798;2023-07-13;Online;ONLINE;ONLINE;46250;C0434;1;2;26,54;26,54
V07799;2023-01-09;Online;ONLINE;ONLINE;48020;C0131;1;1;19,23;19,23
V07800;2023-08-16;Tienda física;T006;E0033;28006;C0628;1;1;12,22;10,39
V07801;2022-10-17;Tienda física;T006;E0032;28079;C0082;3;3;77,64;74,03
V07802;2023-02-14;Tienda física;T006;E0034;41091;SIN_REGISTRO;3;6;109,1;99,64
V07803;2022-04-07;Tienda física;T009;E0049;28074;C0021;2;5;108,73;103,3
V07804;2022-12-10;Tienda física;T010;E0055;29069;C0650;1;2;48,14;43,33
V07805;2022-03-10;Tienda física;T012;E0065;47186;C0247;3;4;76,66;70,29
V07806;2023-07-07;Online;ONLINE;ONLINE;28079;C0019;1;2;32,2;32,2
V07807;2023-03-15;Tienda física;T012;E0061;28079;C0118;1;1;16,88;15,19
V07808;2023-09-12;Tienda física;T001;E0002;28079;SIN_REGISTRO;1;2;28,44;28,44
V07809;2022-07-27;Online;ONLINE;ONLINE;47186;C0605;2;3;58,28;56,26
V07810;2023-06-12;Online;ONLINE;ONLINE;28006;C0256;3;4;104,4;101,65
V07811;2022-06-11;Tienda física;T007;E0037;41059;C0339;6;8;199,6;191,91
V07812;2023-05-06;Online;ONLINE;ONLINE;28074;C0122;4;10;145,34;140,59
V07813;2023-08-30;Online;ONLINE;ONLINE;47186;C0151;2;6;117,16;105,44
V07814;2022-09-19;Online;ONLINE;ONLINE;8019;C0796;1;2;35,82;35,82
V07815;2023-10-16;Online;ONLINE;ONLINE;28115;C0703;2;2;46,97;45,3
V07816;2022-06-18;Online;ONLINE;ONLINE;;SIN_REGISTRO;4;5;80,1;78,68
V07817;2023-06-15;Online;ONLINE;ONLINE;8015;C0577;2;6;93,28;93,28
V07818;2023-03-13;Tienda física;T010;E0051;47186;C0095;3;7;136,26;136,26
V07819;2022-01-05;Tienda física;T004;E0020;28074;C0773;5;8;188,52;175,5
V07820;2022-07-15;Tienda física;T005;E0027;48044;C0280;2;2;33,5;33,5
V07821;2022-05-09;Tienda física;T004;E0022;48044;C0090;1;1;27,5;23,38
V07822;2023-10-17;Tienda física;T005;E0029;8019;SIN_REGISTRO;1;1;19,04;18,09
V07823;2023-07-23;Online;ONLINE;ONLINE;28065;C0683;2;2;47,75;45,64
V07824;2023-05-11;Tienda física;T003;E0017;46250;C0445;1;3;71,73;68,14
V07825;2023-04-12;Online;ONLINE;ONLINE;;SIN_REGISTRO;1;4;108,48;92,21
V07826;2022-05-04;Online;ONLINE;ONLINE;28006;C0039;1;1;35,62;32,06
V07827;2022-05-24;Tienda física;T001;E0005;28079;SIN_REGISTRO;3;4;82,02;80,46
V07828;2023-12-11;Tienda física;T009;E0047;48044;SIN_REGISTRO;1;3;35,13;29,86
V07829;2023-10-31;Tienda física;T004;E0018;50297;C0545;2;4;68,93;64,72
V07830;2022-07-23;Online;ONLINE;ONLINE;28006;C0215;4;4;109,57;108,22
V07831;2022-01-09;Tienda física;T007;E0038;46192;C0254;7;8;183,9;177,97
V07832;2022-05-30;Tienda física;T004;E0024;48020;C0401;5;6;138,1;137,44
V07833;2022-05-25;Tienda física;T011;E0057;50297;C0566;2;2;37,48;32,55
V07834;2022-05-25;Tienda física;T006;E0032;29069;C0024;5;8;272,42;272,42
V07835;2023-11-23;Online;ONLINE;ONLINE;46192;C0088;3;4;137,02;132,55
V07836;2022-08-10;Tienda física;T003;E0016;48020;C0579;2;4;70,46;62,63
V07837;2022-12-24;Online;ONLINE;ONLINE;41059;C0059;4;5;206,37;198,02
V07838;2023-12-10;Online;ONLINE;ONLINE;41038;C0055;3;6;141,98;130,34
V07839;2023-04-26;Tienda física;T011;E0056;28079;C0442;1;4;61,32;61,32
V07840;2022-05-04;Tienda física;T006;E0034;8019;C0778;1;2;26,12;22,2
V07841;2022-04-21;Tienda física;T001;E0002;50297;C0756;3;6;95,1;88
V07842;2023-12-28;Tienda física;T009;E0048;48044;SIN_REGISTRO;1;2;42,36;38,12
V07843;2022-12-25;Online;ONLINE;ONLINE;46192;C0754;1;2;33,02;31,37
V07844;2023-04-12;Online;ONLINE;ONLINE;29069;C0459;3;5;112,61;109,99
V07845;2022-02-11;Tienda física;T005;E0025;28006;C0496;4;8;169,07;159,01
V07846;2023-06-21;Tienda física;T011;E0057;28079;C0257;2;4;118,34;118,34
V07847;2022-10-22;Online;ONLINE;ONLINE;46250;C0546;1;3;44,64;44,64
V07848;2022-01-18;Online;ONLINE;ONLINE;41059;C0091;1;2;31,18;28,06
V07849;2022-06-05;Online;ONLINE;ONLINE;28115;C0449;2;2;67,1;63,34
V07850;2022-05-22;Tienda física;T002;E0007;41059;C0583;3;6;86,9;79,83
V07851;2023-11-30;Tienda física;T006;E0030;41091;SIN_REGISTRO;1;1;13,03;11,08
V07852;2022-07-20;Online;ONLINE;ONLINE;48020;C0702;1;3;44,43;42,21
V07853;2023-12-13;Online;ONLINE;ONLINE;8019;C0521;1;1;13,51;13,51
V07854;2022-04-01;Tienda física;T006;E0030;28074;C0570;5;11;272,33;255,45
V07855;2022-09-22;Online;ONLINE;ONLINE;29069;C0539;1;1;16,82;16,82
V07856;2023-04-15;Tienda física;T012;E0063;46250;C0434;7;10;264,8;259,5
V07857;2023-12-11;Tienda física;T001;E0005;50297;C0167;3;5;95,77;95,77
V07858;2023-11-19;Tienda física;T004;E0024;48044;C0792;1;1;21,41;21,41
V07859;2022-02-21;Online;ONLINE;ONLINE;28006;C0779;4;6;99,81;94,03
V07860;2023-05-20;Tienda física;T006;E0033;28006;C0215;1;1;14,56;12,38
V07861;2022-03-26;Online;ONLINE;ONLINE;29067;C0065;3;4;72,03;72,03
V07862;2023-12-20;Tienda física;T010;E0052;28006;C0366;2;3;109,63;101,67
V07863;2022-03-12;Tienda física;T003;E0016;46192;C0509;4;6;202,47;186,02
V07864;2023-03-06;Tienda física;T002;E0008;46192;C0730;3;5;97,31;89,24
V07865;2023-06-01;Tienda física;T006;E0033;48044;C0792;2;2;41,05;41,05
V07866;2023-02-15;Online;ONLINE;ONLINE;28115;C0675;1;2;96,82;96,82
V07867;2023-11-17;Tienda física;T009;E0047;8019;C0556;1;1;31,45;31,45
V07868;2022-12-11;Online;ONLINE;ONLINE;29067;C0691;1;2;56,84;51,16
V07869;2023-07-24;Tienda física;T010;E0053;28074;C0100;10;15;343,08;335,47
V07870;2022-11-23;Tienda física;T009;E0046;46192;C0200;7;10;161,25;153,51
V07871;2023-01-02;Tienda física;T009;E0048;8019;C0790;2;3;75,47;72,28
V07872;2023-09-07;Online;ONLINE;ONLINE;41091;C0022;1;1;13,22;13,22
V07873;2022-10-18;Online;ONLINE;ONLINE;48044;C0078;1;1;17,75;15,97
V07874;2023-04-29;Tienda física;T008;E0045;41059;C0429;1;1;13,52;12,17
V07875;2022-09-16;Tienda física;T011;E0057;50297;SIN_REGISTRO;3;4;117,54;116,36
V07876;2023-12-29;Online;ONLINE;ONLINE;28115;C0300;6;9;202,77;193,24
V07877;2023-10-11;Tienda física;T006;E0030;41091;C0066;3;4;77,74;77
V07878;2023-11-27;Online;ONLINE;ONLINE;28065;C0593;1;2;21,24;21,24
V07879;2022-01-24;Tienda física;T001;E0001;28079;SIN_REGISTRO;4;5;128,74;121,43
V07880;2023-05-22;Tienda física;T005;E0027;41038;C0061;2;2;54,53;48,07
V07881;2023-11-05;Online;ONLINE;ONLINE;41091;C0699;1;1;22,87;21,73
V07882;2023-01-09;Tienda física;T001;E0003;29067;C0708;1;1;14,87;14,87
V07883;2022-11-14;Tienda física;T001;E0004;29069;C0216;2;3;62,09;56,67
V07884;2022-09-28;Online;ONLINE;ONLINE;28074;C0038;2;5;206,63;203,87
V07885;2023-05-26;Online;ONLINE;ONLINE;;SIN_REGISTRO;2;4;107,81;92,8
V07886;2022-10-25;Online;ONLINE;ONLINE;28074;C0632;1;1;16,8;16,8
V07887;2022-02-05;Online;ONLINE;ONLINE;;SIN_REGISTRO;1;2;46,56;39,58
V07888;2022-01-22;Tienda física;T010;E0052;46250;C0176;1;3;41,64;37,48
V07889;2023-11-12;Online;ONLINE;ONLINE;28065;C0780;2;4;44,65;43,45
V07890;2022-11-08;Tienda física;T011;E0060;8015;C0604;3;3;76,17;71,38
V07891;2022-01-18;Online;ONLINE;ONLINE;46192;C0754;3;4;90,73;90,73
V07892;2023-08-27;Tienda física;T012;E0062;28079;C0354;4;4;83,23;78,6
V07893;2022-10-14;Online;ONLINE;ONLINE;41059;C0538;3;5;145,68;137,09
V07894;2023-05-23;Online;ONLINE;ONLINE;28006;C0181;1;2;23,66;23,66
V07895;2023-10-30;Tienda física;T012;E0062;41059;C0417;2;5;84,91;84,91
V07896;2023-10-23;Tienda física;T005;E0025;29069;C0575;1;1;11,84;10,06
V07897;2022-08-29;Tienda física;T008;E0041;46250;C0291;4;5;114,7;107,73
V07898;2023-11-03;Online;ONLINE;ONLINE;28065;C0755;3;4;113,51;112,53
V07899;2023-09-05;Online;ONLINE;ONLINE;48044;C0058;1;1;14,12;12
V07900;2022-01-14;Tienda física;T004;E0018;29069;C0273;1;3;89,31;89,31
V07901;2022-02-28;Tienda física;T005;E0027;29069;C0781;3;3;105,93;97,97
V07902;2023-08-27;Tienda física;T007;E0036;29067;C0658;1;1;30,99;30,99
V07903;2022-03-09;Tienda física;T003;E0017;41038;C0638;1;1;32,77;29,49
V07904;2023-06-18;Tienda física;T011;E0059;41038;C0073;2;3;57,76;53,2
V07905;2022-11-14;Tienda física;T012;E0063;28006;SIN_REGISTRO;1;3;32,79;29,51
V07906;2022-06-27;Tienda física;T001;E0003;28079;C0709;1;4;58,76;52,88
V07907;2022-12-10;Online;ONLINE;ONLINE;28074;C0625;4;10;201,42;181,23
V07908;2022-03-08;Tienda física;T006;E0031;8015;C0287;2;4;108,52;108,52
V07909;2023-10-02;Online;ONLINE;ONLINE;48020;C0201;2;3;54,51;48,28
V07910;2023-09-29;Tienda física;T006;E0031;29069;C0553;1;3;48,09;40,88
V07911;2022-02-20;Tienda física;T012;E0064;28006;C0144;1;1;18,01;18,01
V07912;2023-10-11;Tienda física;T010;E0050;50297;C0545;8;13;486,76;460,49
V07913;2023-03-11;Tienda física;T001;E0005;28079;C0375;3;4;120,59;119,21
V07914;2023-03-04;Tienda física;T001;E0005;29067;C0230;3;4;93,1;87,18
V07915;2023-07-01;Tienda física;T011;E0057;28115;C0701;2;2;32,59;28,42
V07916;2023-06-09;Tienda física;T012;E0063;28006;SIN_REGISTRO;2;2;33,57;33,57
V07917;2022-05-21;Tienda física;T009;E0049;29069;C0557;1;1;14,36;12,21
V07918;2023-06-17;Tienda física;T011;E0060;41059;C0114;1;1;11,47;11,47
V07919;2023-08-09;Online;ONLINE;ONLINE;48020;C0352;2;2;56,26;56,26
V07920;2023-12-16;Online;ONLINE;ONLINE;46192;C0025;2;3;86,66;81,22
V07921;2022-01-04;Online;ONLINE;ONLINE;29067;C0419;1;2;42,4;42,4
V07922;2022-03-17;Tienda física;T010;E0052;29069;SIN_REGISTRO;1;2;41,68;41,68
V07923;2022-12-24;Online;ONLINE;ONLINE;50297;C0689;2;5;170,03;161,68
V07924;2023-11-22;Tienda física;T004;E0023;8019;SIN_REGISTRO;1;1;12,9;10,96
V07925;2022-01-09;Tienda física;T006;E0030;8015;C0381;1;2;32,7;29,43
V07926;2023-05-25;Tienda física;T004;E0023;8015;C0530;3;4;106,02;106,02
V07927;2023-09-26;Tienda física;T004;E0020;46250;C0207;4;6;76,58;72,43
V07928;2022-05-23;Online;ONLINE;ONLINE;;SIN_REGISTRO;1;1;31,61;31,61
V07929;2022-11-12;Tienda física;T004;E0019;28079;C0304;3;4;70,61;70,61
V07930;2023-09-13;Online;ONLINE;ONLINE;8015;C0287;1;2;29,16;29,16
V07931;2023-02-22;Tienda física;T007;E0039;46192;C0522;2;5;88,95;76,35
V07932;2023-10-26;Tienda física;T011;E0060;8015;C0604;2;3;31,75;31,75
V07933;2023-02-20;Tienda física;T001;E0001;28074;C0723;1;1;10,34;9,82
V07934;2023-05-06;Online;ONLINE;ONLINE;29069;C0376;2;2;28,51;25,31
V07935;2023-06-06;Online;ONLINE;ONLINE;8015;C0397;1;3;44,25;42,04
V07936;2023-02-12;Online;ONLINE;ONLINE;28074;C0517;2;2;27,3;27,3
V07937;2023-02-23;Tienda física;T011;E0057;29067;C0431;2;3;41,91;41,91
V07938;2023-07-12;Online;ONLINE;ONLINE;;SIN_REGISTRO;4;4;98,57;91,05
V07939;2022-01-26;Online;ONLINE;ONLINE;41059;C0048;2;3;37,77;37,77
V07940;2023-10-18;Tienda física;T007;E0038;46250;SIN_REGISTRO;2;2;42,92;42,92
V07941;2023-02-16;Tienda física;T008;E0043;48020;SIN_REGISTRO;3;5;102,44;99,4
V07942;2022-07-08;Online;ONLINE;ONLINE;46192;C0200;1;1;26,79;25,45
V07943;2023-03-22;Tienda física;T008;E0041;47186;C0653;1;2;24,78;23,54
V07944;2023-08-07;Tienda física;T011;E0056;28006;C0288;1;1;22,95;19,51
V07945;2023-04-04;Tienda física;T011;E0056;47186;C0542;8;9;184,13;171,92
V07946;2022-03-29;Online;ONLINE;ONLINE;50297;C0747;1;1;26,51;25,18
V07947;2022-06-23;Tienda física;T007;E0037;29067;C0431;2;2;64,13;59,54
V07948;2023-04-20;Tienda física;T009;E0047;48044;SIN_REGISTRO;1;2;59,52;59,52
V07949;2022-11-22;Online;ONLINE;ONLINE;28115;C0720;1;1;22,09;19,88
V07950;2022-05-19;Online;ONLINE;ONLINE;;SIN_REGISTRO;9;12;361,35;353,42
V07951;2023-09-30;Tienda física;T011;E0060;28065;C0340;1;1;10,77;10,23
V07952;2023-04-22;Online;ONLINE;ONLINE;28065;C0084;5;9;206,45;205,82
V07953;2022-11-27;Online;ONLINE;ONLINE;28065;C0087;2;4;130,76;124,8
V07954;2023-01-25;Tienda física;T006;E0031;48044;C0303;1;1;20,5;20,5
V07955;2023-07-17;Online;ONLINE;ONLINE;28079;C0154;4;4;53,94;51,81
V07956;2023-06-29;Online;ONLINE;ONLINE;46192;C0341;2;2;63,6;63,6
V07957;2022-01-31;Online;ONLINE;ONLINE;41091;C0682;1;1;29,84;29,84
V07958;2022-05-08;Online;ONLINE;ONLINE;;SIN_REGISTRO;3;4;58,17;54,91
V07959;2023-02-01;Tienda física;T002;E0012;46192;C0238;1;1;28,19;28,19
V07960;2023-07-19;Online;ONLINE;ONLINE;8015;C0493;1;2;39,02;35,12
V07961;2023-08-09;Tienda física;T002;E0012;29067;C0678;8;10;276,13;266,76
V07962;2023-08-28;Online;ONLINE;ONLINE;50297;C0747;2;4;51,93;50,1
V07963;2022-12-26;Tienda física;T009;E0048;8019;C0164;1;1;20,71;20,71
V07964;2022-03-24;Tienda física;T012;E0062;47186;C0555;1;2;48,26;41,02
V07965;2022-11-12;Online;ONLINE;ONLINE;50297;C0545;2;2;39,18;37,86
V07966;2022-02-10;Online;ONLINE;ONLINE;28079;C0649;1;2;27,58;27,58
V07967;2022-02-14;Online;ONLINE;ONLINE;46192;C0715;3;3;76,96;76,03
V07968;2022-09-26;Tienda física;T005;E0027;41059;C0707;6;7;117,32;112,35
V07969;2023-06-20;Online;ONLINE;ONLINE;29067;C0661;1;1;13;12,35
V07970;2022-12-24;Online;ONLINE;ONLINE;28079;C0375;3;4;94,2;90,04
V07971;2022-02-20;Online;ONLINE;ONLINE;47186;C0358;2;3;67,64;60,4
V07972;2023-10-20;Online;ONLINE;ONLINE;50297;C0611;1;1;16,82;16,82
V07973;2023-08-27;Online;ONLINE;ONLINE;;SIN_REGISTRO;5;8;231,84;218,8
V07974;2022-05-07;Tienda física;T002;E0012;28115;SIN_REGISTRO;4;5;89,67;89,67
V07975;2022-12-15;Tienda física;T004;E0023;28115;C0199;5;6;110,25;106
V07976;2022-03-07;Tienda física;T002;E0008;29067;C0093;1;4;43,6;37,06
V07977;2023-10-03;Online;ONLINE;ONLINE;8019;C0670;2;5;83,11;83,11
V07978;2022-10-09;Tienda física;T003;E0015;28115;C0449;4;5;90,09;87,75
V07979;2023-02-16;Tienda física;T001;E0004;48044;C0004;4;6;107,28;101,07
V07980;2022-06-02;Online;ONLINE;ONLINE;;SIN_REGISTRO;1;1;23,55;23,55
V07981;2022-08-21;Tienda física;T007;E0039;48044;C0636;3;3;68,84;66,35
V07982;2023-09-12;Tienda física;T009;E0048;48044;C0503;3;6;97,93;94,2
V07983;2023-10-12;Tienda física;T004;E0018;8019;SIN_REGISTRO;3;4;85,59;78,14
V07984;2023-01-29;Tienda física;T005;E0025;28065;C0169;1;1;11,8;11,8
V07985;2022-01-14;Tienda física;T003;E0017;46192;C0341;2;2;47,81;46,56
V07986;2022-01-21;Tienda física;T006;E0033;28074;C0608;1;2;34,94;34,94
V07987;2022-06-26;Tienda física;T004;E0019;46250;C0548;9;11;233,16;225,77
V07988;2022-05-23;Online;ONLINE;ONLINE;50297;C0080;1;2;27,16;27,16
V07989;2023-01-08;Online;ONLINE;ONLINE;;SIN_REGISTRO;3;8;142,33;142,33
V07990;2023-10-13;Tienda física;T003;E0016;41059;C0565;1;1;23,4;23,4
V07991;2023-12-16;Online;ONLINE;ONLINE;8015;C0279;2;2;26,03;25,24
V07992;2023-12-08;Online;ONLINE;ONLINE;8019;C0318;1;1;19,88;19,88
V07993;2022-11-09;Tienda física;T001;E0002;41038;C0237;1;1;21,16;20,1
V07994;2023-02-22;Tienda física;T006;E0031;8019;C0386;2;5;193,13;189,27
V07995;2022-09-19;Tienda física;T008;E0045;28074;C0773;2;3;46,09;46,09
V07996;2023-07-10;Tienda física;T010;E0055;8015;C0493;1;1;15,27;14,51
V07997;2023-01-06;Tienda física;T008;E0045;8019;C0796;1;2;29,26;24,87
V07998;2022-09-17;Tienda física;T005;E0029;8015;C0668;1;1;12,96;12,96
V07999;2022-09-18;Online;ONLINE;ONLINE;28079;C0404;9;12;370,22;354,49
V08000;2022-10-15;Online;ONLINE;ONLINE;28006;C0422;1;1;20,65;19,62
